contact_time,threshold_value,point_name,fixed_point_x,fixed_point_y,fixed_point_z,tag_x,tag_y,tag_z,tag_id,distance,distance_ratio
2026-01-21 16:19:41.323,0.4,焊把钳下端,3.02,1.15,1.56,2.806,0.845,1.54,Tag 1,0.37312330401624605,0.9328082600406151
2026-01-21 16:19:41.373,0.4,焊把钳下端,3.02,1.15,1.56,2.806,0.845,1.54,Tag 1,0.37312330401624605,0.9328082600406151
2026-01-21 16:19:41.423,0.4,焊把钳下端,3.02,1.15,1.56,2.803,0.892,1.59,Tag 1,0.3384567919247595,0.8461419798118988
2026-01-21 16:19:41.472,0.4,焊把钳下端,3.02,1.15,1.56,2.803,0.892,1.59,Tag 1,0.3384567919247595,0.8461419798118988
2026-01-21 16:19:41.524,0.4,焊把钳下端,3.02,1.15,1.56,2.808,0.926,1.616,Tag 1,0.3134581311754411,0.7836453279386026
2026-01-21 16:19:41.573,0.4,焊把钳下端,3.02,1.15,1.56,2.808,0.926,1.616,Tag 1,0.3134581311754411,0.7836453279386026
2026-01-21 16:19:41.623,0.4,焊把钳下端,3.02,1.15,1.56,2.823,0.956,1.612,Tag 1,0.2813343206933701,0.7033358017334252
2026-01-21 16:19:41.673,0.4,焊把钳下端,3.02,1.15,1.56,2.823,0.956,1.612,Tag 1,0.2813343206933701,0.7033358017334252
2026-01-21 16:19:41.723,0.4,焊把钳下端,3.02,1.15,1.56,2.896,0.93,1.538,Tag 1,0.25349556209133123,0.633738905228328
2026-01-21 16:19:41.772,0.4,焊把钳下端,3.02,1.15,1.56,2.896,0.93,1.538,Tag 1,0.25349556209133123,0.633738905228328
2026-01-21 16:19:41.823,0.4,焊把钳下端,3.02,1.15,1.56,2.981,0.889,1.441,Tag 1,0.28948747814024695,0.7237186953506173
2026-01-21 16:19:41.872,0.4,焊把钳下端,3.02,1.15,1.56,2.981,0.889,1.441,Tag 1,0.28948747814024695,0.7237186953506173
2026-01-21 16:19:41.924,0.4,焊把钳下端,3.02,1.15,1.56,3.011,0.853,1.33,Tag 1,0.37575257816813434,0.9393814454203359
2026-01-21 16:19:41.973,0.4,焊把钳下端,3.02,1.15,1.56,3.011,0.853,1.33,Tag 1,0.37575257816813434,0.9393814454203359
2026-01-21 16:19:42.872,0.35,油箱顶部,2.86,0.42,0.25,2.851,0.411,0.57,Tag 0,0.32025302496619756,0.9150086427605645
2026-01-21 16:19:42.924,0.35,油箱顶部,2.86,0.42,0.25,2.851,0.411,0.57,Tag 0,0.32025302496619756,0.9150086427605645
2026-01-21 16:19:42.974,0.35,油箱顶部,2.86,0.42,0.25,2.853,0.423,0.542,Tag 0,0.2920992981847098,0.8345694233848853
2026-01-21 16:19:43.024,0.35,油箱顶部,2.86,0.42,0.25,2.853,0.423,0.542,Tag 0,0.2920992981847098,0.8345694233848853
2026-01-21 16:19:43.073,0.35,油箱顶部,2.86,0.42,0.25,2.852,0.433,0.52,Tag 0,0.27043113726048634,0.7726603921728181
2026-01-21 16:19:43.124,0.35,油箱顶部,2.86,0.42,0.25,2.852,0.433,0.52,Tag 0,0.27043113726048634,0.7726603921728181
2026-01-21 16:19:43.173,0.35,油箱顶部,2.86,0.42,0.25,2.85,0.442,0.508,Tag 0,0.2591293113486006,0.7403694609960019
2026-01-21 16:19:43.223,0.35,油箱顶部,2.86,0.42,0.25,2.85,0.442,0.508,Tag 0,0.2591293113486006,0.7403694609960019
2026-01-21 16:19:43.273,0.35,油箱顶部,2.86,0.42,0.25,2.845,0.449,0.508,Tag 0,0.2600576859083384,0.7430219597381097
2026-01-21 16:19:43.322,0.35,油箱顶部,2.86,0.42,0.25,2.845,0.449,0.508,Tag 0,0.2600576859083384,0.7430219597381097
2026-01-21 16:19:43.372,0.35,油箱顶部,2.86,0.42,0.25,2.838,0.455,0.515,Tag 0,0.26820514536451384,0.7663004153271824
2026-01-21 16:19:43.423,0.35,油箱顶部,2.86,0.42,0.25,2.838,0.455,0.515,Tag 0,0.26820514536451384,0.7663004153271824
2026-01-21 16:19:43.473,0.35,油箱顶部,2.86,0.42,0.25,2.829,0.462,0.533,Tag 0,0.2877742170521883,0.8222120487205381
2026-01-21 16:19:43.523,0.35,油箱顶部,2.86,0.42,0.25,2.829,0.462,0.533,Tag 0,0.2877742170521883,0.8222120487205381
2026-01-21 16:19:43.573,0.35,油箱顶部,2.86,0.42,0.25,2.818,0.473,0.556,Tag 0,0.31338315206788003,0.8953804344796573
2026-01-21 16:19:43.623,0.35,油箱顶部,2.86,0.42,0.25,2.818,0.473,0.556,Tag 0,0.31338315206788003,0.8953804344796573
2026-01-21 16:19:43.672,0.25,灭火器把手,2.84,0.69,0.5,2.806,0.482,0.584,Tag 0,0.22688322987827894,0.9075329195131158
2026-01-21 16:19:43.722,0.25,灭火器把手,2.84,0.69,0.5,2.806,0.482,0.584,Tag 0,0.22688322987827894,0.9075329195131158
2026-01-21 16:19:43.774,0.25,灭火器把手,2.84,0.69,0.5,2.793,0.493,0.612,Tag 0,0.23143465600467006,0.9257386240186802
2026-01-21 16:19:43.822,0.25,灭火器把手,2.84,0.69,0.5,2.793,0.493,0.612,Tag 0,0.23143465600467006,0.9257386240186802
2026-01-21 16:19:43.874,0.25,灭火器把手,2.84,0.69,0.5,2.781,0.503,0.635,Tag 0,0.23806511714234815,0.9522604685693926
2026-01-21 16:19:43.922,0.25,灭火器把手,2.84,0.69,0.5,2.781,0.503,0.635,Tag 0,0.23806511714234815,0.9522604685693926
2026-01-21 16:19:43.973,0.25,灭火器把手,2.84,0.69,0.5,2.773,0.513,0.66,Tag 0,0.2478265522497538,0.9913062089990152
2026-01-21 16:19:47.773,0.35,油箱顶部,2.86,0.42,0.25,2.757,0.146,0.39,Tag 0,0.3244765014604293,0.9270757184583694
2026-01-21 16:19:47.823,0.35,油箱顶部,2.86,0.42,0.25,2.757,0.146,0.39,Tag 0,0.3244765014604293,0.9270757184583694
2026-01-21 16:19:47.872,0.35,油箱顶部,2.86,0.42,0.25,2.775,0.154,0.367,Tag 0,0.3027705401785319,0.8650586862243769
2026-01-21 16:19:47.924,0.35,油箱顶部,2.86,0.42,0.25,2.775,0.154,0.367,Tag 0,0.3027705401785319,0.8650586862243769
2026-01-21 16:19:47.973,0.35,油箱顶部,2.86,0.42,0.25,2.783,0.161,0.351,Tag 0,0.2884631692261596,0.8241804835033132
2026-01-21 16:19:48.022,0.35,油箱顶部,2.86,0.42,0.25,2.783,0.161,0.351,Tag 0,0.2884631692261596,0.8241804835033132
2026-01-21 16:19:48.073,0.35,油箱顶部,2.86,0.42,0.25,2.784,0.164,0.343,Tag 0,0.28277376115898734,0.807925031882821
2026-01-21 16:19:48.123,0.35,油箱顶部,2.86,0.42,0.25,2.784,0.164,0.343,Tag 0,0.28277376115898734,0.807925031882821
2026-01-21 16:19:48.174,0.35,油箱顶部,2.86,0.42,0.25,2.775,0.168,0.347,Tag 0,0.28308655920053855,0.8088187405729673
2026-01-21 16:19:48.223,0.35,油箱顶部,2.86,0.42,0.25,2.775,0.168,0.347,Tag 0,0.28308655920053855,0.8088187405729673
2026-01-21 16:19:48.272,0.35,油箱顶部,2.86,0.42,0.25,2.762,0.164,0.365,Tag 0,0.297262510249779,0.8493214578565115
2026-01-21 16:19:48.322,0.35,油箱顶部,2.86,0.42,0.25,2.762,0.164,0.365,Tag 0,0.297262510249779,0.8493214578565115
2026-01-21 16:19:48.373,0.35,油箱顶部,2.86,0.42,0.25,2.746,0.15,0.395,Tag 0,0.32698776735529417,0.9342507638722691
2026-01-21 16:19:48.420,0.35,油箱顶部,2.86,0.42,0.25,2.746,0.15,0.395,Tag 0,0.32698776735529417,0.9342507638722691
2026-01-21 16:19:58.922,0.25,墙壁电源,2.44,2.57,0.97,2.361,2.39,1.03,Tag 1,0.20552615405344368,0.8221046162137747
2026-01-21 16:19:58.971,0.25,墙壁电源,2.44,2.57,0.97,2.361,2.39,1.03,Tag 1,0.20552615405344368,0.8221046162137747
2026-01-21 16:20:15.920,0.5,焊机电源,1.45,2.1,0.39,1.644,2.067,0.846,Tag 1,0.496649775999144,0.993299551998288
2026-01-21 16:20:15.971,0.5,焊机电源,1.45,2.1,0.39,1.644,2.067,0.846,Tag 1,0.496649775999144,0.993299551998288
2026-01-21 16:20:16.020,0.5,焊机电源,1.45,2.1,0.39,1.591,2.031,0.798,Tag 1,0.43715672246918497,0.8743134449383699
2026-01-21 16:20:16.071,0.5,焊机电源,1.45,2.1,0.39,1.591,2.031,0.798,Tag 1,0.43715672246918497,0.8743134449383699
2026-01-21 16:20:16.121,0.5,焊机电源,1.45,2.1,0.39,1.549,1.998,0.754,Tag 1,0.3907697531795418,0.7815395063590836
2026-01-21 16:20:16.171,0.5,焊机电源,1.45,2.1,0.39,1.549,1.998,0.754,Tag 1,0.3907697531795418,0.7815395063590836
2026-01-21 16:20:16.222,0.5,焊机电源,1.45,2.1,0.39,1.515,1.972,0.719,Tag 1,0.3589568219159513,0.7179136438319026
2026-01-21 16:20:16.271,0.5,焊机电源,1.45,2.1,0.39,1.515,1.972,0.719,Tag 1,0.3589568219159513,0.7179136438319026
2026-01-21 16:20:16.321,0.5,焊机电源,1.45,2.1,0.39,1.489,1.956,0.677,Tag 1,0.3234594255853431,0.6469188511706861
2026-01-21 16:20:16.371,0.5,焊机电源,1.45,2.1,0.39,1.489,1.956,0.677,Tag 1,0.3234594255853431,0.6469188511706861
2026-01-21 16:20:16.421,0.5,焊机电源,1.45,2.1,0.39,1.466,1.933,0.664,Tag 1,0.32128025149392553,0.6425605029878511
2026-01-21 16:20:16.471,0.5,焊机电源,1.45,2.1,0.39,1.466,1.933,0.664,Tag 1,0.32128025149392553,0.6425605029878511
2026-01-21 16:20:16.521,0.5,焊机电源,1.45,2.1,0.39,1.442,1.911,0.652,Tag 1,0.323154761685481,0.646309523370962
2026-01-21 16:20:16.571,0.5,焊机电源,1.45,2.1,0.39,1.442,1.911,0.652,Tag 1,0.323154761685481,0.646309523370962
2026-01-21 16:20:16.621,0.5,焊机电源,1.45,2.1,0.39,1.422,1.896,0.633,Tag 1,0.3185105963700424,0.6370211927400848
2026-01-21 16:20:16.671,0.5,焊机电源,1.45,2.1,0.39,1.422,1.896,0.633,Tag 1,0.3185105963700424,0.6370211927400848
2026-01-21 16:20:16.721,0.5,焊机电源,1.45,2.1,0.39,1.404,1.882,0.617,Tag 1,0.3180707468473014,0.6361414936946028
2026-01-21 16:20:16.771,0.5,焊机电源,1.45,2.1,0.39,1.404,1.882,0.617,Tag 1,0.3180707468473014,0.6361414936946028
2026-01-21 16:20:16.822,0.5,焊机电源,1.45,2.1,0.39,1.39,1.873,0.592,Tag 1,0.30973052804010137,0.6194610560802027
2026-01-21 16:20:16.871,0.5,焊机电源,1.45,2.1,0.39,1.39,1.873,0.592,Tag 1,0.30973052804010137,0.6194610560802027
2026-01-21 16:20:16.921,0.5,焊机电源,1.45,2.1,0.39,1.375,1.869,0.563,Tag 1,0.29818618344920006,0.5963723668984001
2026-01-21 16:20:16.971,0.5,焊机电源,1.45,2.1,0.39,1.375,1.869,0.563,Tag 1,0.29818618344920006,0.5963723668984001
2026-01-21 16:20:17.022,0.5,焊机电源,1.45,2.1,0.39,1.363,1.865,0.541,Tag 1,0.2925662318176861,0.5851324636353722
2026-01-21 16:20:17.071,0.5,焊机电源,1.45,2.1,0.39,1.363,1.865,0.541,Tag 1,0.2925662318176861,0.5851324636353722
2026-01-21 16:20:17.122,0.5,焊机电源,1.45,2.1,0.39,1.354,1.852,0.556,Tag 1,0.3134900317394478,0.6269800634788956
2026-01-21 16:20:17.170,0.5,焊机电源,1.45,2.1,0.39,1.354,1.852,0.556,Tag 1,0.3134900317394478,0.6269800634788956
2026-01-21 16:20:17.222,0.5,焊机电源,1.45,2.1,0.39,1.345,1.84,0.574,Tag 1,0.3353818719012701,0.6707637438025402
2026-01-21 16:20:17.272,0.5,焊机电源,1.45,2.1,0.39,1.345,1.84,0.574,Tag 1,0.3353818719012701,0.6707637438025402
2026-01-21 16:20:17.322,0.5,焊机电源,1.45,2.1,0.39,1.336,1.829,0.594,Tag 1,0.3578449384859314,0.7156898769718628
2026-01-21 16:20:17.371,0.5,焊机电源,1.45,2.1,0.39,1.336,1.829,0.594,Tag 1,0.3578449384859314,0.7156898769718628
2026-01-21 16:20:17.421,0.5,焊机电源,1.45,2.1,0.39,1.326,1.819,0.621,Tag 1,0.38431497498796485,0.7686299499759297
2026-01-21 16:20:17.470,0.5,焊机电源,1.45,2.1,0.39,1.326,1.819,0.621,Tag 1,0.38431497498796485,0.7686299499759297
2026-01-21 16:20:17.519,0.5,焊机电源,1.45,2.1,0.39,1.318,1.81,0.647,Tag 1,0.40935681257309003,0.8187136251461801
2026-01-21 16:20:17.571,0.5,焊机电源,1.45,2.1,0.39,1.318,1.81,0.647,Tag 1,0.40935681257309003,0.8187136251461801
2026-01-21 16:20:17.620,0.5,焊机电源,1.45,2.1,0.39,1.307,1.807,0.661,Tag 1,0.42395636567929973,0.8479127313585995
2026-01-21 16:20:17.670,0.5,焊机电源,1.45,2.1,0.39,1.307,1.807,0.661,Tag 1,0.42395636567929973,0.8479127313585995
2026-01-21 16:20:17.721,0.5,焊机电源,1.45,2.1,0.39,1.294,1.821,0.643,Tag 1,0.407659171367455,0.81531834273491
2026-01-21 16:20:17.771,0.5,焊机电源,1.45,2.1,0.39,1.294,1.821,0.643,Tag 1,0.407659171367455,0.81531834273491
2026-01-21 16:20:17.821,0.5,焊机电源,1.45,2.1,0.39,1.281,1.836,0.631,Tag 1,0.39539600402634323,0.7907920080526865
2026-01-21 16:20:17.871,0.5,焊机电源,1.45,2.1,0.39,1.281,1.836,0.631,Tag 1,0.39539600402634323,0.7907920080526865
2026-01-21 16:20:17.922,0.5,焊机电源,1.45,2.1,0.39,1.275,1.837,0.654,Tag 1,0.4116916321714592,0.8233832643429184
2026-01-21 16:20:17.972,0.5,焊机电源,1.45,2.1,0.39,1.275,1.837,0.654,Tag 1,0.4116916321714592,0.8233832643429184
2026-01-21 16:20:18.020,0.5,焊机电源,1.45,2.1,0.39,1.268,1.832,0.69,Tag 1,0.4415291609848663,0.8830583219697326
2026-01-21 16:20:18.070,0.5,焊机电源,1.45,2.1,0.39,1.268,1.832,0.69,Tag 1,0.4415291609848663,0.8830583219697326
2026-01-21 16:20:23.320,0.5,焊机电源,1.45,2.1,0.39,1.648,2.475,0.632,Tag 1,0.4882550562974233,0.9765101125948465
2026-01-21 16:20:23.370,0.5,焊机电源,1.45,2.1,0.39,1.648,2.475,0.632,Tag 1,0.4882550562974233,0.9765101125948465
2026-01-21 16:20:23.420,0.5,焊机电源,1.45,2.1,0.39,1.564,2.536,0.466,Tag 1,0.45702078727340184,0.9140415745468037
2026-01-21 16:20:23.470,0.5,焊机电源,1.45,2.1,0.39,1.564,2.536,0.466,Tag 1,0.45702078727340184,0.9140415745468037
2026-01-21 16:20:23.521,0.5,焊机电源,1.45,2.1,0.39,1.479,2.588,0.308,Tag 1,0.4956904275856051,0.9913808551712102
2026-01-21 16:20:23.572,0.5,焊机电源,1.45,2.1,0.39,1.479,2.588,0.308,Tag 1,0.4956904275856051,0.9913808551712102
2026-01-21 16:20:24.021,0.5,焊机电源,1.45,2.1,0.39,1.316,2.58,0.426,Tag 1,0.4996518788116382,0.9993037576232764
2026-01-21 16:20:24.069,0.5,焊机电源,1.45,2.1,0.39,1.316,2.58,0.426,Tag 1,0.4996518788116382,0.9993037576232764
2026-01-21 16:20:24.119,0.5,焊机电源,1.45,2.1,0.39,1.325,2.545,0.565,Tag 1,0.4942418436352793,0.9884836872705586
2026-01-21 16:20:24.171,0.5,焊机电源,1.45,2.1,0.39,1.325,2.545,0.565,Tag 1,0.4942418436352793,0.9884836872705586
2026-01-21 16:20:24.470,0.5,电压电流旋钮,1.56,1.5,0.37,1.577,1.42,0.828,Tag 0,0.4652450966963542,0.9304901933927084
2026-01-21 16:20:24.521,0.5,电压电流旋钮,1.56,1.5,0.37,1.577,1.42,0.828,Tag 0,0.4652450966963542,0.9304901933927084
2026-01-21 16:20:24.571,0.5,电压电流旋钮,1.56,1.5,0.37,1.551,1.443,0.778,Tag 0,0.41206067514384337,0.8241213502876867
2026-01-21 16:20:24.621,0.5,电压电流旋钮,1.56,1.5,0.37,1.551,1.443,0.778,Tag 0,0.41206067514384337,0.8241213502876867
2026-01-21 16:20:24.671,0.5,电压电流旋钮,1.56,1.5,0.37,1.531,1.457,0.744,Tag 0,0.3775791307792315,0.755158261558463
2026-01-21 16:20:24.720,0.5,电压电流旋钮,1.56,1.5,0.37,1.531,1.457,0.744,Tag 0,0.3775791307792315,0.755158261558463
2026-01-21 16:20:24.770,0.5,电压电流旋钮,1.56,1.5,0.37,1.517,1.452,0.746,Tag 0,0.38148263394288345,0.7629652678857669
2026-01-21 16:20:24.819,0.5,电压电流旋钮,1.56,1.5,0.37,1.517,1.452,0.746,Tag 0,0.38148263394288345,0.7629652678857669
2026-01-21 16:20:24.871,0.5,电压电流旋钮,1.56,1.5,0.37,1.509,1.439,0.757,Tag 0,0.39508353547066477,0.7901670709413295
2026-01-21 16:20:24.921,0.5,电压电流旋钮,1.56,1.5,0.37,1.509,1.439,0.757,Tag 0,0.39508353547066477,0.7901670709413295
2026-01-21 16:20:24.970,0.5,电压电流旋钮,1.56,1.5,0.37,1.506,1.425,0.776,Tag 0,0.41638563856117805,0.8327712771223561
2026-01-21 16:20:25.020,0.5,电压电流旋钮,1.56,1.5,0.37,1.506,1.425,0.776,Tag 0,0.41638563856117805,0.8327712771223561
2026-01-21 16:20:25.071,0.5,电压电流旋钮,1.56,1.5,0.37,1.512,1.391,0.821,Tag 0,0.46646114522004933,0.9329222904400987
2026-01-21 16:20:25.120,0.5,电压电流旋钮,1.56,1.5,0.37,1.512,1.391,0.821,Tag 0,0.46646114522004933,0.9329222904400987
2026-01-21 16:20:28.121,0.5,焊机电源,1.45,2.1,0.39,1.516,2.446,0.305,Tag 1,0.3623492790112878,0.7246985580225755
2026-01-21 16:20:28.169,0.5,焊机电源,1.45,2.1,0.39,1.516,2.446,0.305,Tag 1,0.3623492790112878,0.7246985580225755
2026-01-21 16:20:28.222,0.5,焊机电源,1.45,2.1,0.39,1.563,2.287,0.481,Tag 1,0.23668333274652004,0.4733666654930401
2026-01-21 16:20:28.270,0.5,焊机电源,1.45,2.1,0.39,1.563,2.287,0.481,Tag 1,0.23668333274652004,0.4733666654930401
2026-01-21 16:20:28.321,0.5,焊机电源,1.45,2.1,0.39,1.635,2.136,0.654,Tag 1,0.3243717003685741,0.6487434007371482
2026-01-21 16:20:28.371,0.5,焊机电源,1.45,2.1,0.39,1.635,2.136,0.654,Tag 1,0.3243717003685741,0.6487434007371482
2026-01-21 16:20:29.021,0.5,接地夹下端,3.02,1.53,1.61,2.707,1.421,1.385,Tag 1,0.4005933099790861,0.8011866199581722
2026-01-21 16:20:29.072,0.5,接地夹下端,3.02,1.53,1.61,2.707,1.421,1.385,Tag 1,0.4005933099790861,0.8011866199581722
2026-01-21 16:20:29.121,0.5,接地夹下端,3.02,1.53,1.61,2.882,1.396,1.441,Tag 1,0.25604882346927516,0.5120976469385503
2026-01-21 16:20:29.171,0.5,接地夹下端,3.02,1.53,1.61,2.882,1.396,1.441,Tag 1,0.25604882346927516,0.5120976469385503
2026-01-21 16:20:29.222,0.5,接地夹下端,3.02,1.53,1.61,3.041,1.377,1.486,Tag 1,0.19805554776375245,0.3961110955275049
2026-01-21 16:20:29.270,0.5,接地夹下端,3.02,1.53,1.61,3.041,1.377,1.486,Tag 1,0.19805554776375245,0.3961110955275049
2026-01-21 16:20:29.320,0.5,接地夹下端,3.02,1.53,1.61,3.155,1.368,1.514,Tag 1,0.2317002373757954,0.4634004747515908
2026-01-21 16:20:29.370,0.5,接地夹下端,3.02,1.53,1.61,3.155,1.368,1.514,Tag 1,0.2317002373757954,0.4634004747515908
2026-01-21 16:20:29.420,0.5,接地夹下端,3.02,1.53,1.61,3.266,1.377,1.514,Tag 1,0.3051901046888644,0.6103802093777289
2026-01-21 16:20:29.470,0.5,接地夹下端,3.02,1.53,1.61,3.266,1.377,1.514,Tag 1,0.3051901046888644,0.6103802093777289
2026-01-21 16:20:29.521,0.5,接地夹下端,3.02,1.53,1.61,3.387,1.387,1.489,Tag 1,0.4120424735388331,0.8240849470776662
2026-01-21 16:20:29.569,0.5,接地夹下端,3.02,1.53,1.61,3.387,1.387,1.489,Tag 1,0.4120424735388331,0.8240849470776662
2026-01-21 16:20:34.119,0.5,接地夹下端,3.02,1.53,1.61,3.435,1.307,1.665,Tag 1,0.4743195125651063,0.9486390251302126
2026-01-21 16:20:34.170,0.5,接地夹下端,3.02,1.53,1.61,3.435,1.307,1.665,Tag 1,0.4743195125651063,0.9486390251302126
2026-01-21 16:20:34.221,0.5,接地夹下端,3.02,1.53,1.61,3.348,1.3,1.703,Tag 1,0.41125782667324384,0.8225156533464877
2026-01-21 16:20:34.270,0.5,接地夹下端,3.02,1.53,1.61,3.348,1.3,1.703,Tag 1,0.41125782667324384,0.8225156533464877
2026-01-21 16:20:34.320,0.5,接地夹下端,3.02,1.53,1.61,3.278,1.293,1.737,Tag 1,0.3726419192737178,0.7452838385474356
2026-01-21 16:20:34.371,0.5,接地夹下端,3.02,1.53,1.61,3.278,1.293,1.737,Tag 1,0.3726419192737178,0.7452838385474356
2026-01-21 16:20:34.420,0.5,接地夹下端,3.02,1.53,1.61,3.23,1.285,1.762,Tag 1,0.35669174366671286,0.7133834873334257
2026-01-21 16:20:34.470,0.5,接地夹下端,3.02,1.53,1.61,3.23,1.285,1.762,Tag 1,0.35669174366671286,0.7133834873334257
2026-01-21 16:20:34.521,0.5,接地夹下端,3.02,1.53,1.61,3.198,1.271,1.783,Tag 1,0.35873945977547544,0.7174789195509509
2026-01-21 16:20:34.570,0.5,接地夹下端,3.02,1.53,1.61,3.198,1.271,1.783,Tag 1,0.35873945977547544,0.7174789195509509
2026-01-21 16:20:34.620,0.5,接地夹下端,3.02,1.53,1.61,3.173,1.258,1.801,Tag 1,0.3658879609935259,0.7317759219870518
2026-01-21 16:20:34.672,0.5,接地夹下端,3.02,1.53,1.61,3.173,1.258,1.801,Tag 1,0.3658879609935259,0.7317759219870518
2026-01-21 16:20:34.721,0.5,接地夹下端,3.02,1.53,1.61,3.158,1.245,1.816,Tag 1,0.37776315331170124,0.7555263066234025
2026-01-21 16:20:34.770,0.5,接地夹下端,3.02,1.53,1.61,3.158,1.245,1.816,Tag 1,0.37776315331170124,0.7555263066234025
2026-01-21 16:20:34.821,0.4,焊把钳下端,3.02,1.15,1.56,3.159,1.233,1.822,Tag 1,0.30798376580592685,0.7699594145148171
2026-01-21 16:20:34.870,0.4,焊把钳下端,3.02,1.15,1.56,3.159,1.233,1.822,Tag 1,0.30798376580592685,0.7699594145148171
2026-01-21 16:20:34.921,0.4,焊把钳下端,3.02,1.15,1.56,3.161,1.229,1.825,Tag 1,0.3103981314376747,0.7759953285941867
2026-01-21 16:20:34.971,0.4,焊把钳下端,3.02,1.15,1.56,3.161,1.229,1.825,Tag 1,0.3103981314376747,0.7759953285941867
2026-01-21 16:20:35.021,0.4,焊把钳下端,3.02,1.15,1.56,3.157,1.229,1.83,Tag 1,0.3129057366044925,0.7822643415112313
2026-01-21 16:20:35.070,0.4,焊把钳下端,3.02,1.15,1.56,3.157,1.229,1.83,Tag 1,0.3129057366044925,0.7822643415112313
2026-01-21 16:20:35.122,0.5,接地夹下端,3.02,1.53,1.61,3.148,1.236,1.833,Tag 1,0.39057521682769375,0.7811504336553875
2026-01-21 16:20:35.170,0.5,接地夹下端,3.02,1.53,1.61,3.148,1.236,1.833,Tag 1,0.39057521682769375,0.7811504336553875
2026-01-21 16:20:35.221,0.5,接地夹下端,3.02,1.53,1.61,3.129,1.244,1.839,Tag 1,0.38225384236132925,0.7645076847226585
2026-01-21 16:20:35.272,0.5,接地夹下端,3.02,1.53,1.61,3.129,1.244,1.839,Tag 1,0.38225384236132925,0.7645076847226585
2026-01-21 16:20:35.322,0.5,接地夹下端,3.02,1.53,1.61,3.105,1.249,1.848,Tag 1,0.3779285646785645,0.755857129357129
2026-01-21 16:20:35.370,0.5,接地夹下端,3.02,1.53,1.61,3.105,1.249,1.848,Tag 1,0.3779285646785645,0.755857129357129
2026-01-21 16:20:35.420,0.5,接地夹下端,3.02,1.53,1.61,3.093,1.257,1.856,Tag 1,0.374665183864207,0.749330367728414
2026-01-21 16:20:35.471,0.5,接地夹下端,3.02,1.53,1.61,3.093,1.257,1.856,Tag 1,0.374665183864207,0.749330367728414
2026-01-21 16:20:35.520,0.5,接地夹下端,3.02,1.53,1.61,3.091,1.273,1.872,Tag 1,0.3738101122227703,0.7476202244455405
2026-01-21 16:20:35.571,0.5,接地夹下端,3.02,1.53,1.61,3.091,1.273,1.872,Tag 1,0.3738101122227703,0.7476202244455405
2026-01-21 16:20:35.620,0.5,接地夹下端,3.02,1.53,1.61,3.087,1.319,1.9,Tag 1,0.3648424317428004,0.7296848634856008
2026-01-21 16:20:35.670,0.5,接地夹下端,3.02,1.53,1.61,3.087,1.319,1.9,Tag 1,0.3648424317428004,0.7296848634856008
2026-01-21 16:20:35.720,0.5,接地夹下端,3.02,1.53,1.61,3.082,1.393,1.939,Tag 1,0.3617374738674443,0.7234749477348886
2026-01-21 16:20:35.770,0.5,接地夹下端,3.02,1.53,1.61,3.082,1.393,1.939,Tag 1,0.3617374738674443,0.7234749477348886
2026-01-21 16:20:35.820,0.5,接地夹下端,3.02,1.53,1.61,3.084,1.486,1.982,Tag 1,0.3800210520484358,0.7600421040968716
2026-01-21 16:20:35.871,0.5,接地夹下端,3.02,1.53,1.61,3.084,1.486,1.982,Tag 1,0.3800210520484358,0.7600421040968716
2026-01-21 16:20:35.919,0.5,接地夹下端,3.02,1.53,1.61,3.087,1.598,2.029,Tag 1,0.4297371289521071,0.8594742579042142
2026-01-21 16:20:35.970,0.5,接地夹下端,3.02,1.53,1.61,3.087,1.598,2.029,Tag 1,0.4297371289521071,0.8594742579042142
2026-01-21 16:20:36.820,0.4,焊把钳下端,3.02,1.15,1.56,3.065,1.008,1.766,Tag 1,0.2542144763777231,0.6355361909443077
2026-01-21 16:20:36.870,0.4,焊把钳下端,3.02,1.15,1.56,3.065,1.008,1.766,Tag 1,0.2542144763777231,0.6355361909443077
2026-01-21 16:20:36.921,0.4,焊把钳下端,3.02,1.15,1.56,3.03,0.944,1.752,Tag 1,0.2817800560721073,0.7044501401802683
2026-01-21 16:20:36.970,0.4,焊把钳下端,3.02,1.15,1.56,3.03,0.944,1.752,Tag 1,0.2817800560721073,0.7044501401802683
2026-01-21 16:20:37.021,0.4,焊把钳下端,3.02,1.15,1.56,2.998,0.889,1.742,Tag 1,0.31894983931646664,0.7973745982911665
2026-01-21 16:20:37.071,0.4,焊把钳下端,3.02,1.15,1.56,2.998,0.889,1.742,Tag 1,0.31894983931646664,0.7973745982911665
2026-01-21 16:20:37.121,0.4,焊把钳下端,3.02,1.15,1.56,2.974,0.842,1.736,Tag 1,0.357709379245219,0.8942734481130474
2026-01-21 16:20:37.171,0.4,焊把钳下端,3.02,1.15,1.56,2.974,0.842,1.736,Tag 1,0.357709379245219,0.8942734481130474
2026-01-21 16:20:37.222,0.4,焊把钳下端,3.02,1.15,1.56,2.963,0.791,1.726,Tag 1,0.39960730724049565,0.9990182681012391
2026-01-21 16:20:37.271,0.4,焊把钳下端,3.02,1.15,1.56,2.963,0.791,1.726,Tag 1,0.39960730724049565,0.9990182681012391
2026-01-21 16:20:37.419,0.5,接地夹下端,3.02,1.53,1.61,2.942,1.421,2.049,Tag 1,0.4590054465907783,0.9180108931815566
2026-01-21 16:20:37.470,0.5,接地夹下端,3.02,1.53,1.61,2.942,1.421,2.049,Tag 1,0.4590054465907783,0.9180108931815566
2026-01-21 16:20:37.519,0.5,接地夹下端,3.02,1.53,1.61,2.943,1.386,2.037,Tag 1,0.4571586157998117,0.9143172315996234
2026-01-21 16:20:37.572,0.5,接地夹下端,3.02,1.53,1.61,2.943,1.386,2.037,Tag 1,0.4571586157998117,0.9143172315996234
2026-01-21 16:20:37.619,0.5,接地夹下端,3.02,1.53,1.61,2.947,1.354,2.021,Tag 1,0.45301876340831604,0.9060375268166321
2026-01-21 16:20:37.670,0.5,接地夹下端,3.02,1.53,1.61,2.947,1.354,2.021,Tag 1,0.45301876340831604,0.9060375268166321
2026-01-21 16:20:37.721,0.5,接地夹下端,3.02,1.53,1.61,2.952,1.332,2.003,Tag 1,0.4452830560441302,0.8905661120882604
2026-01-21 16:20:37.770,0.5,接地夹下端,3.02,1.53,1.61,2.952,1.332,2.003,Tag 1,0.4452830560441302,0.8905661120882604
2026-01-21 16:20:37.820,0.5,接地夹下端,3.02,1.53,1.61,2.956,1.313,1.984,Tag 1,0.4371052504832217,0.8742105009664434
2026-01-21 16:20:37.871,0.5,接地夹下端,3.02,1.53,1.61,2.956,1.313,1.984,Tag 1,0.4371052504832217,0.8742105009664434
2026-01-21 16:20:37.920,0.5,接地夹下端,3.02,1.53,1.61,2.956,1.296,1.967,Tag 1,0.4316259955100017,0.8632519910200034
2026-01-21 16:20:37.970,0.5,接地夹下端,3.02,1.53,1.61,2.956,1.296,1.967,Tag 1,0.4316259955100017,0.8632519910200034
2026-01-21 16:20:38.020,0.5,接地夹下端,3.02,1.53,1.61,2.955,1.279,1.951,Tag 1,0.42837717026004085,0.8567543405200817
2026-01-21 16:20:38.070,0.5,接地夹下端,3.02,1.53,1.61,2.955,1.279,1.951,Tag 1,0.42837717026004085,0.8567543405200817
2026-01-21 16:20:38.120,0.5,接地夹下端,3.02,1.53,1.61,2.954,1.274,1.934,Tag 1,0.4181722133284323,0.8363444266568646
2026-01-21 16:20:38.171,0.5,接地夹下端,3.02,1.53,1.61,2.954,1.274,1.934,Tag 1,0.4181722133284323,0.8363444266568646
2026-01-21 16:20:38.219,0.5,接地夹下端,3.02,1.53,1.61,2.952,1.278,1.915,Tag 1,0.401438662811643,0.802877325623286
2026-01-21 16:20:38.270,0.5,接地夹下端,3.02,1.53,1.61,2.952,1.278,1.915,Tag 1,0.401438662811643,0.802877325623286
2026-01-21 16:20:38.320,0.5,接地夹下端,3.02,1.53,1.61,3.103,1.277,1.872,Tag 1,0.37355320906130646,0.7471064181226129
2026-01-21 16:20:38.369,0.5,接地夹下端,3.02,1.53,1.61,3.103,1.277,1.872,Tag 1,0.37355320906130646,0.7471064181226129
2026-01-21 16:20:38.420,0.4,焊把钳下端,3.02,1.15,1.56,3.257,1.182,1.869,Tag 1,0.3907352044543722,0.9768380111359305
2026-01-21 16:20:38.470,0.4,焊把钳下端,3.02,1.15,1.56,3.257,1.182,1.869,Tag 1,0.3907352044543722,0.9768380111359305
2026-01-21 16:20:39.271,0.4,焊把钳下端,3.02,1.15,1.56,3.258,1.243,1.607,Tag 0,0.25981147010861555,0.6495286752715388
2026-01-21 16:20:39.319,0.4,焊把钳下端,3.02,1.15,1.56,3.258,1.243,1.607,Tag 0,0.25981147010861555,0.6495286752715388
2026-01-21 16:20:39.370,0.4,焊把钳下端,3.02,1.15,1.56,3.128,1.271,1.627,Tag 0,0.17548219282878824,0.4387054820719706
2026-01-21 16:20:39.419,0.4,焊把钳下端,3.02,1.15,1.56,3.128,1.271,1.627,Tag 0,0.17548219282878824,0.4387054820719706
2026-01-21 16:20:39.470,0.4,焊把钳下端,3.02,1.15,1.56,2.995,1.299,1.637,Tag 0,0.16957299313275093,0.4239324828318773
2026-01-21 16:20:39.521,0.4,焊把钳下端,3.02,1.15,1.56,2.995,1.299,1.637,Tag 0,0.16957299313275093,0.4239324828318773
2026-01-21 16:20:39.521,0.5,接地夹下端,3.02,1.53,1.61,2.771,1.596,2.029,Tag 1,0.4918516036367066,0.9837032072734132
2026-01-21 16:20:39.571,0.5,接地夹下端,3.02,1.53,1.61,2.889,1.329,1.623,Tag 0,0.24027276166890013,0.48054552333780026
2026-01-21 16:20:39.571,0.5,接地夹下端,3.02,1.53,1.61,2.771,1.596,2.029,Tag 1,0.4918516036367066,0.9837032072734132
2026-01-21 16:20:39.620,0.5,接地夹下端,3.02,1.53,1.61,2.889,1.329,1.623,Tag 0,0.24027276166890013,0.48054552333780026
2026-01-21 16:20:39.671,0.5,接地夹下端,3.02,1.53,1.61,2.831,1.33,1.567,Tag 0,0.27851391347650845,0.5570278269530169
2026-01-21 16:20:39.719,0.5,接地夹下端,3.02,1.53,1.61,2.831,1.33,1.567,Tag 0,0.27851391347650845,0.5570278269530169
2026-01-21 16:20:39.820,0.5,接地夹下端,3.02,1.53,1.61,2.831,1.33,1.567,Tag 0,0.27851391347650845,0.5570278269530169
2026-01-21 16:20:39.871,0.5,接地夹下端,3.02,1.53,1.61,2.786,1.345,1.502,Tag 0,0.31724596136121264,0.6344919227224253
2026-01-21 16:20:39.919,0.5,接地夹下端,3.02,1.53,1.61,2.786,1.345,1.502,Tag 0,0.31724596136121264,0.6344919227224253
2026-01-21 16:20:39.970,0.5,接地夹下端,3.02,1.53,1.61,2.748,1.353,1.441,Tag 0,0.3658879609935259,0.7317759219870518
2026-01-21 16:20:40.021,0.5,接地夹下端,3.02,1.53,1.61,2.748,1.353,1.441,Tag 0,0.3658879609935259,0.7317759219870518
2026-01-21 16:20:40.071,0.5,接地夹下端,3.02,1.53,1.61,2.716,1.359,1.383,Tag 0,0.4161562206671912,0.8323124413343824
2026-01-21 16:20:40.121,0.5,接地夹下端,3.02,1.53,1.61,2.716,1.359,1.383,Tag 0,0.4161562206671912,0.8323124413343824
2026-01-21 16:20:40.170,0.5,接地夹下端,3.02,1.53,1.61,2.689,1.367,1.329,Tag 0,0.4637790422173042,0.9275580844346084
2026-01-21 16:20:40.220,0.5,接地夹下端,3.02,1.53,1.61,2.689,1.367,1.329,Tag 0,0.4637790422173042,0.9275580844346084
2026-01-21 16:20:49.970,0.25,墙壁电源,2.44,2.57,0.97,2.331,2.628,0.767,Tag 0,0.2376005050499683,0.9504020201998732
2026-01-21 16:20:50.019,0.25,墙壁电源,2.44,2.57,0.97,2.331,2.628,0.767,Tag 0,0.2376005050499683,0.9504020201998732
2026-01-21 16:20:50.071,0.25,墙壁电源,2.44,2.57,0.97,2.359,2.606,0.77,Tag 0,0.2187624282183757,0.8750497128735027
2026-01-21 16:20:50.120,0.25,墙壁电源,2.44,2.57,0.97,2.359,2.606,0.77,Tag 0,0.2187624282183757,0.8750497128735027
2026-01-21 16:20:50.170,0.25,墙壁电源,2.44,2.57,0.97,2.375,2.595,0.765,Tag 0,0.21650635094610965,0.8660254037844386
2026-01-21 16:20:50.220,0.25,墙壁电源,2.44,2.57,0.97,2.375,2.595,0.765,Tag 0,0.21650635094610965,0.8660254037844386
2026-01-21 16:20:50.271,0.25,墙壁电源,2.44,2.57,0.97,2.389,2.585,0.764,Tag 0,0.2127486780217447,0.8509947120869789
2026-01-21 16:20:50.319,0.25,墙壁电源,2.44,2.57,0.97,2.389,2.585,0.764,Tag 0,0.2127486780217447,0.8509947120869789
2026-01-21 16:20:50.371,0.25,墙壁电源,2.44,2.57,0.97,2.403,2.573,0.773,Tag 0,0.2004669548828434,0.8018678195313736
2026-01-21 16:20:50.419,0.25,墙壁电源,2.44,2.57,0.97,2.403,2.573,0.773,Tag 0,0.2004669548828434,0.8018678195313736
2026-01-21 16:20:50.470,0.25,墙壁电源,2.44,2.57,0.97,2.408,2.565,0.785,Tag 0,0.18781373751672154,0.7512549500668861
2026-01-21 16:20:50.519,0.25,墙壁电源,2.44,2.57,0.97,2.408,2.565,0.785,Tag 0,0.18781373751672154,0.7512549500668861
2026-01-21 16:20:50.571,0.25,墙壁电源,2.44,2.57,0.97,2.413,2.555,0.801,Tag 0,0.17179930151196765,0.6871972060478706
2026-01-21 16:20:50.621,0.25,墙壁电源,2.44,2.57,0.97,2.413,2.555,0.801,Tag 0,0.17179930151196765,0.6871972060478706
2026-01-21 16:20:50.670,0.25,墙壁电源,2.44,2.57,0.97,2.419,2.546,0.819,Tag 0,0.15433081351434652,0.6173232540573861
2026-01-21 16:20:50.721,0.25,墙壁电源,2.44,2.57,0.97,2.419,2.546,0.819,Tag 0,0.15433081351434652,0.6173232540573861
2026-01-21 16:20:50.721,0.25,墙壁电源,2.44,2.57,0.97,2.512,2.736,0.841,Tag 1,0.22221836107756743,0.8888734443102697
2026-01-21 16:20:50.771,0.25,墙壁电源,2.44,2.57,0.97,2.426,2.537,0.837,Tag 0,0.13774614332169155,0.5509845732867662
2026-01-21 16:20:50.771,0.25,墙壁电源,2.44,2.57,0.97,2.512,2.736,0.841,Tag 1,0.22221836107756743,0.8888734443102697
2026-01-21 16:20:50.819,0.25,墙壁电源,2.44,2.57,0.97,2.426,2.537,0.837,Tag 0,0.13774614332169155,0.5509845732867662
2026-01-21 16:20:50.819,0.25,墙壁电源,2.44,2.57,0.97,2.53,2.664,0.939,Tag 1,0.1337796696064093,0.5351186784256372
2026-01-21 16:20:50.870,0.25,墙壁电源,2.44,2.57,0.97,2.43,2.535,0.85,Tag 0,0.12539936203984442,0.5015974481593777
2026-01-21 16:20:50.870,0.25,墙壁电源,2.44,2.57,0.97,2.53,2.664,0.939,Tag 1,0.1337796696064093,0.5351186784256372
2026-01-21 16:20:50.921,0.25,墙壁电源,2.44,2.57,0.97,2.43,2.535,0.85,Tag 0,0.12539936203984442,0.5015974481593777
2026-01-21 16:20:50.921,0.25,墙壁电源,2.44,2.57,0.97,2.53,2.604,1.006,Tag 1,0.10272292830717004,0.4108917132286802
2026-01-21 16:20:50.970,0.25,墙壁电源,2.44,2.57,0.97,2.434,2.535,0.868,Tag 0,0.10800462953040472,0.4320185181216189
2026-01-21 16:20:50.970,0.25,墙壁电源,2.44,2.57,0.97,2.53,2.604,1.006,Tag 1,0.10272292830717004,0.4108917132286802
2026-01-21 16:20:51.021,0.25,墙壁电源,2.44,2.57,0.97,2.434,2.535,0.868,Tag 0,0.10800462953040472,0.4320185181216189
2026-01-21 16:20:51.021,0.25,墙壁电源,2.44,2.57,0.97,2.521,2.554,1.064,Tag 1,0.12511194986890745,0.5004477994756298
2026-01-21 16:20:51.070,0.25,墙壁电源,2.44,2.57,0.97,2.441,2.535,0.883,Tag 0,0.0937816613203241,0.3751266452812964
2026-01-21 16:20:51.071,0.25,墙壁电源,2.44,2.57,0.97,2.521,2.554,1.064,Tag 1,0.12511194986890745,0.5004477994756298
2026-01-21 16:20:51.120,0.25,墙壁电源,2.44,2.57,0.97,2.441,2.535,0.883,Tag 0,0.0937816613203241,0.3751266452812964
2026-01-21 16:20:51.120,0.25,墙壁电源,2.44,2.57,0.97,2.516,2.499,1.135,Tag 1,0.195043584872715,0.78017433949086
2026-01-21 16:20:51.169,0.25,墙壁电源,2.44,2.57,0.97,2.45,2.535,0.898,Tag 0,0.08067837380611967,0.3227134952244787
2026-01-21 16:20:51.169,0.25,墙壁电源,2.44,2.57,0.97,2.516,2.499,1.135,Tag 1,0.195043584872715,0.78017433949086
2026-01-21 16:20:51.220,0.25,墙壁电源,2.44,2.57,0.97,2.45,2.535,0.898,Tag 0,0.08067837380611967,0.3227134952244787
2026-01-21 16:20:51.220,0.25,墙壁电源,2.44,2.57,0.97,2.407,2.57,1.208,Tag 1,0.24027692356945138,0.9611076942778055
2026-01-21 16:20:51.271,0.25,墙壁电源,2.44,2.57,0.97,2.457,2.535,0.915,Tag 0,0.06737210105080566,0.2694884042032226
2026-01-21 16:20:51.271,0.25,墙壁电源,2.44,2.57,0.97,2.407,2.57,1.208,Tag 1,0.24027692356945138,0.9611076942778055
2026-01-21 16:20:51.321,0.25,墙壁电源,2.44,2.57,0.97,2.457,2.535,0.915,Tag 0,0.06737210105080566,0.2694884042032226
2026-01-21 16:20:51.371,0.25,墙壁电源,2.44,2.57,0.97,2.465,2.532,0.932,Tag 0,0.05927056605094957,0.23708226420379827
2026-01-21 16:20:51.419,0.25,墙壁电源,2.44,2.57,0.97,2.465,2.532,0.932,Tag 0,0.05927056605094957,0.23708226420379827
2026-01-21 16:20:51.469,0.25,墙壁电源,2.44,2.57,0.97,2.473,2.528,0.948,Tag 0,0.05776677245614455,0.2310670898245782
2026-01-21 16:20:51.519,0.25,墙壁电源,2.44,2.57,0.97,2.473,2.528,0.948,Tag 0,0.05776677245614455,0.2310670898245782
2026-01-21 16:20:51.569,0.25,墙壁电源,2.44,2.57,0.97,2.479,2.528,0.951,Tag 0,0.06038211655780208,0.24152846623120833
2026-01-21 16:20:51.618,0.25,墙壁电源,2.44,2.57,0.97,2.479,2.528,0.951,Tag 0,0.06038211655780208,0.24152846623120833
2026-01-21 16:20:51.671,0.25,墙壁电源,2.44,2.57,0.97,2.488,2.525,0.955,Tag 0,0.06748333127521194,0.2699333251008478
2026-01-21 16:20:51.719,0.25,墙壁电源,2.44,2.57,0.97,2.488,2.525,0.955,Tag 0,0.06748333127521194,0.2699333251008478
2026-01-21 16:20:52.369,0.25,墙壁电源,2.44,2.57,0.97,2.522,2.54,0.884,Tag 0,0.12255610959882807,0.49022443839531227
2026-01-21 16:20:52.419,0.25,墙壁电源,2.44,2.57,0.97,2.522,2.54,0.884,Tag 0,0.12255610959882807,0.49022443839531227
2026-01-21 16:20:52.470,0.25,墙壁电源,2.44,2.57,0.97,2.525,2.542,0.869,Tag 0,0.13494443300855352,0.5397777320342141
2026-01-21 16:20:52.519,0.25,墙壁电源,2.44,2.57,0.97,2.525,2.542,0.869,Tag 0,0.13494443300855352,0.5397777320342141
2026-01-21 16:20:52.569,0.25,墙壁电源,2.44,2.57,0.97,2.526,2.544,0.854,Tag 0,0.14672423112764968,0.5868969245105987
2026-01-21 16:20:52.618,0.25,墙壁电源,2.44,2.57,0.97,2.526,2.544,0.854,Tag 0,0.14672423112764968,0.5868969245105987
2026-01-21 16:20:52.670,0.25,墙壁电源,2.44,2.57,0.97,2.525,2.546,0.842,Tag 0,0.1555152725618934,0.6220610902475736
2026-01-21 16:20:52.719,0.25,墙壁电源,2.44,2.57,0.97,2.525,2.546,0.842,Tag 0,0.1555152725618934,0.6220610902475736
2026-01-21 16:20:52.770,0.25,墙壁电源,2.44,2.57,0.97,2.528,2.545,0.834,Tag 0,0.16390546055577287,0.6556218422230915
2026-01-21 16:20:52.819,0.25,墙壁电源,2.44,2.57,0.97,2.528,2.545,0.834,Tag 0,0.16390546055577287,0.6556218422230915
2026-01-21 16:20:52.870,0.25,墙壁电源,2.44,2.57,0.97,2.53,2.546,0.827,Tag 0,0.17066048165876008,0.6826419266350403
2026-01-21 16:20:52.920,0.25,墙壁电源,2.44,2.57,0.97,2.53,2.546,0.827,Tag 0,0.17066048165876008,0.6826419266350403
2026-01-21 16:20:52.971,0.25,墙壁电源,2.44,2.57,0.97,2.533,2.546,0.823,Tag 0,0.17559612751994277,0.7023845100797711
2026-01-21 16:20:53.019,0.25,墙壁电源,2.44,2.57,0.97,2.533,2.546,0.823,Tag 0,0.17559612751994277,0.7023845100797711
2026-01-21 16:20:53.070,0.25,墙壁电源,2.44,2.57,0.97,2.539,2.546,0.823,Tag 0,0.1788463027294667,0.7153852109178668
2026-01-21 16:20:53.119,0.25,墙壁电源,2.44,2.57,0.97,2.539,2.546,0.823,Tag 0,0.1788463027294667,0.7153852109178668
2026-01-21 16:20:53.170,0.25,墙壁电源,2.44,2.57,0.97,2.544,2.545,0.822,Tag 0,0.1826061335223985,0.730424534089594
2026-01-21 16:20:53.219,0.25,墙壁电源,2.44,2.57,0.97,2.544,2.545,0.822,Tag 0,0.1826061335223985,0.730424534089594
2026-01-21 16:20:53.270,0.25,墙壁电源,2.44,2.57,0.97,2.553,2.541,0.823,Tag 0,0.18766725873204415,0.7506690349281766
2026-01-21 16:20:53.320,0.25,墙壁电源,2.44,2.57,0.97,2.553,2.541,0.823,Tag 0,0.18766725873204415,0.7506690349281766
2026-01-21 16:20:53.370,0.25,墙壁电源,2.44,2.57,0.97,2.557,2.539,0.825,Tag 0,0.188878267675241,0.755513070700964
2026-01-21 16:20:53.418,0.25,墙壁电源,2.44,2.57,0.97,2.557,2.539,0.825,Tag 0,0.188878267675241,0.755513070700964
2026-01-21 16:20:54.071,0.25,墙壁电源,2.44,2.57,0.97,2.571,2.53,0.844,Tag 0,0.18611018241891028,0.7444407296756411
2026-01-21 16:20:54.119,0.25,墙壁电源,2.44,2.57,0.97,2.571,2.53,0.844,Tag 0,0.18611018241891028,0.7444407296756411
2026-01-21 16:20:54.169,0.25,墙壁电源,2.44,2.57,0.97,2.578,2.527,0.848,Tag 0,0.18914809013045822,0.7565923605218329
2026-01-21 16:20:54.220,0.25,墙壁电源,2.44,2.57,0.97,2.578,2.527,0.848,Tag 0,0.18914809013045822,0.7565923605218329
2026-01-21 16:20:54.271,0.25,墙壁电源,2.44,2.57,0.97,2.581,2.523,0.849,Tag 0,0.19165333286953287,0.7666133314781315
2026-01-21 16:20:54.319,0.25,墙壁电源,2.44,2.57,0.97,2.581,2.523,0.849,Tag 0,0.19165333286953287,0.7666133314781315
2026-01-21 16:20:54.370,0.25,墙壁电源,2.44,2.57,0.97,2.582,2.52,0.85,Tag 0,0.19252012881774197,0.7700805152709679
2026-01-21 16:20:54.419,0.25,墙壁电源,2.44,2.57,0.97,2.582,2.52,0.85,Tag 0,0.19252012881774197,0.7700805152709679
2026-01-21 16:20:54.469,0.25,墙壁电源,2.44,2.57,0.97,2.583,2.517,0.848,Tag 0,0.1952997695851177,0.7811990783404708
2026-01-21 16:20:54.519,0.25,墙壁电源,2.44,2.57,0.97,2.583,2.517,0.848,Tag 0,0.1952997695851177,0.7811990783404708
2026-01-21 16:20:54.570,0.25,墙壁电源,2.44,2.57,0.97,2.583,2.516,0.85,Tag 0,0.1943321898193916,0.7773287592775664
2026-01-21 16:20:54.619,0.25,墙壁电源,2.44,2.57,0.97,2.583,2.516,0.85,Tag 0,0.1943321898193916,0.7773287592775664
2026-01-21 16:20:54.669,0.25,墙壁电源,2.44,2.57,0.97,2.576,2.517,0.848,Tag 0,0.19023406634985235,0.7609362653994094
2026-01-21 16:20:54.720,0.25,墙壁电源,2.44,2.57,0.97,2.576,2.517,0.848,Tag 0,0.19023406634985235,0.7609362653994094
2026-01-21 16:20:54.771,0.25,墙壁电源,2.44,2.57,0.97,2.569,2.514,0.848,Tag 0,0.18617464918726181,0.7446985967490473
2026-01-21 16:20:54.819,0.25,墙壁电源,2.44,2.57,0.97,2.569,2.514,0.848,Tag 0,0.18617464918726181,0.7446985967490473
2026-01-21 16:20:54.870,0.25,墙壁电源,2.44,2.57,0.97,2.558,2.511,0.846,Tag 0,0.1810552401892857,0.7242209607571428
2026-01-21 16:20:54.921,0.25,墙壁电源,2.44,2.57,0.97,2.558,2.511,0.846,Tag 0,0.1810552401892857,0.7242209607571428
2026-01-21 16:20:54.970,0.25,墙壁电源,2.44,2.57,0.97,2.545,2.506,0.844,Tag 0,0.17605964898295123,0.7042385959318049
2026-01-21 16:20:55.020,0.25,墙壁电源,2.44,2.57,0.97,2.545,2.506,0.844,Tag 0,0.17605964898295123,0.7042385959318049
2026-01-21 16:20:55.071,0.25,墙壁电源,2.44,2.57,0.97,2.532,2.491,0.848,Tag 0,0.17201453426963656,0.6880581370785462
2026-01-21 16:20:55.120,0.25,墙壁电源,2.44,2.57,0.97,2.532,2.491,0.848,Tag 0,0.17201453426963656,0.6880581370785462
2026-01-21 16:20:55.219,0.25,墙壁电源,2.44,2.57,0.97,2.507,2.654,1.177,Tag 1,0.23322521304524532,0.9329008521809813
2026-01-21 16:20:55.271,0.25,墙壁电源,2.44,2.57,0.97,2.507,2.654,1.177,Tag 1,0.23322521304524532,0.9329008521809813
2026-01-21 16:20:55.320,0.25,墙壁电源,2.44,2.57,0.97,2.482,2.764,1.103,Tag 1,0.23893304501470702,0.9557321800588281
2026-01-21 16:20:55.371,0.25,墙壁电源,2.44,2.57,0.97,2.482,2.764,1.103,Tag 1,0.23893304501470702,0.9557321800588281
2026-01-21 16:20:58.369,0.5,焊机电源,1.45,2.1,0.39,1.76,2.174,0.757,Tag 0,0.48607098247066755,0.9721419649413351
2026-01-21 16:20:58.419,0.5,焊机电源,1.45,2.1,0.39,1.76,2.174,0.757,Tag 0,0.48607098247066755,0.9721419649413351
2026-01-21 16:20:58.470,0.5,焊机电源,1.45,2.1,0.39,1.74,2.184,0.713,Tag 0,0.4421368566405655,0.884273713281131
2026-01-21 16:20:58.519,0.5,焊机电源,1.45,2.1,0.39,1.74,2.184,0.713,Tag 0,0.4421368566405655,0.884273713281131
2026-01-21 16:20:58.569,0.5,焊机电源,1.45,2.1,0.39,1.72,2.197,0.667,Tag 0,0.39879568703786156,0.7975913740757231
2026-01-21 16:20:58.619,0.5,焊机电源,1.45,2.1,0.39,1.72,2.197,0.667,Tag 0,0.39879568703786156,0.7975913740757231
2026-01-21 16:20:58.671,0.5,焊机电源,1.45,2.1,0.39,1.702,2.211,0.62,Tag 0,0.35878266401820463,0.7175653280364093
2026-01-21 16:20:58.720,0.5,焊机电源,1.45,2.1,0.39,1.702,2.211,0.62,Tag 0,0.35878266401820463,0.7175653280364093
2026-01-21 16:20:58.770,0.5,焊机电源,1.45,2.1,0.39,1.69,2.223,0.599,Tag 0,0.3411890971294363,0.6823781942588726
2026-01-21 16:20:58.818,0.5,焊机电源,1.45,2.1,0.39,1.69,2.223,0.599,Tag 0,0.3411890971294363,0.6823781942588726
2026-01-21 16:20:58.871,0.5,焊机电源,1.45,2.1,0.39,1.702,2.23,0.625,Tag 0,0.3682784272802304,0.7365568545604608
2026-01-21 16:20:58.919,0.5,焊机电源,1.45,2.1,0.39,1.702,2.23,0.625,Tag 0,0.3682784272802304,0.7365568545604608
2026-01-21 16:20:58.969,0.5,焊机电源,1.45,2.1,0.39,1.735,2.23,0.686,Tag 0,0.43097679751930973,0.8619535950386195
2026-01-21 16:20:59.018,0.5,焊机电源,1.45,2.1,0.39,1.735,2.23,0.686,Tag 0,0.43097679751930973,0.8619535950386195
2026-01-21 16:21:08.519,0.25,墙壁电源,2.44,2.57,0.97,2.265,2.409,0.924,Tag 1,0.2422023947032728,0.9688095788130912
2026-01-21 16:21:08.569,0.25,墙壁电源,2.44,2.57,0.97,2.265,2.409,0.924,Tag 1,0.2422023947032728,0.9688095788130912
2026-01-21 16:21:08.619,0.25,墙壁电源,2.44,2.57,0.97,2.325,2.397,0.969,Tag 1,0.2077378155271687,0.8309512621086748
2026-01-21 16:21:08.669,0.25,墙壁电源,2.44,2.57,0.97,2.325,2.397,0.969,Tag 1,0.2077378155271687,0.8309512621086748
2026-01-21 16:21:08.719,0.25,墙壁电源,2.44,2.57,0.97,2.38,2.386,1.008,Tag 1,0.19723082923315996,0.7889233169326398
2026-01-21 16:21:08.769,0.25,墙壁电源,2.44,2.57,0.97,2.38,2.386,1.008,Tag 1,0.19723082923315996,0.7889233169326398
2026-01-21 16:21:08.819,0.25,墙壁电源,2.44,2.57,0.97,2.428,2.376,1.038,Tag 1,0.2059223154492975,0.82368926179719
2026-01-21 16:21:08.870,0.25,墙壁电源,2.44,2.57,0.97,2.428,2.376,1.038,Tag 1,0.2059223154492975,0.82368926179719
2026-01-21 16:21:08.919,0.25,墙壁电源,2.44,2.57,0.97,2.471,2.368,1.064,Tag 1,0.2249466603441803,0.8997866413767212
2026-01-21 16:21:08.968,0.25,墙壁电源,2.44,2.57,0.97,2.471,2.368,1.064,Tag 1,0.2249466603441803,0.8997866413767212
2026-01-21 16:21:09.019,0.25,墙壁电源,2.44,2.57,0.97,2.504,2.365,1.085,Tag 1,0.24361034460794118,0.9744413784317647
2026-01-21 16:21:09.069,0.25,墙壁电源,2.44,2.57,0.97,2.504,2.365,1.085,Tag 1,0.24361034460794118,0.9744413784317647
2026-01-21 16:21:09.418,0.25,墙壁电源,2.44,2.57,0.97,2.469,2.358,1.067,Tag 1,0.23493403329445456,0.9397361331778182
2026-01-21 16:21:09.469,0.25,墙壁电源,2.44,2.57,0.97,2.469,2.358,1.067,Tag 1,0.23493403329445456,0.9397361331778182
2026-01-21 16:21:09.520,0.25,墙壁电源,2.44,2.57,0.97,2.411,2.357,1.029,Tag 1,0.22291478192349612,0.8916591276939845
2026-01-21 16:21:09.568,0.25,墙壁电源,2.44,2.57,0.97,2.411,2.357,1.029,Tag 1,0.22291478192349612,0.8916591276939845
2026-01-21 16:21:09.619,0.25,墙壁电源,2.44,2.57,0.97,2.339,2.356,0.977,Tag 1,0.23674036411224847,0.9469614564489939
2026-01-21 16:21:09.669,0.25,墙壁电源,2.44,2.57,0.97,2.339,2.356,0.977,Tag 1,0.23674036411224847,0.9469614564489939
2026-01-21 16:21:10.067,0.5,电压电流旋钮,1.56,1.5,0.37,1.587,1.137,0.708,Tag 0,0.4967313157029663,0.9934626314059326
2026-01-21 16:21:10.119,0.5,电压电流旋钮,1.56,1.5,0.37,1.587,1.137,0.708,Tag 0,0.4967313157029663,0.9934626314059326
2026-01-21 16:21:10.168,0.5,电压电流旋钮,1.56,1.5,0.37,1.578,1.15,0.702,Tag 0,0.482750453132879,0.965500906265758
2026-01-21 16:21:10.217,0.5,电压电流旋钮,1.56,1.5,0.37,1.578,1.15,0.702,Tag 0,0.482750453132879,0.965500906265758
2026-01-21 16:21:10.268,0.5,电压电流旋钮,1.56,1.5,0.37,1.566,1.162,0.7,Tag 0,0.4724193052786899,0.9448386105573798
2026-01-21 16:21:10.317,0.5,电压电流旋钮,1.56,1.5,0.37,1.566,1.162,0.7,Tag 0,0.4724193052786899,0.9448386105573798
2026-01-21 16:21:10.367,0.5,电压电流旋钮,1.56,1.5,0.37,1.552,1.174,0.7,Tag 0,0.4639396512478751,0.9278793024957502
2026-01-21 16:21:10.419,0.5,电压电流旋钮,1.56,1.5,0.37,1.552,1.174,0.7,Tag 0,0.4639396512478751,0.9278793024957502
2026-01-21 16:21:10.469,0.5,电压电流旋钮,1.56,1.5,0.37,1.538,1.182,0.699,Tag 0,0.45809278536121917,0.9161855707224383
2026-01-21 16:21:10.519,0.5,电压电流旋钮,1.56,1.5,0.37,1.538,1.182,0.699,Tag 0,0.45809278536121917,0.9161855707224383
2026-01-21 16:21:10.569,0.5,电压电流旋钮,1.56,1.5,0.37,1.526,1.189,0.705,Tag 0,0.4583688471089631,0.9167376942179262
2026-01-21 16:21:10.618,0.5,电压电流旋钮,1.56,1.5,0.37,1.526,1.189,0.705,Tag 0,0.4583688471089631,0.9167376942179262
2026-01-21 16:21:10.667,0.5,电压电流旋钮,1.56,1.5,0.37,1.432,1.291,0.801,Tag 0,0.49580843074719905,0.9916168614943981
2026-01-21 16:21:10.717,0.5,电压电流旋钮,1.56,1.5,0.37,1.432,1.291,0.801,Tag 0,0.49580843074719905,0.9916168614943981
2026-01-21 16:21:11.368,0.5,电压电流旋钮,1.56,1.5,0.37,1.359,1.335,0.785,Tag 0,0.48974585245819086,0.9794917049163817
2026-01-21 16:21:11.420,0.5,电压电流旋钮,1.56,1.5,0.37,1.359,1.335,0.785,Tag 0,0.48974585245819086,0.9794917049163817
2026-01-21 16:21:11.468,0.5,电压电流旋钮,1.56,1.5,0.37,1.343,1.347,0.764,Tag 0,0.475114722988038,0.950229445976076
2026-01-21 16:21:11.519,0.5,电压电流旋钮,1.56,1.5,0.37,1.343,1.347,0.764,Tag 0,0.475114722988038,0.950229445976076
2026-01-21 16:21:11.569,0.5,电压电流旋钮,1.56,1.5,0.37,1.326,1.359,0.745,Tag 0,0.46396336062236637,0.9279267212447327
2026-01-21 16:21:11.619,0.5,电压电流旋钮,1.56,1.5,0.37,1.326,1.359,0.745,Tag 0,0.46396336062236637,0.9279267212447327
2026-01-21 16:21:11.667,0.5,电压电流旋钮,1.56,1.5,0.37,1.318,1.364,0.729,Tag 0,0.4538072277961204,0.9076144555922409
2026-01-21 16:21:11.719,0.5,电压电流旋钮,1.56,1.5,0.37,1.318,1.364,0.729,Tag 0,0.4538072277961204,0.9076144555922409
2026-01-21 16:21:11.769,0.5,电压电流旋钮,1.56,1.5,0.37,1.317,1.359,0.72,Tag 0,0.4488095364405708,0.8976190728811416
2026-01-21 16:21:11.819,0.5,电压电流旋钮,1.56,1.5,0.37,1.317,1.359,0.72,Tag 0,0.4488095364405708,0.8976190728811416
2026-01-21 16:21:11.869,0.5,电压电流旋钮,1.56,1.5,0.37,1.326,1.352,0.712,Tag 0,0.4400272718820959,0.8800545437641918
2026-01-21 16:21:11.919,0.5,电压电流旋钮,1.56,1.5,0.37,1.326,1.352,0.712,Tag 0,0.4400272718820959,0.8800545437641918
2026-01-21 16:21:11.968,0.5,电压电流旋钮,1.56,1.5,0.37,1.419,1.25,0.658,Tag 0,0.4066017707782395,0.813203541556479
2026-01-21 16:21:12.019,0.5,电压电流旋钮,1.56,1.5,0.37,1.419,1.25,0.658,Tag 0,0.4066017707782395,0.813203541556479
2026-01-21 16:21:12.068,0.5,电压电流旋钮,1.56,1.5,0.37,1.443,1.241,0.657,Tag 0,0.40390469172813526,0.8078093834562705
2026-01-21 16:21:12.118,0.5,电压电流旋钮,1.56,1.5,0.37,1.443,1.241,0.657,Tag 0,0.40390469172813526,0.8078093834562705
2026-01-21 16:21:12.168,0.5,电压电流旋钮,1.56,1.5,0.37,1.484,1.22,0.663,Tag 0,0.41234087840038375,0.8246817568007675
2026-01-21 16:21:12.219,0.5,电压电流旋钮,1.56,1.5,0.37,1.484,1.22,0.663,Tag 0,0.41234087840038375,0.8246817568007675
2026-01-21 16:21:12.269,0.5,电压电流旋钮,1.56,1.5,0.37,1.525,1.193,0.694,Tag 0,0.4477164281104726,0.8954328562209452
2026-01-21 16:21:12.320,0.5,电压电流旋钮,1.56,1.5,0.37,1.525,1.193,0.694,Tag 0,0.4477164281104726,0.8954328562209452
2026-01-21 16:21:12.369,0.5,电压电流旋钮,1.56,1.5,0.37,1.568,1.178,0.724,Tag 0,0.47860631002944376,0.9572126200588875
2026-01-21 16:21:12.419,0.5,电压电流旋钮,1.56,1.5,0.37,1.568,1.178,0.724,Tag 0,0.47860631002944376,0.9572126200588875
2026-01-21 16:21:15.218,0.5,焊机电源,1.45,2.1,0.39,1.789,2.387,0.327,Tag 1,0.4486189920188399,0.8972379840376798
2026-01-21 16:21:15.268,0.5,焊机电源,1.45,2.1,0.39,1.789,2.387,0.327,Tag 1,0.4486189920188399,0.8972379840376798
2026-01-21 16:21:15.319,0.5,焊机电源,1.45,2.1,0.39,1.875,2.236,0.522,Tag 1,0.4653439588089654,0.9306879176179308
2026-01-21 16:21:15.368,0.5,焊机电源,1.45,2.1,0.39,1.875,2.236,0.522,Tag 1,0.4653439588089654,0.9306879176179308
2026-01-21 16:21:15.819,0.5,接地夹下端,3.02,1.53,1.61,2.702,1.639,1.378,Tag 1,0.4084470589929619,0.8168941179859238
2026-01-21 16:21:15.867,0.5,接地夹下端,3.02,1.53,1.61,2.702,1.639,1.378,Tag 1,0.4084470589929619,0.8168941179859238
2026-01-21 16:21:15.919,0.5,接地夹下端,3.02,1.53,1.61,2.878,1.586,1.437,Tag 1,0.23071410880134746,0.4614282176026949
2026-01-21 16:21:15.969,0.5,接地夹下端,3.02,1.53,1.61,2.878,1.586,1.437,Tag 1,0.23071410880134746,0.4614282176026949
2026-01-21 16:21:16.019,0.5,接地夹下端,3.02,1.53,1.61,3.039,1.543,1.477,Tag 1,0.1349777759484872,0.2699555518969744
2026-01-21 16:21:16.069,0.5,接地夹下端,3.02,1.53,1.61,3.039,1.543,1.477,Tag 1,0.1349777759484872,0.2699555518969744
2026-01-21 16:21:16.119,0.5,接地夹下端,3.02,1.53,1.61,3.2,1.506,1.499,Tag 1,0.21283091880645552,0.42566183761291104
2026-01-21 16:21:16.169,0.5,接地夹下端,3.02,1.53,1.61,3.2,1.506,1.499,Tag 1,0.21283091880645552,0.42566183761291104
2026-01-21 16:21:16.219,0.5,接地夹下端,3.02,1.53,1.61,3.394,1.48,1.473,Tag 1,0.4014286985256536,0.8028573970513072
2026-01-21 16:21:16.269,0.5,接地夹下端,3.02,1.53,1.61,3.394,1.48,1.473,Tag 1,0.4014286985256536,0.8028573970513072
2026-01-21 16:21:18.819,0.4,焊把钳下端,3.02,1.15,1.56,3.395,1.22,1.584,Tag 1,0.3822316051819891,0.9555790129549727
2026-01-21 16:21:18.869,0.5,接地夹下端,3.02,1.53,1.61,3.393,1.554,1.521,Tag 0,0.38422129040437086,0.7684425808087417
2026-01-21 16:21:18.869,0.4,焊把钳下端,3.02,1.15,1.56,3.395,1.22,1.584,Tag 1,0.3822316051819891,0.9555790129549727
2026-01-21 16:21:18.920,0.5,接地夹下端,3.02,1.53,1.61,3.393,1.554,1.521,Tag 0,0.38422129040437086,0.7684425808087417
2026-01-21 16:21:18.920,0.4,焊把钳下端,3.02,1.15,1.56,3.2,1.238,1.652,Tag 1,0.22047222047233084,0.5511805511808271
2026-01-21 16:21:18.969,0.4,焊把钳下端,3.02,1.15,1.56,3.2,1.238,1.652,Tag 1,0.22047222047233084,0.5511805511808271
2026-01-21 16:21:19.018,0.4,焊把钳下端,3.02,1.15,1.56,2.998,1.269,1.702,Tag 1,0.18657170203436524,0.4664292550859131
2026-01-21 16:21:19.070,0.4,焊把钳下端,3.02,1.15,1.56,3.265,1.257,1.287,Tag 0,0.3821033891501096,0.955258472875274
2026-01-21 16:21:19.070,0.4,焊把钳下端,3.02,1.15,1.56,2.998,1.269,1.702,Tag 1,0.18657170203436524,0.4664292550859131
2026-01-21 16:21:19.119,0.4,焊把钳下端,3.02,1.15,1.56,3.265,1.257,1.287,Tag 0,0.3821033891501096,0.955258472875274
2026-01-21 16:21:19.119,0.5,接地夹下端,3.02,1.53,1.61,2.79,1.327,1.727,Tag 1,0.32832605744899385,0.6566521148979877
2026-01-21 16:21:19.168,0.4,焊把钳下端,3.02,1.15,1.56,3.149,1.209,1.262,Tag 0,0.33003939158833756,0.8250984789708439
2026-01-21 16:21:19.168,0.5,接地夹下端,3.02,1.53,1.61,2.79,1.327,1.727,Tag 1,0.32832605744899385,0.6566521148979877
2026-01-21 16:21:19.217,0.4,焊把钳下端,3.02,1.15,1.56,3.149,1.209,1.262,Tag 0,0.33003939158833756,0.8250984789708439
2026-01-21 16:21:19.217,0.5,接地夹下端,3.02,1.53,1.61,2.61,1.39,1.733,Tag 1,0.45036540719731144,0.9007308143946229
2026-01-21 16:21:19.319,0.4,焊把钳下端,3.02,1.15,1.56,3.149,1.209,1.262,Tag 0,0.33003939158833756,0.8250984789708439
2026-01-21 16:21:19.370,0.4,焊把钳下端,3.02,1.15,1.56,3.052,1.167,1.23,Tag 0,0.33198343332160424,0.8299585833040105
2026-01-21 16:21:19.416,0.4,焊把钳下端,3.02,1.15,1.56,3.052,1.167,1.23,Tag 0,0.33198343332160424,0.8299585833040105
2026-01-21 16:21:19.469,0.4,焊把钳下端,3.02,1.15,1.56,2.966,1.131,1.189,Tag 0,0.37539046338446047,0.9384761584611512
2026-01-21 16:21:19.517,0.4,焊把钳下端,3.02,1.15,1.56,2.966,1.131,1.189,Tag 0,0.37539046338446047,0.9384761584611512
2026-01-21 16:21:19.668,0.4,焊把钳下端,3.02,1.15,1.56,2.794,1.192,1.365,Tag 0,0.3014382192091773,0.7535955480229432
2026-01-21 16:21:19.769,0.4,焊把钳下端,3.02,1.15,1.56,2.766,1.159,1.325,Tag 0,0.3461531452984358,0.8653828632460895
2026-01-21 16:21:19.819,0.4,焊把钳下端,3.02,1.15,1.56,2.766,1.159,1.325,Tag 0,0.3461531452984358,0.8653828632460895
2026-01-21 16:21:19.870,0.4,焊把钳下端,3.02,1.15,1.56,2.744,1.121,1.294,Tag 0,0.38441253881734905,0.9610313470433726
2026-01-21 16:21:19.918,0.4,焊把钳下端,3.02,1.15,1.56,2.744,1.121,1.294,Tag 0,0.38441253881734905,0.9610313470433726
2026-01-21 16:21:23.618,0.5,电压电流旋钮,1.56,1.5,0.37,1.483,1.727,0.803,Tag 1,0.49492120584998184,0.9898424116999637
2026-01-21 16:21:23.668,0.5,电压电流旋钮,1.56,1.5,0.37,1.483,1.727,0.803,Tag 1,0.49492120584998184,0.9898424116999637
2026-01-21 16:21:23.719,0.5,电压电流旋钮,1.56,1.5,0.37,1.512,1.761,0.777,Tag 1,0.48587446938484014,0.9717489387696803
2026-01-21 16:21:23.768,0.5,电压电流旋钮,1.56,1.5,0.37,1.512,1.761,0.777,Tag 1,0.48587446938484014,0.9717489387696803
2026-01-21 16:21:23.818,0.5,电压电流旋钮,1.56,1.5,0.37,1.586,1.747,0.779,Tag 1,0.4785039184792535,0.957007836958507
2026-01-21 16:21:23.869,0.5,电压电流旋钮,1.56,1.5,0.37,1.586,1.747,0.779,Tag 1,0.4785039184792535,0.957007836958507
2026-01-21 16:21:23.918,0.5,电压电流旋钮,1.56,1.5,0.37,1.666,1.727,0.789,Tag 1,0.48818643979528975,0.9763728795905795
2026-01-21 16:21:23.968,0.5,电压电流旋钮,1.56,1.5,0.37,1.666,1.727,0.789,Tag 1,0.48818643979528975,0.9763728795905795
2026-01-21 16:21:24.017,0.5,电压电流旋钮,1.56,1.5,0.37,1.727,1.725,0.781,Tag 1,0.4974283868055783,0.9948567736111567
2026-01-21 16:21:24.068,0.5,电压电流旋钮,1.56,1.5,0.37,1.727,1.725,0.781,Tag 1,0.4974283868055783,0.9948567736111567
2026-01-21 16:21:31.168,0.6,锤子,0.24,0.17,0.0,0.733,0.071,0.283,Tag 0,0.5770086654461959,0.9616811090769932
2026-01-21 16:21:31.218,0.6,锤子,0.24,0.17,0.0,0.733,0.071,0.283,Tag 0,0.5770086654461959,0.9616811090769932
2026-01-21 16:21:31.270,0.6,锤子,0.24,0.17,0.0,0.751,0.111,0.045,Tag 0,0.5163593709811026,0.8605989516351711
2026-01-21 16:21:31.319,0.6,锤子,0.24,0.17,0.0,0.751,0.111,0.045,Tag 0,0.5163593709811026,0.8605989516351711
2026-01-21 16:21:31.369,0.6,锤子,0.24,0.17,0.0,0.767,0.143,-0.181,Tag 0,0.5578700565543915,0.9297834275906525
2026-01-21 16:21:31.419,0.6,锤子,0.24,0.17,0.0,0.767,0.143,-0.181,Tag 0,0.5578700565543915,0.9297834275906525
2026-01-21 16:21:31.520,0.2,待焊钢板,0.81,0.46,0.0,0.8,0.521,0.137,Tag 1,0.1502997005985042,0.751498502992521
2026-01-21 16:21:31.569,0.2,待焊钢板,0.81,0.46,0.0,0.8,0.521,0.137,Tag 1,0.1502997005985042,0.751498502992521
2026-01-21 16:21:31.618,0.2,待焊钢板,0.81,0.46,0.0,0.786,0.523,0.083,Tag 1,0.10692988356862643,0.5346494178431321
2026-01-21 16:21:31.668,0.2,待焊钢板,0.81,0.46,0.0,0.786,0.523,0.083,Tag 1,0.10692988356862643,0.5346494178431321
2026-01-21 16:21:31.718,0.2,待焊钢板,0.81,0.46,0.0,0.773,0.534,0.044,Tag 1,0.09370699013414104,0.46853495067070516
2026-01-21 16:21:31.768,0.2,待焊钢板,0.81,0.46,0.0,0.773,0.534,0.044,Tag 1,0.09370699013414104,0.46853495067070516
2026-01-21 16:21:31.819,0.2,待焊钢板,0.81,0.46,0.0,0.763,0.551,0.009,Tag 1,0.10281536850101744,0.5140768425050871
2026-01-21 16:21:31.868,0.2,待焊钢板,0.81,0.46,0.0,0.763,0.551,0.009,Tag 1,0.10281536850101744,0.5140768425050871
2026-01-21 16:21:31.919,0.2,待焊钢板,0.81,0.46,0.0,0.767,0.567,0.0,Tag 1,0.11531695452100696,0.5765847726050347
2026-01-21 16:21:31.968,0.2,待焊钢板,0.81,0.46,0.0,0.767,0.567,0.0,Tag 1,0.11531695452100696,0.5765847726050347
2026-01-21 16:21:32.019,0.2,待焊钢板,0.81,0.46,0.0,0.787,0.58,0.037,Tag 1,0.12766362050325844,0.6383181025162922
2026-01-21 16:21:32.069,0.2,待焊钢板,0.81,0.46,0.0,0.787,0.58,0.037,Tag 1,0.12766362050325844,0.6383181025162922
2026-01-21 16:21:32.119,0.2,待焊钢板,0.81,0.46,0.0,0.82,0.59,0.08,Tag 1,0.1529705854077835,0.7648529270389174
2026-01-21 16:21:32.168,0.2,待焊钢板,0.81,0.46,0.0,0.82,0.59,0.08,Tag 1,0.1529705854077835,0.7648529270389174
2026-01-21 16:21:32.218,0.2,待焊钢板,0.81,0.46,0.0,0.867,0.609,0.08,Tag 1,0.17846568297574741,0.892328414878737
2026-01-21 16:21:32.269,0.2,待焊钢板,0.81,0.46,0.0,0.867,0.609,0.08,Tag 1,0.17846568297574741,0.892328414878737
2026-01-21 16:21:33.768,0.6,锤子,0.24,0.17,0.0,0.062,0.306,0.437,Tag 0,0.49106924155357157,0.8184487359226194
2026-01-21 16:21:33.817,0.6,锤子,0.24,0.17,0.0,0.062,0.306,0.437,Tag 0,0.49106924155357157,0.8184487359226194
2026-01-21 16:21:33.869,0.6,锤子,0.24,0.17,0.0,0.025,0.31,0.19,Tag 0,0.3192569498068914,0.532094916344819
2026-01-21 16:21:33.918,0.6,锤子,0.24,0.17,0.0,0.025,0.31,0.19,Tag 0,0.3192569498068914,0.532094916344819
2026-01-21 16:21:33.969,0.6,锤子,0.24,0.17,0.0,-0.024,0.298,-0.035,Tag 0,0.29547419515077794,0.49245699191796327
2026-01-21 16:21:34.017,0.6,锤子,0.24,0.17,0.0,-0.024,0.298,-0.035,Tag 0,0.29547419515077794,0.49245699191796327
2026-01-21 16:21:34.069,0.6,锤子,0.24,0.17,0.0,-0.03,0.241,-0.024,Tag 0,0.280208850681059,0.4670147511350983
2026-01-21 16:21:34.118,0.6,锤子,0.24,0.17,0.0,-0.03,0.241,-0.024,Tag 0,0.280208850681059,0.4670147511350983
2026-01-21 16:21:34.219,0.6,锤子,0.24,0.17,0.0,-0.03,0.241,-0.024,Tag 0,0.280208850681059,0.4670147511350983
2026-01-21 16:21:34.268,0.6,锤子,0.24,0.17,0.0,0.001,0.158,-0.028,Tag 0,0.24093360081150988,0.4015560013525165
2026-01-21 16:21:34.318,0.6,锤子,0.24,0.17,0.0,0.001,0.158,-0.028,Tag 0,0.24093360081150988,0.4015560013525165
2026-01-21 16:21:34.367,0.6,锤子,0.24,0.17,0.0,0.025,0.032,-0.055,Tag 0,0.2613312074743466,0.4355520124572444
2026-01-21 16:21:34.418,0.6,锤子,0.24,0.17,0.0,0.025,0.032,-0.055,Tag 0,0.2613312074743466,0.4355520124572444
2026-01-21 16:21:34.468,0.6,锤子,0.24,0.17,0.0,0.035,-0.098,0.108,Tag 0,0.3542781393199417,0.5904635655332362
2026-01-21 16:21:34.518,0.6,锤子,0.24,0.17,0.0,0.035,-0.098,0.108,Tag 0,0.3542781393199417,0.5904635655332362
2026-01-21 16:21:34.568,0.6,锤子,0.24,0.17,0.0,0.035,-0.225,0.233,Tag 0,0.5023335545232869,0.8372225908721448
2026-01-21 16:21:34.619,0.6,锤子,0.24,0.17,0.0,0.035,-0.225,0.233,Tag 0,0.5023335545232869,0.8372225908721448
2026-01-21 16:21:36.368,0.6,锤子,0.24,0.17,0.0,0.278,-0.423,-0.042,Tag 0,0.5956987493691757,0.9928312489486262
2026-01-21 16:21:36.417,0.6,锤子,0.24,0.17,0.0,0.278,-0.423,-0.042,Tag 0,0.5956987493691757,0.9928312489486262
2026-01-21 16:21:36.468,0.6,锤子,0.24,0.17,0.0,0.296,-0.399,-0.042,Tag 0,0.5732896301172733,0.9554827168621222
2026-01-21 16:21:36.518,0.6,锤子,0.24,0.17,0.0,0.296,-0.399,-0.042,Tag 0,0.5732896301172733,0.9554827168621222
2026-01-21 16:21:36.767,0.6,锤子,0.24,0.17,0.0,0.246,-0.391,-0.073,Tag 0,0.5657614338217125,0.9429357230361876
2026-01-21 16:21:36.818,0.6,锤子,0.24,0.17,0.0,0.246,-0.391,-0.073,Tag 0,0.5657614338217125,0.9429357230361876
2026-01-21 16:21:36.868,0.6,锤子,0.24,0.17,0.0,0.204,-0.319,-0.155,Tag 0,0.5142392439322382,0.8570654065537303
2026-01-21 16:21:36.917,0.6,锤子,0.24,0.17,0.0,0.204,-0.319,-0.155,Tag 0,0.5142392439322382,0.8570654065537303
2026-01-21 16:21:36.969,0.6,锤子,0.24,0.17,0.0,0.18,-0.269,-0.239,Tag 0,0.5034302334981482,0.8390503891635803
2026-01-21 16:21:37.016,0.6,锤子,0.24,0.17,0.0,0.18,-0.269,-0.239,Tag 0,0.5034302334981482,0.8390503891635803
2026-01-21 16:21:37.068,0.6,锤子,0.24,0.17,0.0,0.153,-0.225,-0.334,Tag 0,0.5245474239761359,0.8742457066268932
2026-01-21 16:21:37.116,0.6,锤子,0.24,0.17,0.0,0.153,-0.225,-0.334,Tag 0,0.5245474239761359,0.8742457066268932
2026-01-21 16:21:37.168,0.6,锤子,0.24,0.17,0.0,0.143,-0.235,-0.27,Tag 0,0.4963204609926938,0.8272007683211563
2026-01-21 16:21:37.218,0.6,锤子,0.24,0.17,0.0,0.143,-0.235,-0.27,Tag 0,0.4963204609926938,0.8272007683211563
2026-01-21 16:21:37.268,0.6,锤子,0.24,0.17,0.0,0.157,-0.243,-0.192,Tag 0,0.46294924127813414,0.7715820687968903
2026-01-21 16:21:37.318,0.6,锤子,0.24,0.17,0.0,0.157,-0.243,-0.192,Tag 0,0.46294924127813414,0.7715820687968903
2026-01-21 16:21:37.368,0.6,锤子,0.24,0.17,0.0,0.213,-0.29,-0.034,Tag 0,0.4620443701637322,0.7700739502728869
2026-01-21 16:21:37.417,0.6,锤子,0.24,0.17,0.0,0.213,-0.29,-0.034,Tag 0,0.4620443701637322,0.7700739502728869
2026-01-21 16:21:37.469,0.6,锤子,0.24,0.17,0.0,0.237,-0.302,0.17,Tag 0,0.501690143415236,0.8361502390253933
2026-01-21 16:21:37.518,0.6,锤子,0.24,0.17,0.0,0.237,-0.302,0.17,Tag 0,0.501690143415236,0.8361502390253933
2026-01-21 16:21:37.566,0.6,锤子,0.24,0.17,0.0,0.251,-0.299,0.133,Tag 0,0.4876176781044756,0.812696130174126
2026-01-21 16:21:37.617,0.6,锤子,0.24,0.17,0.0,0.251,-0.299,0.133,Tag 0,0.4876176781044756,0.812696130174126
2026-01-21 16:21:37.668,0.6,锤子,0.24,0.17,0.0,0.276,-0.292,0.353,Tag 0,0.5825366941232114,0.9708944902053523
2026-01-21 16:21:37.718,0.6,锤子,0.24,0.17,0.0,0.276,-0.292,0.353,Tag 0,0.5825366941232114,0.9708944902053523
2026-01-21 16:21:37.768,0.6,锤子,0.24,0.17,0.0,0.295,-0.23,0.42,Tag 0,0.5826019224135808,0.9710032040226346
2026-01-21 16:21:37.818,0.6,锤子,0.24,0.17,0.0,0.295,-0.23,0.42,Tag 0,0.5826019224135808,0.9710032040226346
2026-01-21 16:21:37.818,0.6,锤子,0.24,0.17,0.0,0.417,-0.271,0.336,Tag 1,0.5819845358770284,0.9699742264617139
2026-01-21 16:21:37.868,0.6,锤子,0.24,0.17,0.0,0.298,-0.157,0.474,Tag 0,0.5787650645987541,0.9646084409979235
2026-01-21 16:21:37.868,0.6,锤子,0.24,0.17,0.0,0.417,-0.271,0.336,Tag 1,0.5819845358770284,0.9699742264617139
2026-01-21 16:21:37.916,0.6,锤子,0.24,0.17,0.0,0.298,-0.157,0.474,Tag 0,0.5787650645987541,0.9646084409979235
2026-01-21 16:21:37.916,0.6,锤子,0.24,0.17,0.0,0.504,-0.156,0.419,Tag 1,0.5929021841754337,0.9881703069590563
2026-01-21 16:21:37.968,0.6,锤子,0.24,0.17,0.0,0.303,-0.141,0.505,Tag 0,0.5964184772456333,0.994030795409389
2026-01-21 16:21:37.968,0.6,锤子,0.24,0.17,0.0,0.504,-0.156,0.419,Tag 1,0.5929021841754337,0.9881703069590563
2026-01-21 16:21:38.018,0.6,锤子,0.24,0.17,0.0,0.303,-0.141,0.505,Tag 0,0.5964184772456333,0.994030795409389
2026-01-21 16:21:39.167,0.6,锤子,0.24,0.17,0.0,0.405,0.454,0.496,Tag 0,0.5948924272505072,0.9914873787508454
2026-01-21 16:21:39.217,0.6,锤子,0.24,0.17,0.0,0.405,0.454,0.496,Tag 0,0.5948924272505072,0.9914873787508454
2026-01-21 16:21:39.267,0.6,锤子,0.24,0.17,0.0,0.44,0.415,0.253,Tag 0,0.40501111095869946,0.6750185182644991
2026-01-21 16:21:39.318,0.6,锤子,0.24,0.17,0.0,0.44,0.415,0.253,Tag 0,0.40501111095869946,0.6750185182644991
2026-01-21 16:21:39.369,0.6,锤子,0.24,0.17,0.0,0.468,0.37,0.009,Tag 0,0.3034221481698395,0.5057035802830658
2026-01-21 16:21:39.417,0.6,锤子,0.24,0.17,0.0,0.468,0.37,0.009,Tag 0,0.3034221481698395,0.5057035802830658
2026-01-21 16:21:39.468,0.6,锤子,0.24,0.17,0.0,0.485,0.327,-0.001,Tag 0,0.29098969053902923,0.48498281756504874
2026-01-21 16:21:39.518,0.6,锤子,0.24,0.17,0.0,0.485,0.327,-0.001,Tag 0,0.29098969053902923,0.48498281756504874
2026-01-21 16:21:39.569,0.6,锤子,0.24,0.17,0.0,0.498,0.285,-0.241,Tag 0,0.3713084970748717,0.6188474951247862
2026-01-21 16:21:39.618,0.6,锤子,0.24,0.17,0.0,0.498,0.285,-0.241,Tag 0,0.3713084970748717,0.6188474951247862
2026-01-21 16:21:39.667,0.6,锤子,0.24,0.17,0.0,0.472,0.261,-0.472,Tag 0,0.5337499414519874,0.8895832357533123
2026-01-21 16:21:39.717,0.6,锤子,0.24,0.17,0.0,0.472,0.261,-0.472,Tag 0,0.5337499414519874,0.8895832357533123
2026-01-21 16:21:39.769,0.6,锤子,0.24,0.17,0.0,0.484,0.15,-0.233,Tag 0,0.33797189232242375,0.5632864872040396
2026-01-21 16:21:39.819,0.6,锤子,0.24,0.17,0.0,0.484,0.15,-0.233,Tag 0,0.33797189232242375,0.5632864872040396
2026-01-21 16:21:39.868,0.6,锤子,0.24,0.17,0.0,0.494,0.049,0.003,Tag 0,0.28136453223531926,0.46894088705886544
2026-01-21 16:21:39.917,0.6,锤子,0.24,0.17,0.0,0.494,0.049,0.003,Tag 0,0.28136453223531926,0.46894088705886544
2026-01-21 16:21:39.968,0.6,锤子,0.24,0.17,0.0,0.497,-0.049,0.007,Tag 0,0.3377262204804359,0.5628770341340599
2026-01-21 16:21:40.018,0.6,锤子,0.24,0.17,0.0,0.497,-0.049,0.007,Tag 0,0.3377262204804359,0.5628770341340599
2026-01-21 16:21:40.067,0.6,锤子,0.24,0.17,0.0,0.498,-0.175,-0.183,Tag 0,0.46805768875214515,0.780096147920242
2026-01-21 16:21:40.118,0.6,锤子,0.24,0.17,0.0,0.498,-0.175,-0.183,Tag 0,0.46805768875214515,0.780096147920242
2026-01-21 16:21:40.169,0.6,锤子,0.24,0.17,0.0,0.492,-0.313,-0.029,Tag 0,0.5455584295013688,0.909264049168948
2026-01-21 16:21:40.219,0.6,锤子,0.24,0.17,0.0,0.492,-0.313,-0.029,Tag 0,0.5455584295013688,0.909264049168948
2026-01-21 16:21:40.319,0.6,锤子,0.24,0.17,0.0,0.75,0.292,0.241,Tag 1,0.5771178389202677,0.9618630648671128
2026-01-21 16:21:40.367,0.6,锤子,0.24,0.17,0.0,0.75,0.292,0.241,Tag 1,0.5771178389202677,0.9618630648671128
2026-01-21 16:21:40.420,0.6,锤子,0.24,0.17,0.0,0.68,0.161,0.199,Tag 1,0.4829927535688295,0.8049879226147159
2026-01-21 16:21:40.468,0.6,锤子,0.24,0.17,0.0,0.68,0.161,0.199,Tag 1,0.4829927535688295,0.8049879226147159
2026-01-21 16:21:40.516,0.6,锤子,0.24,0.17,0.0,0.607,0.026,0.171,Tag 1,0.4297278208354679,0.7162130347257799
2026-01-21 16:21:40.568,0.6,锤子,0.24,0.17,0.0,0.607,0.026,0.171,Tag 1,0.4297278208354679,0.7162130347257799
2026-01-21 16:21:40.617,0.6,锤子,0.24,0.17,0.0,0.535,-0.101,0.14,Tag 1,0.4243418433291726,0.707236405548621
2026-01-21 16:21:40.668,0.6,锤子,0.24,0.17,0.0,0.535,-0.101,0.14,Tag 1,0.4243418433291726,0.707236405548621
2026-01-21 16:21:40.719,0.6,锤子,0.24,0.17,0.0,0.466,-0.22,0.103,Tag 1,0.4623689003382473,0.7706148338970789
2026-01-21 16:21:40.769,0.6,锤子,0.24,0.17,0.0,0.466,-0.22,0.103,Tag 1,0.4623689003382473,0.7706148338970789
2026-01-21 16:21:40.818,0.6,锤子,0.24,0.17,0.0,0.403,-0.335,0.053,Tag 1,0.5332944777512701,0.8888241295854503
2026-01-21 16:21:40.868,0.6,锤子,0.24,0.17,0.0,0.403,-0.335,0.053,Tag 1,0.5332944777512701,0.8888241295854503
2026-01-21 16:21:42.217,0.6,锤子,0.24,0.17,0.0,0.255,-0.293,0.241,Tag 1,0.5221829181426754,0.8703048635711257
2026-01-21 16:21:42.267,0.6,锤子,0.24,0.17,0.0,0.255,-0.293,0.241,Tag 1,0.5221829181426754,0.8703048635711257
2026-01-21 16:21:42.317,0.6,锤子,0.24,0.17,0.0,0.317,-0.238,0.346,Tag 1,0.5404710908087499,0.9007851513479165
2026-01-21 16:21:42.367,0.6,锤子,0.24,0.17,0.0,0.317,-0.238,0.346,Tag 1,0.5404710908087499,0.9007851513479165
2026-01-21 16:21:42.416,0.6,锤子,0.24,0.17,0.0,0.331,-0.102,0.475,Tag 1,0.5548783650494944,0.9247972750824907
2026-01-21 16:21:42.467,0.6,锤子,0.24,0.17,0.0,0.331,-0.102,0.475,Tag 1,0.5548783650494944,0.9247972750824907
2026-01-21 16:21:49.417,0.6,锤子,0.24,0.17,0.0,0.157,0.086,0.526,Tag 1,0.5390927563972642,0.8984879273287737
2026-01-21 16:21:49.516,0.6,锤子,0.24,0.17,0.0,0.141,-0.181,0.441,Tag 1,0.5722613039512632,0.953768839918772
2026-01-21 16:21:49.568,0.6,锤子,0.24,0.17,0.0,0.141,-0.181,0.441,Tag 1,0.5722613039512632,0.953768839918772
2026-01-21 16:21:51.268,0.45,面罩把手,0.24,0.83,0.0,-0.118,0.666,0.0,Tag 0,0.39377658640401664,0.8750590808978147
2026-01-21 16:21:51.317,0.45,面罩把手,0.24,0.83,0.0,-0.118,0.666,0.0,Tag 0,0.39377658640401664,0.8750590808978147
2026-01-21 16:21:51.368,0.4,钢刷,0.24,0.46,0.0,0.055,0.46,0.0,Tag 0,0.185,0.46249999999999997
2026-01-21 16:21:51.418,0.4,钢刷,0.24,0.46,0.0,0.055,0.46,0.0,Tag 0,0.185,0.46249999999999997
2026-01-21 16:21:51.468,0.4,钢刷,0.24,0.46,0.0,0.052,0.447,0.0,Tag 0,0.18844893207444824,0.4711223301861206
2026-01-21 16:21:51.517,0.4,钢刷,0.24,0.46,0.0,0.052,0.447,0.0,Tag 0,0.18844893207444824,0.4711223301861206
2026-01-21 16:21:51.568,0.4,钢刷,0.24,0.46,0.0,0.048,0.431,0.0,Tag 0,0.19417775361765827,0.48544438404414564
2026-01-21 16:21:51.618,0.4,钢刷,0.24,0.46,0.0,0.048,0.431,0.0,Tag 0,0.19417775361765827,0.48544438404414564
2026-01-21 16:21:51.668,0.4,钢刷,0.24,0.46,0.0,0.047,0.41,0.0,Tag 0,0.19937151250868315,0.49842878127170787
2026-01-21 16:21:51.717,0.4,钢刷,0.24,0.46,0.0,0.047,0.41,0.0,Tag 0,0.19937151250868315,0.49842878127170787
2026-01-21 16:21:51.768,0.6,锤子,0.24,0.17,0.0,0.023,0.381,-0.0,Tag 0,0.30267143902258103,0.5044523983709684
2026-01-21 16:21:51.817,0.6,锤子,0.24,0.17,0.0,0.023,0.381,-0.0,Tag 0,0.30267143902258103,0.5044523983709684
2026-01-21 16:21:51.867,0.6,锤子,0.24,0.17,0.0,-0.18,0.561,-0.0,Tag 0,0.5738301142324268,0.9563835237207113
2026-01-21 16:21:51.916,0.6,锤子,0.24,0.17,0.0,-0.18,0.561,-0.0,Tag 0,0.5738301142324268,0.9563835237207113
2026-01-21 16:22:02.617,0.5,焊机电源,1.45,2.1,0.39,1.62,2.48,0.66,Tag 1,0.4961854492022111,0.9923708984044222
2026-01-21 16:22:02.667,0.5,焊机电源,1.45,2.1,0.39,1.62,2.48,0.66,Tag 1,0.4961854492022111,0.9923708984044222
2026-01-21 16:22:05.417,0.5,焊机电源,1.45,2.1,0.39,1.577,2.414,0.746,Tag 1,0.49138681300987314,0.9827736260197463
2026-01-21 16:22:05.467,0.5,焊机电源,1.45,2.1,0.39,1.577,2.414,0.746,Tag 1,0.49138681300987314,0.9827736260197463
2026-01-21 16:22:05.516,0.5,焊机电源,1.45,2.1,0.39,1.547,2.451,0.709,Tag 1,0.4841187870760646,0.9682375741521292
2026-01-21 16:22:05.567,0.5,焊机电源,1.45,2.1,0.39,1.547,2.451,0.709,Tag 1,0.4841187870760646,0.9682375741521292
2026-01-21 16:22:05.617,0.5,焊机电源,1.45,2.1,0.39,1.55,2.467,0.713,Tag 1,0.4990170337774052,0.9980340675548104
2026-01-21 16:22:05.667,0.5,焊机电源,1.45,2.1,0.39,1.55,2.467,0.713,Tag 1,0.4990170337774052,0.9980340675548104
2026-01-21 16:22:11.468,0.25,墙壁电源,2.44,2.57,0.97,2.383,2.48,0.778,Tag 0,0.21957458869368274,0.878298354774731
2026-01-21 16:22:11.517,0.25,墙壁电源,2.44,2.57,0.97,2.383,2.48,0.778,Tag 0,0.21957458869368274,0.878298354774731
2026-01-21 16:22:11.567,0.25,墙壁电源,2.44,2.57,0.97,2.414,2.468,0.828,Tag 0,0.1767597239192231,0.7070388956768924
2026-01-21 16:22:11.616,0.25,墙壁电源,2.44,2.57,0.97,2.414,2.468,0.828,Tag 0,0.1767597239192231,0.7070388956768924
2026-01-21 16:22:11.668,0.25,墙壁电源,2.44,2.57,0.97,2.445,2.449,0.887,Tag 0,0.14681621163890585,0.5872648465556234
2026-01-21 16:22:11.716,0.25,墙壁电源,2.44,2.57,0.97,2.445,2.449,0.887,Tag 0,0.14681621163890585,0.5872648465556234
2026-01-21 16:22:11.768,0.25,墙壁电源,2.44,2.57,0.97,2.409,2.512,0.924,Tag 0,0.08025584090893312,0.3210233636357325
2026-01-21 16:22:11.817,0.25,墙壁电源,2.44,2.57,0.97,2.409,2.512,0.924,Tag 0,0.08025584090893312,0.3210233636357325
2026-01-21 16:22:11.867,0.25,墙壁电源,2.44,2.57,0.97,2.443,2.49,0.986,Tag 0,0.08163945124754295,0.3265578049901718
2026-01-21 16:22:11.917,0.25,墙壁电源,2.44,2.57,0.97,2.443,2.49,0.986,Tag 0,0.08163945124754295,0.3265578049901718
2026-01-21 16:22:11.966,0.25,墙壁电源,2.44,2.57,0.97,2.482,2.472,1.035,Tag 0,0.12487193439680506,0.49948773758722026
2026-01-21 16:22:12.017,0.25,墙壁电源,2.44,2.57,0.97,2.482,2.472,1.035,Tag 0,0.12487193439680506,0.49948773758722026
2026-01-21 16:22:12.068,0.25,墙壁电源,2.44,2.57,0.97,2.519,2.462,1.069,Tag 0,0.16645119404798497,0.6658047761919399
2026-01-21 16:22:12.117,0.25,墙壁电源,2.44,2.57,0.97,2.519,2.462,1.069,Tag 0,0.16645119404798497,0.6658047761919399
2026-01-21 16:22:12.166,0.25,墙壁电源,2.44,2.57,0.97,2.559,2.456,1.092,Tag 0,0.2050390206765533,0.8201560827062132
2026-01-21 16:22:12.218,0.25,墙壁电源,2.44,2.57,0.97,2.559,2.456,1.092,Tag 0,0.2050390206765533,0.8201560827062132
2026-01-21 16:22:12.266,0.25,墙壁电源,2.44,2.57,0.97,2.601,2.454,1.104,Tag 0,0.23944310388900317,0.9577724155560127
2026-01-21 16:22:12.317,0.25,墙壁电源,2.44,2.57,0.97,2.601,2.454,1.104,Tag 0,0.23944310388900317,0.9577724155560127
2026-01-21 16:22:12.417,0.25,墙壁电源,2.44,2.57,0.97,2.323,2.754,0.961,Tag 1,0.2182338195605806,0.8729352782423224
2026-01-21 16:22:12.466,0.25,墙壁电源,2.44,2.57,0.97,2.323,2.754,0.961,Tag 1,0.2182338195605806,0.8729352782423224
2026-01-21 16:22:12.518,0.25,墙壁电源,2.44,2.57,0.97,2.323,2.725,0.984,Tag 1,0.19470490492024098,0.7788196196809639
2026-01-21 16:22:12.566,0.25,墙壁电源,2.44,2.57,0.97,2.323,2.725,0.984,Tag 1,0.19470490492024098,0.7788196196809639
2026-01-21 16:22:12.617,0.25,墙壁电源,2.44,2.57,0.97,2.314,2.705,0.996,Tag 1,0.18648592440181655,0.7459436976072662
2026-01-21 16:22:12.668,0.25,墙壁电源,2.44,2.57,0.97,2.664,2.489,1.041,Tag 0,0.24855180546517877,0.9942072218607151
2026-01-21 16:22:12.668,0.25,墙壁电源,2.44,2.57,0.97,2.314,2.705,0.996,Tag 1,0.18648592440181655,0.7459436976072662
2026-01-21 16:22:12.716,0.25,墙壁电源,2.44,2.57,0.97,2.664,2.489,1.041,Tag 0,0.24855180546517877,0.9942072218607151
2026-01-21 16:22:12.716,0.25,墙壁电源,2.44,2.57,0.97,2.301,2.689,1.002,Tag 1,0.18575790696495265,0.7430316278598106
2026-01-21 16:22:12.765,0.25,墙壁电源,2.44,2.57,0.97,2.651,2.499,1.01,Tag 0,0.22619018546347208,0.9047607418538883
2026-01-21 16:22:12.765,0.25,墙壁电源,2.44,2.57,0.97,2.301,2.689,1.002,Tag 1,0.18575790696495265,0.7430316278598106
2026-01-21 16:22:12.818,0.25,墙壁电源,2.44,2.57,0.97,2.651,2.499,1.01,Tag 0,0.22619018546347208,0.9047607418538883
2026-01-21 16:22:12.818,0.25,墙壁电源,2.44,2.57,0.97,2.29,2.675,1.011,Tag 1,0.1876326197653275,0.75053047906131
2026-01-21 16:22:12.867,0.25,墙壁电源,2.44,2.57,0.97,2.635,2.508,0.983,Tag 0,0.20503170486536934,0.8201268194614774
2026-01-21 16:22:12.867,0.25,墙壁电源,2.44,2.57,0.97,2.29,2.675,1.011,Tag 1,0.1876326197653275,0.75053047906131
2026-01-21 16:22:12.916,0.25,墙壁电源,2.44,2.57,0.97,2.635,2.508,0.983,Tag 0,0.20503170486536934,0.8201268194614774
2026-01-21 16:22:12.916,0.25,墙壁电源,2.44,2.57,0.97,2.28,2.662,1.022,Tag 1,0.1917498370273103,0.7669993481092412
2026-01-21 16:22:12.968,0.25,墙壁电源,2.44,2.57,0.97,2.618,2.513,0.959,Tag 0,0.18722713478553255,0.7489085391421302
2026-01-21 16:22:12.968,0.25,墙壁电源,2.44,2.57,0.97,2.28,2.662,1.022,Tag 1,0.1917498370273103,0.7669993481092412
2026-01-21 16:22:13.017,0.25,墙壁电源,2.44,2.57,0.97,2.618,2.513,0.959,Tag 0,0.18722713478553255,0.7489085391421302
2026-01-21 16:22:13.017,0.25,墙壁电源,2.44,2.57,0.97,2.271,2.651,1.031,Tag 1,0.19708627552419777,0.7883451020967911
2026-01-21 16:22:13.066,0.25,墙壁电源,2.44,2.57,0.97,2.602,2.519,0.94,Tag 0,0.17246738822165758,0.6898695528866303
2026-01-21 16:22:13.066,0.25,墙壁电源,2.44,2.57,0.97,2.271,2.651,1.031,Tag 1,0.19708627552419777,0.7883451020967911
2026-01-21 16:22:13.116,0.25,墙壁电源,2.44,2.57,0.97,2.602,2.519,0.94,Tag 0,0.17246738822165758,0.6898695528866303
2026-01-21 16:22:13.116,0.25,墙壁电源,2.44,2.57,0.97,2.262,2.639,1.044,Tag 1,0.2047461843356305,0.818984737342522
2026-01-21 16:22:13.167,0.25,墙壁电源,2.44,2.57,0.97,2.588,2.524,0.926,Tag 0,0.16110865898517068,0.6444346359406827
2026-01-21 16:22:13.167,0.25,墙壁电源,2.44,2.57,0.97,2.262,2.639,1.044,Tag 1,0.2047461843356305,0.818984737342522
2026-01-21 16:22:13.217,0.25,墙壁电源,2.44,2.57,0.97,2.588,2.524,0.926,Tag 0,0.16110865898517068,0.6444346359406827
2026-01-21 16:22:13.217,0.25,墙壁电源,2.44,2.57,0.97,2.261,2.623,1.065,Tag 1,0.20946360065653405,0.8378544026261362
2026-01-21 16:22:13.268,0.25,墙壁电源,2.44,2.57,0.97,2.577,2.526,0.916,Tag 0,0.1536912489376022,0.6147649957504088
2026-01-21 16:22:13.268,0.25,墙壁电源,2.44,2.57,0.97,2.261,2.623,1.065,Tag 1,0.20946360065653405,0.8378544026261362
2026-01-21 16:22:13.317,0.25,墙壁电源,2.44,2.57,0.97,2.577,2.526,0.916,Tag 0,0.1536912489376022,0.6147649957504088
2026-01-21 16:22:13.317,0.25,墙壁电源,2.44,2.57,0.97,2.262,2.611,1.083,Tag 1,0.21478826783602498,0.8591530713440999
2026-01-21 16:22:13.367,0.25,墙壁电源,2.44,2.57,0.97,2.569,2.527,0.91,Tag 0,0.1486270500279137,0.5945082001116548
2026-01-21 16:22:13.367,0.25,墙壁电源,2.44,2.57,0.97,2.262,2.611,1.083,Tag 1,0.21478826783602498,0.8591530713440999
2026-01-21 16:22:13.416,0.25,墙壁电源,2.44,2.57,0.97,2.569,2.527,0.91,Tag 0,0.1486270500279137,0.5945082001116548
2026-01-21 16:22:13.416,0.25,墙壁电源,2.44,2.57,0.97,2.256,2.608,1.092,Tag 1,0.22401785643113387,0.8960714257245355
2026-01-21 16:22:13.466,0.25,墙壁电源,2.44,2.57,0.97,2.561,2.527,0.905,Tag 0,0.1439270648627282,0.5757082594509128
2026-01-21 16:22:13.466,0.25,墙壁电源,2.44,2.57,0.97,2.256,2.608,1.092,Tag 1,0.22401785643113387,0.8960714257245355
2026-01-21 16:22:13.516,0.25,墙壁电源,2.44,2.57,0.97,2.561,2.527,0.905,Tag 0,0.1439270648627282,0.5757082594509128
2026-01-21 16:22:13.516,0.25,墙壁电源,2.44,2.57,0.97,2.25,2.603,1.098,Tag 1,0.2314584195919432,0.9258336783677727
2026-01-21 16:22:13.566,0.25,墙壁电源,2.44,2.57,0.97,2.553,2.527,0.9,Tag 0,0.13970683591005834,0.5588273436402333
2026-01-21 16:22:13.566,0.25,墙壁电源,2.44,2.57,0.97,2.25,2.603,1.098,Tag 1,0.2314584195919432,0.9258336783677727
2026-01-21 16:22:13.616,0.25,墙壁电源,2.44,2.57,0.97,2.553,2.527,0.9,Tag 0,0.13970683591005834,0.5588273436402333
2026-01-21 16:22:13.616,0.25,墙壁电源,2.44,2.57,0.97,2.244,2.599,1.104,Tag 1,0.23919239118333163,0.9567695647333265
2026-01-21 16:22:13.668,0.25,墙壁电源,2.44,2.57,0.97,2.548,2.524,0.902,Tag 0,0.13566134305689295,0.5426453722275718
2026-01-21 16:22:13.668,0.25,墙壁电源,2.44,2.57,0.97,2.244,2.599,1.104,Tag 1,0.23919239118333163,0.9567695647333265
2026-01-21 16:22:13.716,0.25,墙壁电源,2.44,2.57,0.97,2.548,2.524,0.902,Tag 0,0.13566134305689295,0.5426453722275718
2026-01-21 16:22:13.716,0.25,墙壁电源,2.44,2.57,0.97,2.234,2.599,1.101,Tag 1,0.2458414122966267,0.9833656491865068
2026-01-21 16:22:13.766,0.25,墙壁电源,2.44,2.57,0.97,2.544,2.521,0.903,Tag 0,0.13306389442670016,0.5322555777068007
2026-01-21 16:22:13.766,0.25,墙壁电源,2.44,2.57,0.97,2.234,2.599,1.101,Tag 1,0.2458414122966267,0.9833656491865068
2026-01-21 16:22:13.817,0.25,墙壁电源,2.44,2.57,0.97,2.544,2.521,0.903,Tag 0,0.13306389442670016,0.5322555777068007
2026-01-21 16:22:13.868,0.25,墙壁电源,2.44,2.57,0.97,2.539,2.519,0.906,Tag 0,0.12844454056128662,0.5137781622451465
2026-01-21 16:22:13.918,0.25,墙壁电源,2.44,2.57,0.97,2.539,2.519,0.906,Tag 0,0.12844454056128662,0.5137781622451465
2026-01-21 16:22:13.965,0.25,墙壁电源,2.44,2.57,0.97,2.535,2.517,0.91,Tag 0,0.12423365083583443,0.4969346033433377
2026-01-21 16:22:14.016,0.25,墙壁电源,2.44,2.57,0.97,2.535,2.517,0.91,Tag 0,0.12423365083583443,0.4969346033433377
2026-01-21 16:22:14.067,0.25,墙壁电源,2.44,2.57,0.97,2.531,2.514,0.915,Tag 0,0.12017487258158435,0.4806994903263374
2026-01-21 16:22:14.117,0.25,墙壁电源,2.44,2.57,0.97,2.531,2.514,0.915,Tag 0,0.12017487258158435,0.4806994903263374
2026-01-21 16:22:14.167,0.25,墙壁电源,2.44,2.57,0.97,2.533,2.51,0.923,Tag 0,0.12024142381059863,0.4809656952423945
2026-01-21 16:22:14.217,0.25,墙壁电源,2.44,2.57,0.97,2.533,2.51,0.923,Tag 0,0.12024142381059863,0.4809656952423945
2026-01-21 16:22:14.266,0.25,墙壁电源,2.44,2.57,0.97,2.534,2.507,0.927,Tag 0,0.12105370708904346,0.48421482835617385
2026-01-21 16:22:14.317,0.25,墙壁电源,2.44,2.57,0.97,2.534,2.507,0.927,Tag 0,0.12105370708904346,0.48421482835617385
2026-01-21 16:22:14.366,0.25,墙壁电源,2.44,2.57,0.97,2.538,2.505,0.929,Tag 0,0.12453915047084575,0.498156601883383
2026-01-21 16:22:14.417,0.25,墙壁电源,2.44,2.57,0.97,2.538,2.505,0.929,Tag 0,0.12453915047084575,0.498156601883383
2026-01-21 16:22:14.417,0.25,墙壁电源,2.44,2.57,0.97,2.216,2.607,1.058,Tag 1,0.24349332639725454,0.9739733055890182
2026-01-21 16:22:14.468,0.25,墙壁电源,2.44,2.57,0.97,2.539,2.504,0.928,Tag 0,0.1261784450688786,0.5047137802755144
2026-01-21 16:22:14.468,0.25,墙壁电源,2.44,2.57,0.97,2.216,2.607,1.058,Tag 1,0.24349332639725454,0.9739733055890182
2026-01-21 16:22:14.517,0.25,墙壁电源,2.44,2.57,0.97,2.539,2.504,0.928,Tag 0,0.1261784450688786,0.5047137802755144
2026-01-21 16:22:14.517,0.25,墙壁电源,2.44,2.57,0.97,2.235,2.607,1.068,Tag 1,0.23021294490102,0.92085177960408
2026-01-21 16:22:14.566,0.25,墙壁电源,2.44,2.57,0.97,2.542,2.501,0.927,Tag 0,0.1304377246045022,0.5217508984180088
2026-01-21 16:22:14.566,0.25,墙壁电源,2.44,2.57,0.97,2.235,2.607,1.068,Tag 1,0.23021294490102,0.92085177960408
2026-01-21 16:22:14.616,0.25,墙壁电源,2.44,2.57,0.97,2.542,2.501,0.927,Tag 0,0.1304377246045022,0.5217508984180088
2026-01-21 16:22:14.616,0.25,墙壁电源,2.44,2.57,0.97,2.259,2.607,1.08,Tag 1,0.21501162759255618,0.8600465103702247
2026-01-21 16:22:14.666,0.25,墙壁电源,2.44,2.57,0.97,2.547,2.497,0.928,Tag 0,0.13616901262769013,0.5446760505107605
2026-01-21 16:22:14.666,0.25,墙壁电源,2.44,2.57,0.97,2.259,2.607,1.08,Tag 1,0.21501162759255618,0.8600465103702247
2026-01-21 16:22:14.716,0.25,墙壁电源,2.44,2.57,0.97,2.547,2.497,0.928,Tag 0,0.13616901262769013,0.5446760505107605
2026-01-21 16:22:14.716,0.25,墙壁电源,2.44,2.57,0.97,2.287,2.609,1.09,Tag 1,0.19831792657246103,0.7932717062898441
2026-01-21 16:22:14.766,0.25,墙壁电源,2.44,2.57,0.97,2.548,2.493,0.928,Tag 0,0.13912943613772036,0.5565177445508814
2026-01-21 16:22:14.766,0.25,墙壁电源,2.44,2.57,0.97,2.287,2.609,1.09,Tag 1,0.19831792657246103,0.7932717062898441
2026-01-21 16:22:14.817,0.25,墙壁电源,2.44,2.57,0.97,2.548,2.493,0.928,Tag 0,0.13912943613772036,0.5565177445508814
2026-01-21 16:22:14.817,0.25,墙壁电源,2.44,2.57,0.97,2.32,2.61,1.1,Tag 1,0.18138357147217068,0.7255342858886827
2026-01-21 16:22:14.866,0.25,墙壁电源,2.44,2.57,0.97,2.545,2.488,0.935,Tag 0,0.13774614332169147,0.5509845732867659
2026-01-21 16:22:14.866,0.25,墙壁电源,2.44,2.57,0.97,2.32,2.61,1.1,Tag 1,0.18138357147217068,0.7255342858886827
2026-01-21 16:22:14.917,0.25,墙壁电源,2.44,2.57,0.97,2.545,2.488,0.935,Tag 0,0.13774614332169147,0.5509845732867659
2026-01-21 16:22:14.917,0.25,墙壁电源,2.44,2.57,0.97,2.355,2.611,1.107,Tag 1,0.16635804759614134,0.6654321903845654
2026-01-21 16:22:14.967,0.25,墙壁电源,2.44,2.57,0.97,2.54,2.482,0.953,Tag 0,0.13428700607281388,0.5371480242912555
2026-01-21 16:22:14.967,0.25,墙壁电源,2.44,2.57,0.97,2.355,2.611,1.107,Tag 1,0.16635804759614134,0.6654321903845654
2026-01-21 16:22:15.016,0.25,墙壁电源,2.44,2.57,0.97,2.54,2.482,0.953,Tag 0,0.13428700607281388,0.5371480242912555
2026-01-21 16:22:15.016,0.25,墙壁电源,2.44,2.57,0.97,2.389,2.606,1.112,Tag 1,0.1551160855617497,0.6204643422469988
2026-01-21 16:22:15.066,0.25,墙壁电源,2.44,2.57,0.97,2.534,2.474,0.974,Tag 0,0.13441726079637206,0.5376690431854882
2026-01-21 16:22:15.066,0.25,墙壁电源,2.44,2.57,0.97,2.389,2.606,1.112,Tag 1,0.1551160855617497,0.6204643422469988
2026-01-21 16:22:15.116,0.25,墙壁电源,2.44,2.57,0.97,2.534,2.474,0.974,Tag 0,0.13441726079637206,0.5376690431854882
2026-01-21 16:22:15.116,0.25,墙壁电源,2.44,2.57,0.97,2.416,2.598,1.108,Tag 1,0.1428425706853529,0.5713702827414116
2026-01-21 16:22:15.166,0.25,墙壁电源,2.44,2.57,0.97,2.526,2.468,0.999,Tag 0,0.13653204751998685,0.5461281900799474
2026-01-21 16:22:15.166,0.25,墙壁电源,2.44,2.57,0.97,2.416,2.598,1.108,Tag 1,0.1428425706853529,0.5713702827414116
2026-01-21 16:22:15.217,0.25,墙壁电源,2.44,2.57,0.97,2.526,2.468,0.999,Tag 0,0.13653204751998685,0.5461281900799474
2026-01-21 16:22:15.217,0.25,墙壁电源,2.44,2.57,0.97,2.441,2.585,1.103,Tag 1,0.13384692749555369,0.5353877099822147
2026-01-21 16:22:15.267,0.25,墙壁电源,2.44,2.57,0.97,2.516,2.463,1.029,Tag 0,0.14389579563003205,0.5755831825201282
2026-01-21 16:22:15.267,0.25,墙壁电源,2.44,2.57,0.97,2.441,2.585,1.103,Tag 1,0.13384692749555369,0.5353877099822147
2026-01-21 16:22:15.317,0.25,墙壁电源,2.44,2.57,0.97,2.516,2.463,1.029,Tag 0,0.14389579563003205,0.5755831825201282
2026-01-21 16:22:15.317,0.25,墙壁电源,2.44,2.57,0.97,2.466,2.569,1.099,Tag 1,0.1315978723232257,0.5263914892929028
2026-01-21 16:22:15.368,0.25,墙壁电源,2.44,2.57,0.97,2.506,2.457,1.059,Tag 0,0.15825928092848132,0.6330371237139253
2026-01-21 16:22:15.368,0.25,墙壁电源,2.44,2.57,0.97,2.466,2.569,1.099,Tag 1,0.1315978723232257,0.5263914892929028
2026-01-21 16:22:15.417,0.25,墙壁电源,2.44,2.57,0.97,2.506,2.457,1.059,Tag 0,0.15825928092848132,0.6330371237139253
2026-01-21 16:22:15.417,0.25,墙壁电源,2.44,2.57,0.97,2.492,2.548,1.098,Tag 1,0.13989996426018136,0.5595998570407255
2026-01-21 16:22:15.466,0.25,墙壁电源,2.44,2.57,0.97,2.506,2.454,1.075,Tag 0,0.16981460479004712,0.6792584191601885
2026-01-21 16:22:15.466,0.25,墙壁电源,2.44,2.57,0.97,2.492,2.548,1.098,Tag 1,0.13989996426018136,0.5595998570407255
2026-01-21 16:22:15.516,0.25,墙壁电源,2.44,2.57,0.97,2.506,2.454,1.075,Tag 0,0.16981460479004712,0.6792584191601885
2026-01-21 16:22:15.516,0.25,墙壁电源,2.44,2.57,0.97,2.513,2.531,1.097,Tag 1,0.15158825812047572,0.6063530324819029
2026-01-21 16:22:15.566,0.25,墙壁电源,2.44,2.57,0.97,2.51,2.455,1.079,Tag 0,0.17322240039902437,0.6928896015960975
2026-01-21 16:22:15.566,0.25,墙壁电源,2.44,2.57,0.97,2.513,2.531,1.097,Tag 1,0.15158825812047572,0.6063530324819029
2026-01-21 16:22:15.618,0.25,墙壁电源,2.44,2.57,0.97,2.51,2.455,1.079,Tag 0,0.17322240039902437,0.6928896015960975
2026-01-21 16:22:15.618,0.25,墙壁电源,2.44,2.57,0.97,2.532,2.516,1.099,Tag 1,0.16739474304768354,0.6695789721907341
2026-01-21 16:22:15.667,0.25,墙壁电源,2.44,2.57,0.97,2.521,2.461,1.075,Tag 0,0.17165954677791734,0.6866381871116694
2026-01-21 16:22:15.667,0.25,墙壁电源,2.44,2.57,0.97,2.532,2.516,1.099,Tag 1,0.16739474304768354,0.6695789721907341
2026-01-21 16:22:15.718,0.25,墙壁电源,2.44,2.57,0.97,2.521,2.461,1.075,Tag 0,0.17165954677791734,0.6866381871116694
2026-01-21 16:22:15.718,0.25,墙壁电源,2.44,2.57,0.97,2.548,2.502,1.1,Tag 1,0.1821757393288142,0.7287029573152568
2026-01-21 16:22:15.766,0.25,墙壁电源,2.44,2.57,0.97,2.533,2.469,1.06,Tag 0,0.16416455159382007,0.6566582063752803
2026-01-21 16:22:15.766,0.25,墙壁电源,2.44,2.57,0.97,2.548,2.502,1.1,Tag 1,0.1821757393288142,0.7287029573152568
2026-01-21 16:22:15.816,0.25,墙壁电源,2.44,2.57,0.97,2.533,2.469,1.06,Tag 0,0.16416455159382007,0.6566582063752803
2026-01-21 16:22:15.816,0.25,墙壁电源,2.44,2.57,0.97,2.565,2.49,1.1,Tag 1,0.19729419656948852,0.7891767862779541
2026-01-21 16:22:15.867,0.25,墙壁电源,2.44,2.57,0.97,2.548,2.477,1.036,Tag 0,0.15706368135250118,0.6282547254100047
2026-01-21 16:22:15.867,0.25,墙壁电源,2.44,2.57,0.97,2.565,2.49,1.1,Tag 1,0.19729419656948852,0.7891767862779541
2026-01-21 16:22:15.917,0.25,墙壁电源,2.44,2.57,0.97,2.548,2.477,1.036,Tag 0,0.15706368135250118,0.6282547254100047
2026-01-21 16:22:15.917,0.25,墙壁电源,2.44,2.57,0.97,2.581,2.478,1.101,Tag 1,0.2133213538303185,0.853285415321274
2026-01-21 16:22:15.969,0.25,墙壁电源,2.44,2.57,0.97,2.565,2.487,1.006,Tag 0,0.1543048929878763,0.6172195719515052
2026-01-21 16:22:15.969,0.25,墙壁电源,2.44,2.57,0.97,2.581,2.478,1.101,Tag 1,0.2133213538303185,0.853285415321274
2026-01-21 16:22:16.016,0.25,墙壁电源,2.44,2.57,0.97,2.565,2.487,1.006,Tag 0,0.1543048929878763,0.6172195719515052
2026-01-21 16:22:16.016,0.25,墙壁电源,2.44,2.57,0.97,2.593,2.468,1.099,Tag 1,0.22461967856801857,0.8984787142720743
2026-01-21 16:22:16.066,0.25,墙壁电源,2.44,2.57,0.97,2.575,2.499,0.98,Tag 0,0.15285941253321636,0.6114376501328654
2026-01-21 16:22:16.066,0.25,墙壁电源,2.44,2.57,0.97,2.593,2.468,1.099,Tag 1,0.22461967856801857,0.8984787142720743
2026-01-21 16:22:16.118,0.25,墙壁电源,2.44,2.57,0.97,2.575,2.499,0.98,Tag 0,0.15285941253321636,0.6114376501328654
2026-01-21 16:22:16.118,0.25,墙壁电源,2.44,2.57,0.97,2.609,2.452,1.102,Tag 1,0.2447631508213604,0.9790526032854416
2026-01-21 16:22:16.166,0.25,墙壁电源,2.44,2.57,0.97,2.56,2.532,0.943,Tag 0,0.12873616430514004,0.5149446572205602
2026-01-21 16:22:16.166,0.25,墙壁电源,2.44,2.57,0.97,2.609,2.452,1.102,Tag 1,0.2447631508213604,0.9790526032854416
2026-01-21 16:22:16.216,0.25,墙壁电源,2.44,2.57,0.97,2.56,2.532,0.943,Tag 0,0.12873616430514004,0.5149446572205602
2026-01-21 16:22:16.266,0.25,墙壁电源,2.44,2.57,0.97,2.493,2.609,0.831,Tag 0,0.15378881623837284,0.6151552649534914
2026-01-21 16:22:16.316,0.25,墙壁电源,2.44,2.57,0.97,2.493,2.609,0.831,Tag 0,0.15378881623837284,0.6151552649534914
2026-01-21 16:22:16.316,0.25,墙壁电源,2.44,2.57,0.97,2.621,2.46,1.083,Tag 1,0.24006249186409773,0.9602499674563909
2026-01-21 16:22:16.366,0.25,墙壁电源,2.44,2.57,0.97,2.621,2.46,1.083,Tag 1,0.24006249186409773,0.9602499674563909
2026-01-21 16:22:16.417,0.25,墙壁电源,2.44,2.57,0.97,2.616,2.48,1.06,Tag 1,0.21720036832381304,0.8688014732952521
2026-01-21 16:22:16.468,0.25,墙壁电源,2.44,2.57,0.97,2.616,2.48,1.06,Tag 1,0.21720036832381304,0.8688014732952521
2026-01-21 16:22:16.517,0.25,墙壁电源,2.44,2.57,0.97,2.607,2.501,1.03,Tag 1,0.19039432764659794,0.7615773105863918
2026-01-21 16:22:16.566,0.25,墙壁电源,2.44,2.57,0.97,2.607,2.501,1.03,Tag 1,0.19039432764659794,0.7615773105863918
2026-01-21 16:22:16.617,0.25,墙壁电源,2.44,2.57,0.97,2.535,2.584,0.949,Tag 1,0.09829547293746566,0.3931818917498626
2026-01-21 16:22:16.666,0.25,墙壁电源,2.44,2.57,0.97,2.535,2.584,0.949,Tag 1,0.09829547293746566,0.3931818917498626
2026-01-21 16:22:16.716,0.25,墙壁电源,2.44,2.57,0.97,2.447,2.681,0.833,Tag 1,0.17646246059714812,0.7058498423885925
2026-01-21 16:22:16.766,0.25,墙壁电源,2.44,2.57,0.97,2.447,2.681,0.833,Tag 1,0.17646246059714812,0.7058498423885925
2026-01-21 16:22:16.866,0.25,墙壁电源,2.44,2.57,0.97,2.306,2.559,0.786,Tag 0,0.22788813045000816,0.9115525218000327
2026-01-21 16:22:16.916,0.25,墙壁电源,2.44,2.57,0.97,2.306,2.559,0.786,Tag 0,0.22788813045000816,0.9115525218000327
2026-01-21 16:22:16.967,0.25,墙壁电源,2.44,2.57,0.97,2.366,2.418,0.914,Tag 0,0.17808986495586962,0.7123594598234785
2026-01-21 16:22:17.017,0.25,墙壁电源,2.44,2.57,0.97,2.366,2.418,0.914,Tag 0,0.17808986495586962,0.7123594598234785
2026-01-21 16:22:17.565,0.5,接地夹下端,3.02,1.53,1.61,2.643,1.621,1.337,Tag 0,0.4742773450208224,0.9485546900416448
2026-01-21 16:22:17.615,0.5,接地夹下端,3.02,1.53,1.61,2.643,1.621,1.337,Tag 0,0.4742773450208224,0.9485546900416448
2026-01-21 16:22:17.665,0.5,接地夹下端,3.02,1.53,1.61,2.657,1.575,1.317,Tag 0,0.4686608581906538,0.9373217163813076
2026-01-21 16:22:17.717,0.5,接地夹下端,3.02,1.53,1.61,2.657,1.575,1.317,Tag 0,0.4686608581906538,0.9373217163813076
2026-01-21 16:22:17.765,0.5,接地夹下端,3.02,1.53,1.61,2.66,1.534,1.294,Tag 0,0.47903235798847654,0.9580647159769531
2026-01-21 16:22:17.815,0.5,接地夹下端,3.02,1.53,1.61,2.66,1.534,1.294,Tag 0,0.47903235798847654,0.9580647159769531
2026-01-21 16:22:17.866,0.5,接地夹下端,3.02,1.53,1.61,2.656,1.491,1.281,Tag 0,0.4921971149854497,0.9843942299708994
2026-01-21 16:22:17.915,0.5,接地夹下端,3.02,1.53,1.61,2.656,1.491,1.281,Tag 0,0.4921971149854497,0.9843942299708994
2026-01-21 16:22:18.515,0.5,焊机电源,1.45,2.1,0.39,1.766,2.443,0.361,Tag 1,0.46727507958375014,0.9345501591675003
2026-01-21 16:22:18.566,0.5,焊机电源,1.45,2.1,0.39,1.766,2.443,0.361,Tag 1,0.46727507958375014,0.9345501591675003
2026-01-21 16:22:18.617,0.5,焊机电源,1.45,2.1,0.39,1.731,2.325,0.516,Tag 1,0.3813948085645636,0.7627896171291272
2026-01-21 16:22:18.667,0.5,焊机电源,1.45,2.1,0.39,1.731,2.325,0.516,Tag 1,0.3813948085645636,0.7627896171291272
2026-01-21 16:22:18.716,0.5,焊机电源,1.45,2.1,0.39,1.728,2.152,0.746,Tag 1,0.4546691104528655,0.909338220905731
2026-01-21 16:22:18.766,0.5,焊机电源,1.45,2.1,0.39,1.728,2.152,0.746,Tag 1,0.4546691104528655,0.909338220905731
2026-01-21 16:22:20.417,0.5,焊机电源,1.45,2.1,0.39,1.56,1.975,0.79,Tag 1,0.4332724316177987,0.8665448632355974
2026-01-21 16:22:20.466,0.5,焊机电源,1.45,2.1,0.39,1.56,1.975,0.79,Tag 1,0.4332724316177987,0.8665448632355974
2026-01-21 16:22:20.517,0.5,焊机电源,1.45,2.1,0.39,1.458,2.023,0.75,Tag 1,0.368229547972457,0.736459095944914
2026-01-21 16:22:20.567,0.5,焊机电源,1.45,2.1,0.39,1.458,2.023,0.75,Tag 1,0.368229547972457,0.736459095944914
2026-01-21 16:22:20.616,0.5,焊机电源,1.45,2.1,0.39,1.351,2.159,0.486,Tag 1,0.14999333318517846,0.2999866663703569
2026-01-21 16:22:20.666,0.5,焊机电源,1.45,2.1,0.39,1.351,2.159,0.486,Tag 1,0.14999333318517846,0.2999866663703569
2026-01-21 16:22:20.717,0.5,焊机电源,1.45,2.1,0.39,1.218,2.247,0.333,Tag 1,0.28050311941224454,0.5610062388244891
2026-01-21 16:22:20.766,0.5,焊机电源,1.45,2.1,0.39,1.218,2.247,0.333,Tag 1,0.28050311941224454,0.5610062388244891
2026-01-21 16:22:20.817,0.5,焊机电源,1.45,2.1,0.39,1.141,2.279,0.232,Tag 1,0.39049455822072593,0.7809891164414519
2026-01-21 16:22:20.866,0.5,焊机电源,1.45,2.1,0.39,1.141,2.279,0.232,Tag 1,0.39049455822072593,0.7809891164414519
2026-01-21 16:22:20.916,0.5,焊机电源,1.45,2.1,0.39,1.088,2.292,0.232,Tag 1,0.4391719481023348,0.8783438962046696
2026-01-21 16:22:20.965,0.5,焊机电源,1.45,2.1,0.39,1.088,2.292,0.232,Tag 1,0.4391719481023348,0.8783438962046696
2026-01-21 16:22:21.315,0.5,焊机电源,1.45,2.1,0.39,1.017,2.21,0.269,Tag 1,0.462849867667692,0.925699735335384
2026-01-21 16:22:21.365,0.5,焊机电源,1.45,2.1,0.39,1.017,2.21,0.269,Tag 1,0.462849867667692,0.925699735335384
2026-01-21 16:22:21.416,0.5,焊机电源,1.45,2.1,0.39,1.097,2.093,0.426,Tag 1,0.35489998591152405,0.7097999718230481
2026-01-21 16:22:21.467,0.5,焊机电源,1.45,2.1,0.39,1.097,2.093,0.426,Tag 1,0.35489998591152405,0.7097999718230481
2026-01-21 16:22:21.515,0.5,焊机电源,1.45,2.1,0.39,1.204,1.957,0.59,Tag 1,0.3478002300171752,0.6956004600343504
2026-01-21 16:22:21.566,0.5,焊机电源,1.45,2.1,0.39,1.204,1.957,0.59,Tag 1,0.3478002300171752,0.6956004600343504
2026-01-21 16:22:21.616,0.5,焊机电源,1.45,2.1,0.39,1.319,1.823,0.756,Tag 1,0.4773321694585439,0.9546643389170878
2026-01-21 16:22:21.666,0.5,焊机电源,1.45,2.1,0.39,1.319,1.823,0.756,Tag 1,0.4773321694585439,0.9546643389170878
2026-01-21 16:22:22.365,0.5,接地夹下端,3.02,1.53,1.61,2.738,1.418,1.234,Tag 0,0.4831604288432571,0.9663208576865142
2026-01-21 16:22:22.416,0.5,接地夹下端,3.02,1.53,1.61,2.738,1.418,1.234,Tag 0,0.4831604288432571,0.9663208576865142
2026-01-21 16:22:22.466,0.5,接地夹下端,3.02,1.53,1.61,2.853,1.464,1.262,Tag 0,0.39159800816653806,0.7831960163330761
2026-01-21 16:22:22.515,0.5,接地夹下端,3.02,1.53,1.61,2.853,1.464,1.262,Tag 0,0.39159800816653806,0.7831960163330761
2026-01-21 16:22:22.567,0.5,接地夹下端,3.02,1.53,1.61,2.95,1.515,1.273,Tag 0,0.3445199558806429,0.6890399117612858
2026-01-21 16:22:22.615,0.5,接地夹下端,3.02,1.53,1.61,2.95,1.515,1.273,Tag 0,0.3445199558806429,0.6890399117612858
2026-01-21 16:22:22.666,0.5,接地夹下端,3.02,1.53,1.61,3.073,1.57,1.267,Tag 0,0.3493680008243458,0.6987360016486917
2026-01-21 16:22:22.715,0.5,接地夹下端,3.02,1.53,1.61,3.073,1.57,1.267,Tag 0,0.3493680008243458,0.6987360016486917
2026-01-21 16:22:22.765,0.5,接地夹下端,3.02,1.53,1.61,3.212,1.612,1.239,Tag 0,0.4257099951845153,0.8514199903690306
2026-01-21 16:22:22.816,0.5,接地夹下端,3.02,1.53,1.61,3.212,1.612,1.239,Tag 0,0.4257099951845153,0.8514199903690306
2026-01-21 16:22:22.816,0.5,接地夹下端,3.02,1.53,1.61,2.628,1.388,1.376,Tag 1,0.4781045910676868,0.9562091821353736
2026-01-21 16:22:22.866,0.5,接地夹下端,3.02,1.53,1.61,2.628,1.388,1.376,Tag 1,0.4781045910676868,0.9562091821353736
2026-01-21 16:22:22.917,0.5,接地夹下端,3.02,1.53,1.61,2.76,1.409,1.408,Tag 1,0.35077770738745667,0.7015554147749133
2026-01-21 16:22:22.966,0.5,接地夹下端,3.02,1.53,1.61,2.76,1.409,1.408,Tag 1,0.35077770738745667,0.7015554147749133
2026-01-21 16:22:23.015,0.5,接地夹下端,3.02,1.53,1.61,2.901,1.415,1.44,Tag 1,0.23724670703721074,0.47449341407442147
2026-01-21 16:22:23.065,0.5,接地夹下端,3.02,1.53,1.61,2.901,1.415,1.44,Tag 1,0.23724670703721074,0.47449341407442147
2026-01-21 16:22:23.117,0.5,接地夹下端,3.02,1.53,1.61,3.054,1.399,1.466,Tag 1,0.19761831898890353,0.39523663797780706
2026-01-21 16:22:23.166,0.5,接地夹下端,3.02,1.53,1.61,3.054,1.399,1.466,Tag 1,0.19761831898890353,0.39523663797780706
2026-01-21 16:22:23.216,0.5,接地夹下端,3.02,1.53,1.61,3.187,1.382,1.493,Tag 1,0.2519563454251549,0.5039126908503098
2026-01-21 16:22:23.266,0.5,接地夹下端,3.02,1.53,1.61,3.187,1.382,1.493,Tag 1,0.2519563454251549,0.5039126908503098
2026-01-21 16:22:23.316,0.5,接地夹下端,3.02,1.53,1.61,3.298,1.363,1.512,Tag 1,0.3387875440449369,0.6775750880898738
2026-01-21 16:22:23.366,0.5,接地夹下端,3.02,1.53,1.61,3.298,1.363,1.512,Tag 1,0.3387875440449369,0.6775750880898738
2026-01-21 16:22:23.416,0.5,接地夹下端,3.02,1.53,1.61,3.416,1.346,1.512,Tag 1,0.44752206649504994,0.8950441329900999
2026-01-21 16:22:23.466,0.5,接地夹下端,3.02,1.53,1.61,3.416,1.346,1.512,Tag 1,0.44752206649504994,0.8950441329900999
2026-01-21 16:22:26.815,0.5,接地夹下端,3.02,1.53,1.61,3.339,1.466,1.478,Tag 1,0.35111394162009574,0.7022278832401915
2026-01-21 16:22:26.866,0.5,接地夹下端,3.02,1.53,1.61,3.339,1.466,1.478,Tag 1,0.35111394162009574,0.7022278832401915
2026-01-21 16:22:26.917,0.5,接地夹下端,3.02,1.53,1.61,3.202,1.518,1.493,Tag 1,0.2166956390885612,0.4333912781771224
2026-01-21 16:22:26.965,0.5,接地夹下端,3.02,1.53,1.61,3.202,1.518,1.493,Tag 1,0.2166956390885612,0.4333912781771224
2026-01-21 16:22:27.016,0.5,接地夹下端,3.02,1.53,1.61,3.05,1.605,1.499,Tag 1,0.13728073426377052,0.27456146852754104
2026-01-21 16:22:27.066,0.5,接地夹下端,3.02,1.53,1.61,3.05,1.605,1.499,Tag 1,0.13728073426377052,0.27456146852754104
2026-01-21 16:22:27.116,0.5,接地夹下端,3.02,1.53,1.61,2.887,1.713,1.494,Tag 1,0.25423217734976045,0.5084643546995209
2026-01-21 16:22:27.166,0.5,接地夹下端,3.02,1.53,1.61,2.887,1.713,1.494,Tag 1,0.25423217734976045,0.5084643546995209
2026-01-21 16:22:27.216,0.5,接地夹下端,3.02,1.53,1.61,2.834,1.746,1.403,Tag 1,0.352279718405701,0.704559436811402
2026-01-21 16:22:27.266,0.5,接地夹下端,3.02,1.53,1.61,3.264,1.746,1.322,Tag 0,0.43489768911779686,0.8697953782355937
2026-01-21 16:22:27.266,0.5,接地夹下端,3.02,1.53,1.61,2.834,1.746,1.403,Tag 1,0.352279718405701,0.704559436811402
2026-01-21 16:22:27.315,0.5,接地夹下端,3.02,1.53,1.61,3.264,1.746,1.322,Tag 0,0.43489768911779686,0.8697953782355937
2026-01-21 16:22:27.366,0.5,接地夹下端,3.02,1.53,1.61,3.166,1.681,1.31,Tag 0,0.36621987930750016,0.7324397586150003
2026-01-21 16:22:27.415,0.5,接地夹下端,3.02,1.53,1.61,3.166,1.681,1.31,Tag 0,0.36621987930750016,0.7324397586150003
2026-01-21 16:22:27.466,0.5,接地夹下端,3.02,1.53,1.61,3.076,1.639,1.3,Tag 0,0.33334216654962817,0.6666843330992563
2026-01-21 16:22:27.516,0.5,接地夹下端,3.02,1.53,1.61,3.076,1.639,1.3,Tag 0,0.33334216654962817,0.6666843330992563
2026-01-21 16:22:27.566,0.5,接地夹下端,3.02,1.53,1.61,3.007,1.604,1.284,Tag 0,0.3345459609679962,0.6690919219359924
2026-01-21 16:22:27.617,0.5,接地夹下端,3.02,1.53,1.61,3.007,1.604,1.284,Tag 0,0.3345459609679962,0.6690919219359924
2026-01-21 16:22:27.666,0.5,接地夹下端,3.02,1.53,1.61,2.956,1.576,1.263,Tag 0,0.3558384464894148,0.7116768929788296
2026-01-21 16:22:27.716,0.5,接地夹下端,3.02,1.53,1.61,2.956,1.576,1.263,Tag 0,0.3558384464894148,0.7116768929788296
2026-01-21 16:22:27.766,0.5,接地夹下端,3.02,1.53,1.61,2.914,1.552,1.24,Tag 0,0.38551264570698596,0.7710252914139719
2026-01-21 16:22:27.815,0.5,接地夹下端,3.02,1.53,1.61,2.914,1.552,1.24,Tag 0,0.38551264570698596,0.7710252914139719
2026-01-21 16:22:27.866,0.5,接地夹下端,3.02,1.53,1.61,2.88,1.53,1.219,Tag 0,0.415308319203938,0.830616638407876
2026-01-21 16:22:27.917,0.5,接地夹下端,3.02,1.53,1.61,2.88,1.53,1.219,Tag 0,0.415308319203938,0.830616638407876
2026-01-21 16:22:27.966,0.5,接地夹下端,3.02,1.53,1.61,2.849,1.512,1.197,Tag 0,0.4473633869685806,0.8947267739371612
2026-01-21 16:22:28.015,0.5,接地夹下端,3.02,1.53,1.61,2.849,1.512,1.197,Tag 0,0.4473633869685806,0.8947267739371612
2026-01-21 16:22:28.066,0.5,接地夹下端,3.02,1.53,1.61,2.816,1.498,1.177,Tag 0,0.4797176252755366,0.9594352505510731
2026-01-21 16:22:28.116,0.5,接地夹下端,3.02,1.53,1.61,2.816,1.498,1.177,Tag 0,0.4797176252755366,0.9594352505510731
2026-01-21 16:22:31.715,0.5,焊机电源,1.45,2.1,0.39,1.548,2.501,0.198,Tag 1,0.45526805290949185,0.9105361058189837
2026-01-21 16:22:31.765,0.5,焊机电源,1.45,2.1,0.39,1.548,2.501,0.198,Tag 1,0.45526805290949185,0.9105361058189837
2026-01-21 16:22:31.816,0.5,焊机电源,1.45,2.1,0.39,1.554,2.438,0.278,Tag 1,0.37095013141930555,0.7419002628386111
2026-01-21 16:22:31.864,0.5,焊机电源,1.45,2.1,0.39,1.554,2.438,0.278,Tag 1,0.37095013141930555,0.7419002628386111
2026-01-21 16:22:31.916,0.5,焊机电源,1.45,2.1,0.39,1.511,2.423,0.187,Tag 1,0.38634052337284003,0.7726810467456801
2026-01-21 16:22:31.966,0.5,焊机电源,1.45,2.1,0.39,1.511,2.423,0.187,Tag 1,0.38634052337284003,0.7726810467456801
2026-01-21 16:22:32.016,0.5,焊机电源,1.45,2.1,0.39,1.515,2.352,0.329,Tag 1,0.267301328092473,0.534602656184946
2026-01-21 16:22:32.066,0.5,焊机电源,1.45,2.1,0.39,1.515,2.352,0.329,Tag 1,0.267301328092473,0.534602656184946
2026-01-21 16:22:32.115,0.5,焊机电源,1.45,2.1,0.39,1.534,2.255,0.503,Tag 1,0.20940391591371912,0.41880783182743825
2026-01-21 16:22:32.166,0.5,焊机电源,1.45,2.1,0.39,1.534,2.255,0.503,Tag 1,0.20940391591371912,0.41880783182743825
2026-01-21 16:22:32.216,0.5,焊机电源,1.45,2.1,0.39,1.553,2.149,0.638,Tag 1,0.27297252609008105,0.5459450521801621
2026-01-21 16:22:32.266,0.5,焊机电源,1.45,2.1,0.39,1.553,2.149,0.638,Tag 1,0.27297252609008105,0.5459450521801621
2026-01-21 16:22:32.314,0.5,焊机电源,1.45,2.1,0.39,1.569,2.045,0.77,Tag 1,0.40197761131684934,0.8039552226336987
2026-01-21 16:22:32.366,0.5,焊机电源,1.45,2.1,0.39,1.569,2.045,0.77,Tag 1,0.40197761131684934,0.8039552226336987
2026-01-21 16:22:36.366,0.6,锤子,0.24,0.17,0.0,-0.019,-0.36,-0.0,Tag 0,0.5898991439220777,0.9831652398701295
2026-01-21 16:22:36.414,0.6,锤子,0.24,0.17,0.0,-0.019,-0.36,-0.0,Tag 0,0.5898991439220777,0.9831652398701295
2026-01-21 16:22:43.064,0.6,锤子,0.24,0.17,0.0,0.016,-0.38,0.0,Tag 0,0.5938653045935586,0.989775507655931
2026-01-21 16:22:43.113,0.6,锤子,0.24,0.17,0.0,0.016,-0.38,0.0,Tag 0,0.5938653045935586,0.989775507655931
2026-01-21 16:22:43.166,0.6,锤子,0.24,0.17,0.0,0.007,-0.368,0.0,Tag 0,0.5862874721499685,0.9771457869166141
2026-01-21 16:22:43.215,0.6,锤子,0.24,0.17,0.0,0.007,-0.368,0.0,Tag 0,0.5862874721499685,0.9771457869166141
2026-01-21 16:22:43.265,0.6,锤子,0.24,0.17,0.0,-0.011,-0.351,0.0,Tag 0,0.578309605661189,0.9638493427686484
2026-01-21 16:22:43.315,0.6,锤子,0.24,0.17,0.0,-0.011,-0.351,0.0,Tag 0,0.578309605661189,0.9638493427686484
2026-01-21 16:22:43.364,0.6,锤子,0.24,0.17,0.0,-0.042,-0.327,-0.0,Tag 0,0.5714306607104662,0.9523844345174437
2026-01-21 16:22:43.416,0.6,锤子,0.24,0.17,0.0,-0.042,-0.327,-0.0,Tag 0,0.5714306607104662,0.9523844345174437
2026-01-21 16:22:43.465,0.6,锤子,0.24,0.17,0.0,-0.08,-0.294,0.0,Tag 0,0.5636452785218732,0.9394087975364553
2026-01-21 16:22:43.515,0.6,锤子,0.24,0.17,0.0,-0.08,-0.294,0.0,Tag 0,0.5636452785218732,0.9394087975364553
2026-01-21 16:22:45.115,0.2,待焊钢板,0.81,0.46,0.0,0.834,0.497,-0.068,Tag 1,0.0810493676718085,0.40524683835904246
2026-01-21 16:22:45.166,0.2,待焊钢板,0.81,0.46,0.0,0.834,0.497,-0.068,Tag 1,0.0810493676718085,0.40524683835904246
2026-01-21 16:22:45.216,0.2,待焊钢板,0.81,0.46,0.0,0.84,0.519,0.123,Tag 1,0.13967820159208807,0.6983910079604403
2026-01-21 16:22:45.265,0.2,待焊钢板,0.81,0.46,0.0,0.84,0.519,0.123,Tag 1,0.13967820159208807,0.6983910079604403
