珂쇌,괩쒸埴令(쵠),괩쒸듐츰냔,괩쒸듐X(쵠),괩쒸듐Y(쵠),괩쒸듐Z(쵠),깃푯X(쵠),깃푯Y(쵠),깃푯Z(쵠),깃푯뵀,,췻삽포∪答芎∪쌈뒈셸、보겉풂∪퓰귿든都∪보샙든都∪든箕든직旗큐∪덤보멀겼、멀岬∪보쌈珂癎控貫零∪보샙든都∪퓰귿든都∪쌈뒈셸、보겉풂∪뉨綾,,,,,,,
45:16.2,0.5,췻삽포겉癎,2.84,0.69,0.5,3.045,0.347,0.794,T1,덤샙,,,,,,,,
45:16.3,0.5,췻삽포겉癎,2.84,0.69,0.5,3.039,0.379,0.767,T1,,,,,,,,,
45:16.4,0.5,췻삽포겉癎,2.84,0.69,0.5,3.042,0.419,0.739,T1,,,,,,,,,
45:16.5,0.5,췻삽포겉癎,2.84,0.69,0.5,3.057,0.458,0.711,T1,,,,,,,,,
45:16.6,0.5,答芎땅꼬,2.86,0.42,0.25,3.086,0.493,0.672,T1,,,,,,,,,
45:16.6,0.5,췻삽포겉癎,2.84,0.69,0.5,3.086,0.493,0.672,T1,,,,,,,,,
45:16.7,0.5,答芎땅꼬,2.86,0.42,0.25,3.134,0.522,0.623,T1,,,,,,,,,
45:16.7,0.5,췻삽포겉癎,2.84,0.69,0.5,3.134,0.522,0.623,T1,,,,,,,,,
45:16.8,0.5,答芎땅꼬,2.86,0.42,0.25,3.198,0.547,0.557,T1,,,,,,,,,
45:16.8,0.5,췻삽포겉癎,2.84,0.69,0.5,3.198,0.547,0.557,T1,,,,,,,,,
45:16.9,0.5,答芎땅꼬,2.86,0.42,0.25,3.255,0.567,0.49,T1,,,,,,,,,
45:16.9,0.5,췻삽포겉癎,2.84,0.69,0.5,3.255,0.567,0.49,T1,,,,,,,,,
45:17.0,0.5,췻삽포겉癎,2.84,0.69,0.5,3.3,0.583,0.431,T1,,,,,,,,,
45:17.1,0.5,答芎땅꼬,2.86,0.42,0.25,2.484,0.243,0.495,T0,,,,,,,,,
45:17.2,0.5,答芎땅꼬,2.86,0.42,0.25,2.503,0.225,0.494,T0,,,,,,,,,
45:17.3,0.5,答芎땅꼬,2.86,0.42,0.25,2.522,0.189,0.507,T0,,,,,,,,,
45:17.7,0.5,答芎땅꼬,2.86,0.42,0.25,3.282,0.627,0.245,T1,,,,,,,,,
45:17.8,0.5,答芎땅꼬,2.86,0.42,0.25,3.234,0.63,0.288,T1,,,,,,,,,
45:17.8,0.5,췻삽포겉癎,2.84,0.69,0.5,3.234,0.63,0.288,T1,,,,,,,,,
45:17.9,0.5,答芎땅꼬,2.86,0.42,0.25,3.186,0.633,0.323,T1,,,,,,,,,
45:17.9,0.5,췻삽포겉癎,2.84,0.69,0.5,3.186,0.633,0.323,T1,,,,,,,,,
45:18.0,0.5,答芎땅꼬,2.86,0.42,0.25,3.135,0.642,0.38,T1,,,,,,,,,
45:18.0,0.5,췻삽포겉癎,2.84,0.69,0.5,3.135,0.642,0.38,T1,,,,,,,,,
45:18.1,0.5,答芎땅꼬,2.86,0.42,0.25,3.086,0.655,0.447,T1,,,,,,,,,
45:18.1,0.5,췻삽포겉癎,2.84,0.69,0.5,3.086,0.655,0.447,T1,,,,,,,,,
45:18.2,0.5,答芎땅꼬,2.86,0.42,0.25,3.047,0.668,0.518,T1,,,,,,,,,
45:18.2,0.5,췻삽포겉癎,2.84,0.69,0.5,3.047,0.668,0.518,T1,,,,,,,,,
45:18.3,0.5,答芎땅꼬,2.86,0.42,0.25,3.018,0.676,0.59,T1,,,,,,,,,
45:18.3,0.5,췻삽포겉癎,2.84,0.69,0.5,3.018,0.676,0.59,T1,,,,,,,,,
45:18.4,0.5,췻삽포겉癎,2.84,0.69,0.5,3.001,0.677,0.673,T1,,,,,,,,,
45:18.5,0.5,췻삽포겉癎,2.84,0.69,0.5,3.001,0.674,0.754,T1,,,,,,,,,
45:18.6,0.5,答芎땅꼬,2.86,0.42,0.25,2.463,0.256,0.5,T0,,,,,,,,,
45:18.6,0.5,췻삽포겉癎,2.84,0.69,0.5,3.011,0.658,0.806,T1,,,,,,,,,
45:18.7,0.5,췻삽포겉癎,2.84,0.69,0.5,3.022,0.631,0.845,T1,,,,,,,,,
45:18.8,0.5,答芎땅꼬,2.86,0.42,0.25,2.405,0.282,0.311,T0,,,,,,,,,
45:18.8,0.5,췻삽포겉癎,2.84,0.69,0.5,3.024,0.595,0.883,T1,,,,,,,,,
45:18.9,0.5,答芎땅꼬,2.86,0.42,0.25,2.384,0.296,0.296,T0,,,,,,,,,
45:18.9,0.5,췻삽포겉癎,2.84,0.69,0.5,3.019,0.56,0.916,T1,,,,,,,,,
45:19.0,0.5,췻삽포겉癎,2.84,0.69,0.5,3.005,0.527,0.935,T1,,,,,,,,,
45:19.2,0.5,答芎땅꼬,2.86,0.42,0.25,2.374,0.33,0.187,T0,,,,,,,,,
45:19.3,0.5,答芎땅꼬,2.86,0.42,0.25,2.374,0.339,0.245,T0,,,,,,,,,
45:19.4,0.5,答芎땅꼬,2.86,0.42,0.25,2.376,0.344,0.184,T0,,,,,,,,,
45:22.6,0.5,보겉풂苟똥,3.02,1.15,1.56,2.629,0.938,1.391,T1,,,,,,,,,
45:22.7,0.5,보겉풂苟똥,3.02,1.15,1.56,2.684,0.908,1.282,T1,,,,,,,,,
45:22.8,0.5,췻삽포겉癎,2.84,0.69,0.5,2.643,0.425,0.799,T0,,,,,,,,,
45:22.9,0.5,췻삽포겉癎,2.84,0.69,0.5,2.69,0.457,0.764,T0,,,,,,,,,
45:23.0,0.5,答芎땅꼬,2.86,0.42,0.25,2.739,0.484,0.728,T0,,,,,,,,,
45:23.0,0.5,췻삽포겉癎,2.84,0.69,0.5,2.739,0.484,0.728,T0,,,,,,,,,
45:23.1,0.5,答芎땅꼬,2.86,0.42,0.25,2.789,0.512,0.69,T0,,,,,,,,,
45:23.1,0.5,췻삽포겉癎,2.84,0.69,0.5,2.789,0.512,0.69,T0,,,,,,,,,
45:23.1,0.5,췻삽포겉癎,2.84,0.69,0.5,2.852,0.8,0.943,T1,,,,,,,,,
45:23.2,0.5,答芎땅꼬,2.86,0.42,0.25,2.843,0.529,0.648,T0,,,,,,,,,
45:23.2,0.5,췻삽포겉癎,2.84,0.69,0.5,2.843,0.529,0.648,T0,,,,,,,,,
45:23.2,0.5,췻삽포겉癎,2.84,0.69,0.5,2.884,0.784,0.874,T1,,,,,,,,,
45:23.3,0.5,答芎땅꼬,2.86,0.42,0.25,2.893,0.546,0.615,T0,,,,,,,,,
45:23.3,0.5,췻삽포겉癎,2.84,0.69,0.5,2.893,0.546,0.615,T0,,,,,,,,,
45:23.3,0.5,췻삽포겉癎,2.84,0.69,0.5,2.915,0.768,0.81,T1,,,,,,,,,
45:23.4,0.5,答芎땅꼬,2.86,0.42,0.25,2.932,0.558,0.583,T0,,,,,,,,,
45:23.4,0.5,췻삽포겉癎,2.84,0.69,0.5,2.932,0.558,0.583,T0,,,,,,,,,
45:23.4,0.5,췻삽포겉癎,2.84,0.69,0.5,2.941,0.753,0.753,T1,,,,,,,,,
45:23.5,0.5,答芎땅꼬,2.86,0.42,0.25,2.963,0.568,0.555,T0,,,,,,,,,
45:23.5,0.5,췻삽포겉癎,2.84,0.69,0.5,2.963,0.568,0.555,T0,,,,,,,,,
45:23.5,0.5,췻삽포겉癎,2.84,0.69,0.5,2.963,0.742,0.697,T1,,,,,,,,,
45:23.6,0.5,答芎땅꼬,2.86,0.42,0.25,3.017,0.553,0.45,T0,,,,,,,,,
45:23.6,0.5,췻삽포겉癎,2.84,0.69,0.5,3.017,0.553,0.45,T0,,,,,,,,,
45:23.6,0.5,췻삽포겉癎,2.84,0.69,0.5,2.984,0.733,0.647,T1,,,,,,,,,
45:23.7,0.5,答芎땅꼬,2.86,0.42,0.25,3.032,0.56,0.432,T0,,,,,,,,,
45:23.7,0.5,췻삽포겉癎,2.84,0.69,0.5,3.032,0.56,0.432,T0,,,,,,,,,
45:23.7,0.5,答芎땅꼬,2.86,0.42,0.25,3.003,0.727,0.6,T1,,,,,,,,,
45:23.7,0.5,췻삽포겉癎,2.84,0.69,0.5,3.003,0.727,0.6,T1,,,,,,,,,
45:23.8,0.5,答芎땅꼬,2.86,0.42,0.25,3.044,0.567,0.42,T0,,,,,,,,,
45:23.8,0.5,췻삽포겉癎,2.84,0.69,0.5,3.044,0.567,0.42,T0,,,,,,,,,
45:23.8,0.5,答芎땅꼬,2.86,0.42,0.25,3.019,0.723,0.558,T1,,,,,,,,,
45:23.8,0.5,췻삽포겉癎,2.84,0.69,0.5,3.019,0.723,0.558,T1,,,,,,,,,
45:23.9,0.5,答芎땅꼬,2.86,0.42,0.25,3.051,0.572,0.408,T0,,,,,,,,,
45:23.9,0.5,췻삽포겉癎,2.84,0.69,0.5,3.051,0.572,0.408,T0,,,,,,,,,
45:23.9,0.5,答芎땅꼬,2.86,0.42,0.25,3.034,0.717,0.522,T1,,,,,,,,,
45:23.9,0.5,췻삽포겉癎,2.84,0.69,0.5,3.034,0.717,0.522,T1,,,,,,,,,
45:24.0,0.5,答芎땅꼬,2.86,0.42,0.25,3.058,0.57,0.411,T0,,,,,,,,,
45:24.0,0.5,췻삽포겉癎,2.84,0.69,0.5,3.058,0.57,0.411,T0,,,,,,,,,
45:24.0,0.5,答芎땅꼬,2.86,0.42,0.25,3.047,0.711,0.487,T1,,,,,,,,,
45:24.0,0.5,췻삽포겉癎,2.84,0.69,0.5,3.047,0.711,0.487,T1,,,,,,,,,
45:24.1,0.5,答芎땅꼬,2.86,0.42,0.25,3.062,0.567,0.408,T0,,,,,,,,,
45:24.1,0.5,췻삽포겉癎,2.84,0.69,0.5,3.062,0.567,0.408,T0,,,,,,,,,
45:24.1,0.5,答芎땅꼬,2.86,0.42,0.25,3.063,0.705,0.458,T1,,,,,,,,,
45:24.1,0.5,췻삽포겉癎,2.84,0.69,0.5,3.063,0.705,0.458,T1,,,,,,,,,
45:24.2,0.5,答芎땅꼬,2.86,0.42,0.25,3.035,0.586,0.491,T0,,,,,,,,,
45:24.2,0.5,췻삽포겉癎,2.84,0.69,0.5,3.035,0.586,0.491,T0,,,,,,,,,
45:24.2,0.5,答芎땅꼬,2.86,0.42,0.25,3.075,0.702,0.428,T1,,,,,,,,,
45:24.2,0.5,췻삽포겉癎,2.84,0.69,0.5,3.075,0.702,0.428,T1,,,,,,,,,
45:24.3,0.5,答芎땅꼬,2.86,0.42,0.25,3.038,0.576,0.494,T0,,,,,,,,,
45:24.3,0.5,췻삽포겉癎,2.84,0.69,0.5,3.038,0.576,0.494,T0,,,,,,,,,
45:24.3,0.5,答芎땅꼬,2.86,0.42,0.25,3.086,0.698,0.403,T1,,,,,,,,,
45:24.3,0.5,췻삽포겉癎,2.84,0.69,0.5,3.086,0.698,0.403,T1,,,,,,,,,
45:24.4,0.5,答芎땅꼬,2.86,0.42,0.25,3.04,0.563,0.497,T0,,,,,,,,,
45:24.4,0.5,췻삽포겉癎,2.84,0.69,0.5,3.04,0.563,0.497,T0,,,,,,,,,
45:24.4,0.5,答芎땅꼬,2.86,0.42,0.25,3.095,0.696,0.377,T1,,,,,,,,,
45:24.4,0.5,췻삽포겉癎,2.84,0.69,0.5,3.095,0.696,0.377,T1,,,,,,,,,
45:24.5,0.5,答芎땅꼬,2.86,0.42,0.25,3.042,0.549,0.503,T0,,,,,,,,,
45:24.5,0.5,췻삽포겉癎,2.84,0.69,0.5,3.042,0.549,0.503,T0,,,,,,,,,
45:24.5,0.5,答芎땅꼬,2.86,0.42,0.25,3.102,0.696,0.346,T1,,,,,,,,,
45:24.5,0.5,췻삽포겉癎,2.84,0.69,0.5,3.102,0.696,0.346,T1,,,,,,,,,
45:24.6,0.5,答芎땅꼬,2.86,0.42,0.25,3.04,0.543,0.5,T0,,,,,,,,,
45:24.6,0.5,췻삽포겉癎,2.84,0.69,0.5,3.04,0.543,0.5,T0,,,,,,,,,
45:24.6,0.5,答芎땅꼬,2.86,0.42,0.25,3.11,0.696,0.316,T1,,,,,,,,,
45:24.6,0.5,췻삽포겉癎,2.84,0.69,0.5,3.11,0.696,0.316,T1,,,,,,,,,
45:24.7,0.5,答芎땅꼬,2.86,0.42,0.25,3.035,0.534,0.507,T0,,,,,,,,,
45:24.7,0.5,췻삽포겉癎,2.84,0.69,0.5,3.035,0.534,0.507,T0,,,,,,,,,
45:24.7,0.5,答芎땅꼬,2.86,0.42,0.25,3.111,0.696,0.293,T1,,,,,,,,,
45:24.7,0.5,췻삽포겉癎,2.84,0.69,0.5,3.111,0.696,0.293,T1,,,,,,,,,
45:24.8,0.5,答芎땅꼬,2.86,0.42,0.25,3.025,0.527,0.514,T0,,,,,,,,,
45:24.8,0.5,췻삽포겉癎,2.84,0.69,0.5,3.025,0.527,0.514,T0,,,,,,,,,
45:24.8,0.5,答芎땅꼬,2.86,0.42,0.25,3.11,0.691,0.278,T1,,,,,,,,,
45:24.8,0.5,췻삽포겉癎,2.84,0.69,0.5,3.11,0.691,0.278,T1,,,,,,,,,
45:24.9,0.5,答芎땅꼬,2.86,0.42,0.25,3.005,0.523,0.523,T0,,,,,,,,,
45:24.9,0.5,췻삽포겉癎,2.84,0.69,0.5,3.005,0.523,0.523,T0,,,,,,,,,
45:24.9,0.5,答芎땅꼬,2.86,0.42,0.25,3.103,0.685,0.279,T1,,,,,,,,,
45:24.9,0.5,췻삽포겉癎,2.84,0.69,0.5,3.103,0.685,0.279,T1,,,,,,,,,
45:25.0,0.5,答芎땅꼬,2.86,0.42,0.25,2.975,0.522,0.54,T0,,,,,,,,,
45:25.0,0.5,췻삽포겉癎,2.84,0.69,0.5,2.975,0.522,0.54,T0,,,,,,,,,
45:25.0,0.5,答芎땅꼬,2.86,0.42,0.25,3.089,0.671,0.292,T1,,,,,,,,,
45:25.0,0.5,췻삽포겉癎,2.84,0.69,0.5,3.089,0.671,0.292,T1,,,,,,,,,
45:25.1,0.5,答芎땅꼬,2.86,0.42,0.25,2.933,0.52,0.562,T0,,,,,,,,,
45:25.1,0.5,췻삽포겉癎,2.84,0.69,0.5,2.933,0.52,0.562,T0,,,,,,,,,
45:25.1,0.5,答芎땅꼬,2.86,0.42,0.25,3.068,0.655,0.324,T1,,,,,,,,,
45:25.1,0.5,췻삽포겉癎,2.84,0.69,0.5,3.068,0.655,0.324,T1,,,,,,,,,
45:25.2,0.5,答芎땅꼬,2.86,0.42,0.25,2.876,0.517,0.595,T0,,,,,,,,,
45:25.2,0.5,췻삽포겉癎,2.84,0.69,0.5,2.876,0.517,0.595,T0,,,,,,,,,
45:25.2,0.5,答芎땅꼬,2.86,0.42,0.25,3.064,0.633,0.377,T1,,,,,,,,,
45:25.2,0.5,췻삽포겉癎,2.84,0.69,0.5,3.064,0.633,0.377,T1,,,,,,,,,
45:25.3,0.5,答芎땅꼬,2.86,0.42,0.25,2.81,0.51,0.633,T0,,,,,,,,,
45:25.3,0.5,췻삽포겉癎,2.84,0.69,0.5,2.81,0.51,0.633,T0,,,,,,,,,
45:25.3,0.5,答芎땅꼬,2.86,0.42,0.25,3.08,0.602,0.442,T1,,,,,,,,,
45:25.3,0.5,췻삽포겉癎,2.84,0.69,0.5,3.08,0.602,0.442,T1,,,,,,,,,
45:25.4,0.5,答芎땅꼬,2.86,0.42,0.25,2.739,0.497,0.675,T0,,,,,,,,,
45:25.4,0.5,췻삽포겉癎,2.84,0.69,0.5,2.739,0.497,0.675,T0,,,,,,,,,
45:25.4,0.5,答芎땅꼬,2.86,0.42,0.25,3.102,0.563,0.519,T1,,,,,,,,,
45:25.4,0.5,췻삽포겉癎,2.84,0.69,0.5,3.102,0.563,0.519,T1,,,,,,,,,
45:25.5,0.5,췻삽포겉癎,2.84,0.69,0.5,2.667,0.477,0.722,T0,,,,,,,,,
45:25.5,0.5,答芎땅꼬,2.86,0.42,0.25,3.139,0.517,0.593,T1,,,,,,,,,
45:25.5,0.5,췻삽포겉癎,2.84,0.69,0.5,3.139,0.517,0.593,T1,췻삽포뵨答芎,,,,,,,,
45:25.6,0.5,췻삽포겉癎,2.84,0.69,0.5,2.593,0.445,0.769,T0,,,,,,,,,
45:25.6,0.5,췻삽포겉癎,2.84,0.69,0.5,3.182,0.471,0.671,T1,,,,,,,,,
45:27.5,0.5,答芎땅꼬,2.86,0.42,0.25,3.209,0.166,0.46,T1,,,,,,,,,
45:27.6,0.5,答芎땅꼬,2.86,0.42,0.25,2.553,0.081,0.421,T0,,,,,,,,,
45:27.6,0.5,答芎땅꼬,2.86,0.42,0.25,3.204,0.17,0.422,T1,,,,,,,,,
45:27.7,0.5,答芎땅꼬,2.86,0.42,0.25,2.582,0.088,0.367,T0,,,,,,,,,
45:27.7,0.5,答芎땅꼬,2.86,0.42,0.25,3.197,0.173,0.392,T1,,,,,,,,,
45:27.8,0.5,答芎땅꼬,2.86,0.42,0.25,2.607,0.094,0.319,T0,,,,,,,,,
45:27.8,0.5,答芎땅꼬,2.86,0.42,0.25,3.192,0.184,0.366,T1,,,,,,,,,
45:27.9,0.5,答芎땅꼬,2.86,0.42,0.25,2.624,0.1,0.292,T0,,,,,,,,,
45:27.9,0.5,答芎땅꼬,2.86,0.42,0.25,3.184,0.202,0.355,T1,,,,,,,,,
45:28.0,0.5,答芎땅꼬,2.86,0.42,0.25,2.636,0.104,0.279,T0,,,,,,,,,
45:28.0,0.5,答芎땅꼬,2.86,0.42,0.25,3.189,0.213,0.344,T1,,,,,,,,,
45:28.1,0.5,答芎땅꼬,2.86,0.42,0.25,2.638,0.112,0.346,T0,,,,,,,,,
45:28.1,0.5,答芎땅꼬,2.86,0.42,0.25,3.182,0.238,0.429,T1,,,,,,,,,
45:28.2,0.5,答芎땅꼬,2.86,0.42,0.25,2.638,0.111,0.359,T0,,,,,,,,,
45:28.2,0.5,答芎땅꼬,2.86,0.42,0.25,3.203,0.242,0.42,T1,,,,,,,,,
45:28.3,0.5,答芎땅꼬,2.86,0.42,0.25,2.628,0.099,0.389,T0,,,,,,,,,
45:28.3,0.5,答芎땅꼬,2.86,0.42,0.25,3.231,0.242,0.421,T1,,,,,,,,,
45:28.4,0.5,答芎땅꼬,2.86,0.42,0.25,2.613,0.08,0.442,T0,,,,,,,,,
45:28.4,0.5,答芎땅꼬,2.86,0.42,0.25,3.271,0.231,0.432,T1,,,,,,,,,
45:37.1,0.5,췻삽포겉癎,2.84,0.69,0.5,3.183,0.729,0.862,T1,덤샙,,,,,,,,
45:38.5,0.5,퓰귿든都,2.44,2.57,0.97,2.516,2.199,0.967,T1,,,,,,,,,
45:38.6,0.5,퓰귿든都,2.44,2.57,0.97,2.298,2.346,0.895,T1,,,,,,,,,
45:38.7,0.5,퓰귿든都,2.44,2.57,0.97,2.096,2.475,0.714,T1,,,,,,,,,
45:47.5,0.5,췻삽포겉癎,2.84,0.69,0.5,2.803,0.519,0.966,T1,,,,,,,,,
45:47.6,0.5,췻삽포겉癎,2.84,0.69,0.5,2.805,0.532,0.967,T1,,,,,,,,,
45:47.7,0.5,췻삽포겉癎,2.84,0.69,0.5,2.811,0.544,0.966,T1,,,,,,,,,
45:47.8,0.5,췻삽포겉癎,2.84,0.69,0.5,2.818,0.553,0.962,T1,,,,,,,,,
45:47.9,0.5,췻삽포겉癎,2.84,0.69,0.5,2.829,0.553,0.961,T1,,,,,,,,,
45:48.0,0.5,췻삽포겉癎,2.84,0.69,0.5,2.853,0.552,0.959,T1,,,,,,,,,
45:48.1,0.5,췻삽포겉癎,2.84,0.69,0.5,2.89,0.549,0.956,T1,,,,,,,,,
45:48.2,0.5,췻삽포겉癎,2.84,0.69,0.5,2.942,0.543,0.953,T1,,,,,,,,,
45:48.3,0.5,췻삽포겉癎,2.84,0.69,0.5,3.001,0.535,0.944,T1,,,,,,,,,
45:49.0,0.5,췻삽포겉癎,2.84,0.69,0.5,3.185,0.677,0.852,T1,,,,,,,,,
45:49.1,0.5,췻삽포겉癎,2.84,0.69,0.5,3.15,0.725,0.85,T1,,,,,,,,,
45:49.2,0.5,췻삽포겉癎,2.84,0.69,0.5,3.125,0.776,0.844,T1,,,,,,,,,
45:49.3,0.5,췻삽포겉癎,2.84,0.69,0.5,3.098,0.832,0.85,T1,,,,,,,,,
45:49.4,0.5,췻삽포겉癎,2.84,0.69,0.5,3.083,0.894,0.858,T1,,,,,,,,,
45:50.5,0.5,퓰귿든都,2.44,2.57,0.97,2.435,2.267,1.023,T1,畿柬뵨보샙쇱꿴,,,,,,,,
45:50.6,0.5,퓰귿든都,2.44,2.57,0.97,2.27,2.404,0.932,T1,,,,,,,,,
45:50.7,0.5,퓰귿든都,2.44,2.57,0.97,2.098,2.508,0.81,T1,,,,,,,,,
45:51.0,0.5,보샙든都,1.45,2.1,0.39,1.644,2.531,0.53,T1,,,,,,,,,
45:51.1,0.5,보샙든都,1.45,2.1,0.39,1.573,2.439,0.53,T1,,,,,,,,,
45:51.2,0.5,보샙든都,1.45,2.1,0.39,1.518,2.338,0.54,T1,,,,,,,,,
45:51.3,0.5,보샙든都,1.45,2.1,0.39,1.483,2.236,0.578,T1,,,,,,,,,
45:51.4,0.5,보샙든都,1.45,2.1,0.39,1.458,2.143,0.603,T1,,,,,,,,,
45:51.5,0.5,보샙든都,1.45,2.1,0.39,1.444,2.057,0.639,T1,,,,,,,,,
45:51.6,0.5,보샙든都,1.45,2.1,0.39,1.435,1.98,0.668,T1,,,,,,,,,
45:51.7,0.5,보샙든都,1.45,2.1,0.39,1.429,1.914,0.69,T1,,,,,,,,,
45:51.8,0.5,보샙든都,1.45,2.1,0.39,1.429,1.859,0.712,T1,,,,,,,,,
45:51.9,0.5,보샙든都,1.45,2.1,0.39,1.428,1.808,0.732,T1,,,,,,,,,
45:51.9,0.5,든箕든직旗큐,1.56,1.5,0.37,1.428,1.808,0.732,T1,,,,,,,,,
45:52.0,0.5,보샙든都,1.45,2.1,0.39,1.427,1.763,0.748,T1,,,,,,,,,
45:52.0,0.5,든箕든직旗큐,1.56,1.5,0.37,1.427,1.763,0.748,T1,,,,,,,,,
45:52.1,0.5,든箕든직旗큐,1.56,1.5,0.37,1.425,1.724,0.758,T1,,,,,,,,,
45:52.2,0.5,든箕든직旗큐,1.56,1.5,0.37,1.875,1.553,0.649,T0,,,,,,,,,
45:52.2,0.5,든箕든직旗큐,1.56,1.5,0.37,1.422,1.692,0.764,T1,,,,,,,,,
45:52.3,0.5,든箕든직旗큐,1.56,1.5,0.37,1.862,1.564,0.348,T0,,,,,,,,,
45:52.3,0.5,든箕든직旗큐,1.56,1.5,0.37,1.415,1.648,0.796,T1,,,,,,,,,
45:52.4,0.5,든箕든직旗큐,1.56,1.5,0.37,1.846,1.579,0.056,T0,,,,,,,,,
45:53.6,0.5,든箕든직旗큐,1.56,1.5,0.37,1.798,1.38,0.006,T0,,,,,,,,,
45:53.7,0.5,든箕든직旗큐,1.56,1.5,0.37,1.777,1.357,0.263,T0,,,,,,,,,
45:53.8,0.5,든箕든직旗큐,1.56,1.5,0.37,1.76,1.339,0.508,T0,,,,,,,,,
45:53.9,0.5,든箕든직旗큐,1.56,1.5,0.37,1.744,1.334,0.764,T0,,,,,,,,,
45:54.0,0.5,든箕든직旗큐,1.56,1.5,0.37,1.734,1.33,0.742,T0,,,,,,,,,
45:54.1,0.5,든箕든직旗큐,1.56,1.5,0.37,1.727,1.317,0.746,T0,,,,,,,,,
45:57.7,0.5,보샙든都,1.45,2.1,0.39,1.755,2.242,0.708,T1,,,,,,,,,
45:57.8,0.5,보샙든都,1.45,2.1,0.39,1.604,2.314,0.572,T1,,,,,,,,,
45:57.9,0.5,보샙든都,1.45,2.1,0.39,1.518,2.293,0.571,T1,,,,,,,,,
45:58.0,0.5,보샙든都,1.45,2.1,0.39,1.394,2.318,0.467,T1,,,,,,,,,
45:58.1,0.5,보샙든都,1.45,2.1,0.39,1.341,2.269,0.464,T1,,,,,,,,,
45:58.2,0.5,보샙든都,1.45,2.1,0.39,1.246,2.294,0.326,T1,,,,,,,,,
45:58.3,0.5,보샙든都,1.45,2.1,0.39,1.191,2.282,0.253,T1,,,,,,,,,
45:58.4,0.5,보샙든都,1.45,2.1,0.39,1.172,2.229,0.253,T1,,,,,,,,,
45:58.5,0.5,보샙든都,1.45,2.1,0.39,1.097,2.263,0.118,T1,,,,,,,,,
45:58.6,0.5,보샙든都,1.45,2.1,0.39,1.091,2.224,0.118,T1,,,,,,,,,
45:58.9,0.5,보샙든都,1.45,2.1,0.39,1.048,2.173,0.105,T1,,,,,,,,,
45:59.0,0.5,보샙든都,1.45,2.1,0.39,1.059,2.137,0.185,T1,,,,,,,,,
45:59.1,0.5,보샙든都,1.45,2.1,0.39,1.068,2.079,0.346,T1,,,,,,,,,
45:59.2,0.5,보샙든都,1.45,2.1,0.39,1.078,2.004,0.531,T1,,,,,,,,,
45:59.8,0.5,보샙든都,1.45,2.1,0.39,1.064,2.051,0.597,T1,,,,,,,,,
45:59.9,0.5,보샙든都,1.45,2.1,0.39,1.076,2.141,0.428,T1,,,,,,,,,
46:00.0,0.5,보샙든都,1.45,2.1,0.39,1.131,2.194,0.316,T1,,,,,,,,,
46:00.1,0.5,보샙든都,1.45,2.1,0.39,1.202,2.234,0.257,T1,,,,,,,,,
46:00.2,0.5,보샙든都,1.45,2.1,0.39,1.269,2.279,0.169,T1,,,,,,,,,
46:00.3,0.5,보샙든都,1.45,2.1,0.39,1.367,2.308,0.202,T1,,,,,,,,,
46:00.4,0.5,보샙든都,1.45,2.1,0.39,1.454,2.362,0.202,T1,,,,,,,,,
46:00.5,0.5,보샙든都,1.45,2.1,0.39,1.545,2.417,0.269,T1,,,,,,,,,
46:00.6,0.5,보샙든都,1.45,2.1,0.39,1.632,2.485,0.34,T1,,,,,,,,,
46:03.9,0.5,쌈뒈셸苟똥,3.02,1.53,1.61,2.595,1.433,1.451,T1,보샙쇱꿴（보겉풂쌈뒈셸）,,,,,,,,
46:04.0,0.5,보겉풂苟똥,3.02,1.15,1.56,2.722,1.415,1.499,T1,,,,,,,,,
46:04.0,0.5,쌈뒈셸苟똥,3.02,1.53,1.61,2.722,1.415,1.499,T1,,,,,,,,,
46:04.1,0.5,보겉풂苟똥,3.02,1.15,1.56,2.771,1.467,1.559,T1,,,,,,,,,
46:04.1,0.5,쌈뒈셸苟똥,3.02,1.53,1.61,2.771,1.467,1.559,T1,,,,,,,,,
46:04.2,0.5,쌈뒈셸苟똥,3.02,1.53,1.61,2.698,1.608,1.63,T1,,,,,,,,,
46:07.1,0.5,쌈뒈셸苟똥,3.02,1.53,1.61,3.006,1.938,1.885,T1,,,,,,,,,
46:07.2,0.5,쌈뒈셸苟똥,3.02,1.53,1.61,3.103,1.839,1.836,T1,,,,,,,,,
46:07.3,0.5,쌈뒈셸苟똥,3.02,1.53,1.61,3.184,1.741,1.78,T1,,,,,,,,,
46:07.4,0.5,쌈뒈셸苟똥,3.02,1.53,1.61,3.239,1.648,1.72,T1,,,,,,,,,
46:07.5,0.5,보겉풂苟똥,3.02,1.15,1.56,3.266,1.561,1.669,T1,,,,,,,,,
46:07.5,0.5,쌈뒈셸苟똥,3.02,1.53,1.61,3.266,1.561,1.669,T1,,,,,,,,,
46:07.6,0.5,보겉풂苟똥,3.02,1.15,1.56,3.263,1.477,1.634,T1,,,,,,,,,
46:07.6,0.5,쌈뒈셸苟똥,3.02,1.53,1.61,3.263,1.477,1.634,T1,,,,,,,,,
46:07.7,0.5,보겉풂苟똥,3.02,1.15,1.56,3.236,1.395,1.611,T1,,,,,,,,,
46:07.7,0.5,쌈뒈셸苟똥,3.02,1.53,1.61,3.236,1.395,1.611,T1,,,,,,,,,
46:07.8,0.5,보겉풂苟똥,3.02,1.15,1.56,3.198,1.327,1.614,T1,,,,,,,,,
46:07.8,0.5,쌈뒈셸苟똥,3.02,1.53,1.61,3.198,1.327,1.614,T1,,,,,,,,,
46:07.9,0.5,보겉풂苟똥,3.02,1.15,1.56,3.162,1.267,1.636,T1,,,,,,,,,
46:07.9,0.5,쌈뒈셸苟똥,3.02,1.53,1.61,3.162,1.267,1.636,T1,,,,,,,,,
46:08.0,0.5,보겉풂苟똥,3.02,1.15,1.56,3.146,1.224,1.659,T1,,,,,,,,,
46:08.0,0.5,쌈뒈셸苟똥,3.02,1.53,1.61,3.146,1.224,1.659,T1,,,,,,,,,
46:08.1,0.5,보겉풂苟똥,3.02,1.15,1.56,3.133,1.194,1.681,T1,,,,,,,,,
46:08.1,0.5,쌈뒈셸苟똥,3.02,1.53,1.61,3.133,1.194,1.681,T1,,,,,,,,,
46:08.2,0.5,보겉풂苟똥,3.02,1.15,1.56,3.122,1.174,1.701,T1,,,,,,,,,
46:08.2,0.5,쌈뒈셸苟똥,3.02,1.53,1.61,3.122,1.174,1.701,T1,,,,,,,,,
46:08.3,0.5,보겉풂苟똥,3.02,1.15,1.56,3.109,1.167,1.724,T1,,,,,,,,,
46:08.3,0.5,쌈뒈셸苟똥,3.02,1.53,1.61,3.109,1.167,1.724,T1,,,,,,,,,
46:08.4,0.5,보겉풂苟똥,3.02,1.15,1.56,3.108,1.156,1.733,T1,,,,,,,,,
46:08.4,0.5,쌈뒈셸苟똥,3.02,1.53,1.61,3.108,1.156,1.733,T1,,,,,,,,,
46:08.5,0.5,보겉풂苟똥,3.02,1.15,1.56,3.112,1.151,1.73,T1,,,,,,,,,
46:08.5,0.5,쌈뒈셸苟똥,3.02,1.53,1.61,3.112,1.151,1.73,T1,,,,,,,,,
46:08.6,0.5,보겉풂苟똥,3.02,1.15,1.56,3.103,1.149,1.731,T1,,,,,,,,,
46:08.6,0.5,쌈뒈셸苟똥,3.02,1.53,1.61,3.103,1.149,1.731,T1,,,,,,,,,
46:08.7,0.5,보겉풂苟똥,3.02,1.15,1.56,3.101,1.133,1.742,T1,,,,,,,,,
46:08.7,0.5,쌈뒈셸苟똥,3.02,1.53,1.61,3.101,1.133,1.742,T1,,,,,,,,,
46:08.8,0.5,보겉풂苟똥,3.02,1.15,1.56,3.095,1.13,1.754,T1,,,,,,,,,
46:08.8,0.5,쌈뒈셸苟똥,3.02,1.53,1.61,3.095,1.13,1.754,T1,,,,,,,,,
46:08.9,0.5,보겉풂苟똥,3.02,1.15,1.56,3.089,1.13,1.768,T1,,,,,,,,,
46:08.9,0.5,쌈뒈셸苟똥,3.02,1.53,1.61,3.089,1.13,1.768,T1,,,,,,,,,
46:09.0,0.5,보겉풂苟똥,3.02,1.15,1.56,3.085,1.137,1.778,T1,,,,,,,,,
46:09.0,0.5,쌈뒈셸苟똥,3.02,1.53,1.61,3.085,1.137,1.778,T1,,,,,,,,,
46:09.1,0.5,보겉풂苟똥,3.02,1.15,1.56,3.086,1.144,1.783,T1,,,,,,,,,
46:09.1,0.5,쌈뒈셸苟똥,3.02,1.53,1.61,3.086,1.144,1.783,T1,,,,,,,,,
46:09.2,0.5,보겉풂苟똥,3.02,1.15,1.56,3.091,1.145,1.784,T1,,,,,,,,,
46:09.2,0.5,쌈뒈셸苟똥,3.02,1.53,1.61,3.091,1.145,1.784,T1,,,,,,,,,
46:09.3,0.5,보겉풂苟똥,3.02,1.15,1.56,3.082,1.174,1.788,T1,,,,,,,,,
46:09.3,0.5,쌈뒈셸苟똥,3.02,1.53,1.61,3.082,1.174,1.788,T1,,,,,,,,,
46:09.4,0.5,보겉풂苟똥,3.02,1.15,1.56,3.081,1.19,1.785,T1,,,,,,,,,
46:09.4,0.5,쌈뒈셸苟똥,3.02,1.53,1.61,3.081,1.19,1.785,T1,,,,,,,,,
46:09.5,0.5,보겉풂苟똥,3.02,1.15,1.56,3.086,1.184,1.789,T1,,,,,,,,,
46:09.5,0.5,쌈뒈셸苟똥,3.02,1.53,1.61,3.086,1.184,1.789,T1,,,,,,,,,
46:09.6,0.5,보겉풂苟똥,3.02,1.15,1.56,3.101,1.173,1.797,T1,,,,,,,,,
46:09.6,0.5,쌈뒈셸苟똥,3.02,1.53,1.61,3.101,1.173,1.797,T1,,,,,,,,,
46:09.7,0.5,보겉풂苟똥,3.02,1.15,1.56,3.113,1.158,1.803,T1,,,,,,,,,
46:09.7,0.5,쌈뒈셸苟똥,3.02,1.53,1.61,3.113,1.158,1.803,T1,,,,,,,,,
46:09.8,0.5,보겉풂苟똥,3.02,1.15,1.56,3.125,1.138,1.812,T1,,,,,,,,,
46:09.8,0.5,쌈뒈셸苟똥,3.02,1.53,1.61,3.125,1.138,1.812,T1,,,,,,,,,
46:09.9,0.5,보겉풂苟똥,3.02,1.15,1.56,3.15,1.1,1.81,T1,,,,,,,,,
46:09.9,0.5,쌈뒈셸苟똥,3.02,1.53,1.61,3.15,1.1,1.81,T1,,,,,,,,,
46:10.0,0.5,보겉풂苟똥,3.02,1.15,1.56,3.165,1.062,1.811,T1,,,,,,,,,
46:10.1,0.5,보겉풂苟똥,3.02,1.15,1.56,3.171,1.04,1.802,T1,,,,,,,,,
46:10.2,0.5,보겉풂苟똥,3.02,1.15,1.56,3.16,1.016,1.79,T1,,,,,,,,,
46:10.3,0.5,보겉풂苟똥,3.02,1.15,1.56,3.145,0.996,1.779,T1,,,,,,,,,
46:10.4,0.5,보겉풂苟똥,3.02,1.15,1.56,3.128,0.976,1.765,T1,,,,,,,,,
46:10.5,0.5,보겉풂苟똥,3.02,1.15,1.56,3.107,0.96,1.75,T1,,,,,,,,,
46:10.6,0.5,보겉풂苟똥,3.02,1.15,1.56,3.092,0.949,1.738,T1,,,,,,,,,
46:10.7,0.5,보겉풂苟똥,3.02,1.15,1.56,3.076,0.94,1.728,T1,,,,,,,,,
46:10.8,0.5,보겉풂苟똥,3.02,1.15,1.56,3.065,0.934,1.721,T1,,,,,,,,,
46:10.9,0.5,보겉풂苟똥,3.02,1.15,1.56,3.058,0.93,1.713,T1,,,,,,,,,
46:11.0,0.5,보겉풂苟똥,3.02,1.15,1.56,3.052,0.928,1.707,T1,,,,,,,,,
46:11.2,0.5,보겉풂苟똥,3.02,1.15,1.56,3.046,0.924,1.7,T1,,,,,,,,,
46:11.3,0.5,보겉풂苟똥,3.02,1.15,1.56,3.032,0.917,1.708,T1,,,,,,,,,
46:11.4,0.5,보겉풂苟똥,3.02,1.15,1.56,3.01,0.91,1.731,T1,,,,,,,,,
46:11.5,0.5,보겉풂苟똥,3.02,1.15,1.56,2.987,0.909,1.765,T1,,,,,,,,,
46:11.6,0.5,보겉풂苟똥,3.02,1.15,1.56,2.96,0.928,1.809,T1,,,,,,,,,
46:11.7,0.5,보겉풂苟똥,3.02,1.15,1.56,2.92,0.968,1.857,T1,,,,,,,,,
46:11.8,0.5,보겉풂苟똥,3.02,1.15,1.56,2.868,1.016,1.916,T1,,,,,,,,,
46:11.9,0.5,보겉풂苟똥,3.02,1.15,1.56,2.783,1.133,1.996,T1,,,,,,,,,
46:13.0,0.5,쌈뒈셸苟똥,3.02,1.53,1.61,2.735,1.417,1.991,T1,,,,,,,,,
46:13.1,0.5,보겉풂苟똥,3.02,1.15,1.56,2.742,1.33,1.92,T1,,,,,,,,,
46:13.1,0.5,쌈뒈셸苟똥,3.02,1.53,1.61,2.742,1.33,1.92,T1,,,,,,,,,
46:13.2,0.5,보겉풂苟똥,3.02,1.15,1.56,2.747,1.252,1.841,T1,,,,,,,,,
46:13.2,0.5,쌈뒈셸苟똥,3.02,1.53,1.61,2.747,1.252,1.841,T1,,,,,,,,,
46:13.3,0.5,보겉풂苟똥,3.02,1.15,1.56,2.724,1.214,1.762,T1,,,,,,,,,
46:13.3,0.5,쌈뒈셸苟똥,3.02,1.53,1.61,2.724,1.214,1.762,T1,,,,,,,,,
46:13.4,0.5,보겉풂苟똥,3.02,1.15,1.56,2.675,1.22,1.685,T1,,,,,,,,,
46:13.4,0.5,쌈뒈셸苟똥,3.02,1.53,1.61,2.675,1.22,1.685,T1,,,,,,,,,
46:13.5,0.5,쌈뒈셸苟똥,3.02,1.53,1.61,3.425,1.436,1.45,T0,,,,,,,,,
46:13.5,0.5,보겉풂苟똥,3.02,1.15,1.56,2.612,1.266,1.609,T1,,,,,,,,,
46:13.5,0.5,쌈뒈셸苟똥,3.02,1.53,1.61,2.612,1.266,1.609,T1,,,,,,,,,
46:13.6,0.5,보겉풂苟똥,3.02,1.15,1.56,3.322,1.387,1.439,T0,,,,,,,,,
46:13.6,0.5,쌈뒈셸苟똥,3.02,1.53,1.61,3.322,1.387,1.439,T0,,,,,,,,,
46:13.7,0.5,보겉풂苟똥,3.02,1.15,1.56,3.209,1.353,1.429,T0,,,,,,,,,
46:13.7,0.5,쌈뒈셸苟똥,3.02,1.53,1.61,3.209,1.353,1.429,T0,,,,,,,,,
46:13.8,0.5,보겉풂苟똥,3.02,1.15,1.56,3.088,1.336,1.415,T0,,,,,,,,,
46:13.8,0.5,쌈뒈셸苟똥,3.02,1.53,1.61,3.088,1.336,1.415,T0,,,,,,,,,
46:13.9,0.5,보겉풂苟똥,3.02,1.15,1.56,2.985,1.297,1.411,T0,,,,,,,,,
46:13.9,0.5,쌈뒈셸苟똥,3.02,1.53,1.61,2.985,1.297,1.411,T0,,,,,,,,,
46:14.0,0.5,보겉풂苟똥,3.02,1.15,1.56,2.89,1.246,1.424,T0,,,,,,,,,
46:14.0,0.5,쌈뒈셸苟똥,3.02,1.53,1.61,2.89,1.246,1.424,T0,,,,,,,,,
46:14.1,0.5,보겉풂苟똥,3.02,1.15,1.56,2.804,1.207,1.432,T0,,,,,,,,,
46:14.1,0.5,쌈뒈셸苟똥,3.02,1.53,1.61,2.804,1.207,1.432,T0,,,,,,,,,
46:14.2,0.5,보겉풂苟똥,3.02,1.15,1.56,2.733,1.182,1.432,T0,,,,,,,,,
46:14.2,0.5,쌈뒈셸苟똥,3.02,1.53,1.61,2.733,1.182,1.432,T0,,,,,,,,,
46:14.3,0.5,보겉풂苟똥,3.02,1.15,1.56,2.678,1.163,1.427,T0,,,,,,,,,
46:14.4,0.5,보겉풂苟똥,3.02,1.15,1.56,2.636,1.145,1.424,T0,,,,,,,,,
46:14.5,0.5,보겉풂苟똥,3.02,1.15,1.56,2.604,1.155,1.39,T0,,,,,,,,,
46:14.6,0.5,보겉풂苟똥,3.02,1.15,1.56,2.583,1.189,1.332,T0,,,,,,,,,
46:14.7,0.5,퓰귿든都,2.44,2.57,0.97,2.251,2.162,0.85,T1,댔역퓰귿든都,,,,,,,,
46:14.8,0.5,퓰귿든都,2.44,2.57,0.97,2.204,2.244,0.775,T1,,,,,,,,,
46:14.9,0.5,퓰귿든都,2.44,2.57,0.97,2.143,2.334,0.669,T1,,,,,,,,,
46:16.3,0.5,퓰귿든都,2.44,2.57,0.97,2.294,2.569,0.513,T1,,,,,,,,,
46:16.4,0.5,퓰귿든都,2.44,2.57,0.97,2.439,2.464,0.657,T1,,,,,,,,,
46:16.5,0.5,퓰귿든都,2.44,2.57,0.97,2.577,2.376,0.794,T1,,,,,,,,,
46:16.6,0.5,퓰귿든都,2.44,2.57,0.97,2.695,2.319,0.851,T1,,,,,,,,,
46:16.7,0.5,퓰귿든都,2.44,2.57,0.97,2.748,2.322,0.849,T1,,,,,,,,,
46:16.8,0.5,퓰귿든都,2.44,2.57,0.97,2.738,2.375,0.815,T1,,,,,,,,,
46:16.9,0.5,퓰귿든都,2.44,2.57,0.97,2.703,2.443,0.781,T1,,,,,,,,,
46:17.0,0.5,퓰귿든都,2.44,2.57,0.97,2.656,2.525,0.752,T1,,,,,,,,,
46:17.1,0.5,퓰귿든都,2.44,2.57,0.97,2.593,2.619,0.721,T1,,,,,,,,,
46:17.2,0.5,퓰귿든都,2.44,2.57,0.97,2.527,2.712,0.696,T1,,,,,,,,,
46:17.3,0.5,퓰귿든都,2.44,2.57,0.97,2.449,2.807,0.606,T1,,,,,,,,,
46:17.4,0.5,퓰귿든都,2.44,2.57,0.97,2.126,2.184,0.919,T0,,,,,,,,,
46:17.4,0.5,퓰귿든都,2.44,2.57,0.97,2.39,2.862,0.594,T1,,,,,,,,,
46:17.5,0.5,퓰귿든都,2.44,2.57,0.97,2.301,2.814,0.822,T1,,,,,,,,,
46:17.6,0.5,퓰귿든都,2.44,2.57,0.97,2.218,2.9,0.706,T1,,,,,,,,,
46:18.3,0.5,퓰귿든都,2.44,2.57,0.97,2.284,2.866,0.68,T1,,,,,,,,,
46:18.4,0.5,퓰귿든都,2.44,2.57,0.97,2.243,2.912,0.67,T1,,,,,,,,,
46:18.5,0.5,퓰귿든都,2.44,2.57,0.97,2.303,2.838,0.839,T1,,,,,,,,,
46:18.6,0.5,퓰귿든都,2.44,2.57,0.97,2.352,2.777,0.917,T1,,,,,,,,,
46:18.7,0.5,퓰귿든都,2.44,2.57,0.97,2.398,2.727,0.966,T1,,,,,,,,,
46:18.8,0.5,퓰귿든都,2.44,2.57,0.97,2.212,2.758,0.641,T0,,,,,,,,,
46:18.8,0.5,퓰귿든都,2.44,2.57,0.97,2.436,2.688,0.996,T1,,,,,,,,,
46:18.9,0.5,퓰귿든都,2.44,2.57,0.97,2.238,2.742,0.67,T0,,,,,,,,,
46:18.9,0.5,퓰귿든都,2.44,2.57,0.97,2.472,2.658,1.016,T1,,,,,,,,,
46:19.0,0.5,퓰귿든都,2.44,2.57,0.97,2.254,2.737,0.674,T0,,,,,,,,,
46:19.0,0.5,퓰귿든都,2.44,2.57,0.97,2.503,2.635,1.026,T1,,,,,,,,,
46:19.1,0.5,퓰귿든都,2.44,2.57,0.97,2.265,2.736,0.669,T0,,,,,,,,,
46:19.1,0.5,퓰귿든都,2.44,2.57,0.97,2.53,2.616,1.032,T1,,,,,,,,,
46:19.2,0.5,퓰귿든都,2.44,2.57,0.97,2.269,2.742,0.648,T0,,,,,,,,,
46:19.2,0.5,퓰귿든都,2.44,2.57,0.97,2.554,2.601,1.035,T1,,,,,,,,,
46:19.3,0.5,퓰귿든都,2.44,2.57,0.97,2.275,2.747,0.625,T0,,,,,,,,,
46:19.3,0.5,퓰귿든都,2.44,2.57,0.97,2.572,2.588,1.043,T1,,,,,,,,,
46:19.4,0.5,퓰귿든都,2.44,2.57,0.97,2.281,2.746,0.61,T0,,,,,,,,,
46:19.4,0.5,퓰귿든都,2.44,2.57,0.97,2.588,2.571,1.056,T1,,,,,,,,,
46:19.5,0.5,퓰귿든都,2.44,2.57,0.97,2.289,2.734,0.602,T0,,,,,,,,,
46:19.5,0.5,퓰귿든都,2.44,2.57,0.97,2.596,2.557,1.06,T1,,,,,,,,,
46:19.6,0.5,퓰귿든都,2.44,2.57,0.97,2.3,2.711,0.614,T0,,,,,,,,,
46:19.6,0.5,퓰귿든都,2.44,2.57,0.97,2.603,2.548,1.053,T1,,,,,,,,,
46:19.7,0.5,퓰귿든都,2.44,2.57,0.97,2.311,2.681,0.631,T0,,,,,,,,,
46:19.7,0.5,퓰귿든都,2.44,2.57,0.97,2.612,2.549,1.045,T1,,,,,,,,,
46:19.8,0.5,퓰귿든都,2.44,2.57,0.97,2.327,2.637,0.66,T0,,,,,,,,,
46:19.8,0.5,퓰귿든都,2.44,2.57,0.97,2.592,2.57,1.016,T1,,,,,,,,,
46:19.9,0.5,퓰귿든都,2.44,2.57,0.97,2.291,2.639,0.632,T0,,,,,,,,,
46:19.9,0.5,퓰귿든都,2.44,2.57,0.97,2.567,2.59,0.973,T1,,,,,,,,,
46:20.0,0.5,퓰귿든都,2.44,2.57,0.97,2.239,2.653,0.58,T0,,,,,,,,,
46:20.0,0.5,퓰귿든都,2.44,2.57,0.97,2.537,2.612,0.921,T1,,,,,,,,,
46:20.1,0.5,퓰귿든都,2.44,2.57,0.97,2.197,2.649,0.595,T0,,,,,,,,,
46:20.1,0.5,퓰귿든都,2.44,2.57,0.97,2.508,2.632,0.867,T1,,,,,,,,,
46:20.2,0.5,퓰귿든都,2.44,2.57,0.97,2.171,2.623,0.639,T0,,,,,,,,,
46:20.2,0.5,퓰귿든都,2.44,2.57,0.97,2.477,2.648,0.818,T1,,,,,,,,,
46:20.3,0.5,퓰귿든都,2.44,2.57,0.97,2.155,2.586,0.694,T0,,,,,,,,,
46:20.3,0.5,퓰귿든都,2.44,2.57,0.97,2.451,2.647,0.775,T1,,,,,,,,,
46:20.4,0.5,퓰귿든都,2.44,2.57,0.97,2.143,2.546,0.75,T0,,,,,,,,,
46:20.4,0.5,퓰귿든都,2.44,2.57,0.97,2.467,2.627,0.757,T1,,,,,,,,,
46:20.5,0.5,퓰귿든都,2.44,2.57,0.97,2.19,2.449,0.868,T0,,,,,,,,,
46:20.5,0.5,퓰귿든都,2.44,2.57,0.97,2.501,2.61,0.753,T1,,,,,,,,,
46:20.6,0.5,퓰귿든都,2.44,2.57,0.97,2.261,2.326,1.019,T0,,,,,,,,,
46:20.6,0.5,퓰귿든都,2.44,2.57,0.97,2.743,2.596,0.622,T1,,,,,,,,,
46:20.7,0.5,퓰귿든都,2.44,2.57,0.97,2.325,2.215,1.111,T0,,,,,,,,,
46:20.8,0.5,퓰귿든都,2.44,2.57,0.97,2.378,2.124,1.159,T0,,,,,,,,,
46:21.6,0.5,퓰귿든都,2.44,2.57,0.97,2.889,2.613,0.827,T1,,,,,,,,,
46:21.7,0.5,퓰귿든都,2.44,2.57,0.97,2.826,2.618,0.834,T1,,,,,,,,,
46:21.8,0.5,퓰귿든都,2.44,2.57,0.97,2.774,2.634,0.828,T1,,,,,,,,,
46:21.9,0.5,퓰귿든都,2.44,2.57,0.97,2.767,2.614,0.834,T1,,,,,,,,,
46:22.0,0.5,퓰귿든都,2.44,2.57,0.97,2.75,2.605,0.833,T1,,,,,,,,,
46:22.1,0.5,퓰귿든都,2.44,2.57,0.97,2.726,2.586,0.827,T1,,,,,,,,,
46:22.2,0.5,퓰귿든都,2.44,2.57,0.97,2.671,2.573,0.814,T1,,,,,,,,,
46:22.3,0.5,퓰귿든都,2.44,2.57,0.97,2.59,2.563,0.798,T1,,,,,,,,,
46:22.4,0.5,퓰귿든都,2.44,2.57,0.97,2.519,2.517,0.791,T1,,,,,,,,,
46:22.5,0.5,퓰귿든都,2.44,2.57,0.97,2.432,2.485,0.77,T1,,,,,,,,,
46:22.6,0.5,퓰귿든都,2.44,2.57,0.97,2.362,2.456,0.757,T1,,,,,,,,,
46:22.7,0.5,퓰귿든都,2.44,2.57,0.97,2.298,2.442,0.747,T1,,,,,,,,,
46:22.8,0.5,퓰귿든都,2.44,2.57,0.97,2.243,2.434,0.745,T1,,,,,,,,,
46:22.9,0.5,퓰귿든都,2.44,2.57,0.97,2.177,2.436,0.729,T1,,,,,,,,,
46:23.0,0.5,퓰귿든都,2.44,2.57,0.97,2.12,2.436,0.7,T1,,,,,,,,,
46:23.1,0.5,퓰귿든都,2.44,2.57,0.97,2.071,2.435,0.705,T1,,,,,,,,,
46:23.7,0.5,보샙든都,1.45,2.1,0.39,1.633,2.453,0.612,T1,댔역보샙든都,,,,,,,,
46:23.8,0.5,보샙든都,1.45,2.1,0.39,1.564,2.437,0.609,T1,,,,,,,,,
46:23.9,0.5,보샙든都,1.45,2.1,0.39,1.514,2.41,0.629,T1,,,,,,,,,
46:24.0,0.5,보샙든都,1.45,2.1,0.39,1.471,2.381,0.657,T1,,,,,,,,,
46:24.1,0.5,보샙든都,1.45,2.1,0.39,1.434,2.351,0.688,T1,,,,,,,,,
46:24.2,0.5,보샙든都,1.45,2.1,0.39,1.408,2.32,0.725,T1,,,,,,,,,
46:24.3,0.5,보샙든都,1.45,2.1,0.39,1.38,2.304,0.731,T1,,,,,,,,,
46:24.4,0.5,보샙든都,1.45,2.1,0.39,1.35,2.311,0.641,T1,,,,,,,,,
46:24.5,0.5,보샙든都,1.45,2.1,0.39,1.312,2.324,0.577,T1,,,,,,,,,
46:24.6,0.5,보샙든都,1.45,2.1,0.39,1.284,2.339,0.464,T1,,,,,,,,,
46:24.7,0.5,보샙든都,1.45,2.1,0.39,1.262,2.355,0.351,T1,,,,,,,,,
46:24.8,0.5,보샙든都,1.45,2.1,0.39,1.245,2.371,0.236,T1,,,,,,,,,
46:24.9,0.5,보샙든都,1.45,2.1,0.39,1.23,2.388,0.122,T1,,,,,,,,,
46:25.0,0.5,보샙든都,1.45,2.1,0.39,1.221,2.391,0.088,T1,,,,,,,,,
46:32.1,0.5,보샙든都,1.45,2.1,0.39,1.684,2.481,0.402,T1,,,,,,,,,
46:32.2,0.5,보샙든都,1.45,2.1,0.39,1.613,2.347,0.606,T1,,,,,,,,,
46:32.3,0.5,보샙든都,1.45,2.1,0.39,1.55,2.202,0.798,T1,,,,,,,,,
46:33.6,0.5,든箕든직旗큐,1.56,1.5,0.37,1.353,1.537,0.82,T1,딧쌘旗큐,,,,,,,,
46:33.7,0.5,든箕든직旗큐,1.56,1.5,0.37,1.338,1.558,0.771,T1,,,,,,,,,
46:33.8,0.5,든箕든직旗큐,1.56,1.5,0.37,1.32,1.582,0.72,T1,,,,,,,,,
46:33.9,0.5,든箕든직旗큐,1.56,1.5,0.37,1.306,1.602,0.672,T1,,,,,,,,,
46:34.0,0.5,든箕든직旗큐,1.56,1.5,0.37,1.292,1.617,0.643,T1,,,,,,,,,
46:34.1,0.5,든箕든직旗큐,1.56,1.5,0.37,1.276,1.63,0.62,T1,,,,,,,,,
46:34.2,0.5,든箕든직旗큐,1.56,1.5,0.37,1.26,1.641,0.608,T1,,,,,,,,,
46:34.3,0.5,든箕든직旗큐,1.56,1.5,0.37,1.246,1.648,0.606,T1,,,,,,,,,
46:34.4,0.5,든箕든직旗큐,1.56,1.5,0.37,1.232,1.649,0.619,T1,,,,,,,,,
46:34.5,0.5,든箕든직旗큐,1.56,1.5,0.37,1.218,1.651,0.633,T1,,,,,,,,,
46:34.6,0.5,든箕든직旗큐,1.56,1.5,0.37,1.208,1.653,0.644,T1,,,,,,,,,
46:34.7,0.5,든箕든직旗큐,1.56,1.5,0.37,1.201,1.651,0.664,T1,,,,,,,,,
46:37.3,0.5,보샙든都,1.45,2.1,0.39,1.01,1.932,0.28,T1,훙竟盧땡,,,,,,,,
46:37.4,0.5,보샙든都,1.45,2.1,0.39,1.058,1.93,0.39,T1,,,,,,,,,
46:37.5,0.5,보샙든都,1.45,2.1,0.39,1.112,1.937,0.45,T1,,,,,,,,,
46:37.6,0.5,보샙든都,1.45,2.1,0.39,1.183,1.94,0.514,T1,,,,,,,,,
46:37.7,0.5,보샙든都,1.45,2.1,0.39,1.273,1.936,0.631,T1,,,,,,,,,
46:37.8,0.5,보샙든都,1.45,2.1,0.39,1.378,1.941,0.708,T1,,,,,,,,,
46:37.9,0.5,보샙든都,1.45,2.1,0.39,1.499,1.959,0.765,T1,,,,,,,,,
46:38.0,0.5,보샙든都,1.45,2.1,0.39,1.608,2.013,0.805,T1,,,,,,,,,
46:38.5,0.5,퓰귿든都,2.44,2.57,0.97,1.968,2.566,0.83,T1,,,,,,,,,
46:39.9,0.5,쌈뒈셸苟똥,3.02,1.53,1.61,2.935,1.721,1.192,T0,,,,,,,,,
46:40.0,0.5,쌈뒈셸苟똥,3.02,1.53,1.61,3.05,1.775,1.222,T0,,,,,,,,,
46:40.0,0.5,쌈뒈셸苟똥,3.02,1.53,1.61,2.589,1.497,1.495,T1,,,,,,,,,
46:40.1,0.5,보겉풂苟똥,3.02,1.15,1.56,2.71,1.465,1.55,T1,,,,,,,,,
46:40.1,0.5,쌈뒈셸苟똥,3.02,1.53,1.61,2.71,1.465,1.55,T1,,,,,,,,,
46:40.2,0.5,보겉풂苟똥,3.02,1.15,1.56,2.748,1.527,1.627,T1,,,,,,,,,
46:40.2,0.5,쌈뒈셸苟똥,3.02,1.53,1.61,2.748,1.527,1.627,T1,,,,,,,,,
46:40.3,0.5,쌈뒈셸苟똥,3.02,1.53,1.61,2.68,1.694,1.685,T1,,,,,,,,,
46:42.0,0.5,쌈뒈셸苟똥,3.02,1.53,1.61,2.683,1.677,1.815,T1,,,,,,,,,
46:42.1,0.5,쌈뒈셸苟똥,3.02,1.53,1.61,2.671,1.548,1.76,T1,,,,,,,,,
46:42.2,0.5,보겉풂苟똥,3.02,1.15,1.56,2.658,1.441,1.707,T1,,,,,,,,,
46:42.2,0.5,쌈뒈셸苟똥,3.02,1.53,1.61,2.658,1.441,1.707,T1,,,,,,,,,
46:42.3,0.5,보겉풂苟똥,3.02,1.15,1.56,2.637,1.339,1.667,T1,,,,,,,,,
46:42.3,0.5,쌈뒈셸苟똥,3.02,1.53,1.61,2.637,1.339,1.667,T1,,쌈뇰珂쇌，탤뇜轎괩,,,,,,,
46:42.4,0.5,보겉풂苟똥,3.02,1.15,1.56,2.615,1.233,1.641,T1,,,,,,,,,
46:42.5,0.5,보겉풂苟똥,3.02,1.15,1.56,2.592,1.144,1.617,T1,,,,,,,,,
46:42.6,0.5,보겉풂苟똥,3.02,1.15,1.56,2.559,1.074,1.597,T1,,,,,,,,,
46:43.2,0.5,보겉풂苟똥,3.02,1.15,1.56,3.216,1.222,1.186,T0,,,,,,,,,
46:43.3,0.5,보겉풂苟똥,3.02,1.15,1.56,3.129,1.198,1.193,T0,,,,,,,,,
46:43.4,0.5,보겉풂苟똥,3.02,1.15,1.56,3.052,1.172,1.191,T0,,,,,,,,,
46:43.5,0.5,보겉풂苟똥,3.02,1.15,1.56,2.993,1.142,1.187,T0,,,,,,,,,
46:43.6,0.5,보겉풂苟똥,3.02,1.15,1.56,2.944,1.109,1.185,T0,,,,,,,,,
46:43.7,0.5,보겉풂苟똥,3.02,1.15,1.56,2.902,1.076,1.181,T0,,,,,,,,,
46:43.8,0.5,보겉풂苟똥,3.02,1.15,1.56,2.87,1.042,1.179,T0,,,,,,,,,
46:43.9,0.5,보겉풂苟똥,3.02,1.15,1.56,2.804,1.008,1.17,T0,,,,,,,,,
46:46.8,0.5,보샙든都,1.45,2.1,0.39,1.675,2.031,0.813,T1,,,,,,,,,
46:46.9,0.5,보샙든都,1.45,2.1,0.39,1.644,2.128,0.64,T1,,,,,,,,,
46:47.0,0.5,보샙든都,1.45,2.1,0.39,1.62,2.225,0.514,T1,,,,,,,,,
46:47.1,0.5,보샙든都,1.45,2.1,0.39,1.598,2.318,0.359,T1,,,,,,,,,
46:47.2,0.5,보샙든都,1.45,2.1,0.39,1.574,2.42,0.213,T1,,,,,,,,,
46:48.8,0.5,퓰귿든都,2.44,2.57,0.97,2.271,2.892,0.693,T1,,,,,,,,,
46:48.9,0.5,퓰귿든都,2.44,2.57,0.97,2.281,2.842,0.795,T1,,,,,,,,,
46:49.0,0.5,퓰귿든都,2.44,2.57,0.97,2.26,2.794,0.803,T1,,,,,,,,,
46:49.1,0.5,퓰귿든都,2.44,2.57,0.97,2.222,2.737,0.796,T1,,,,,,,,,
46:49.2,0.5,퓰귿든都,2.44,2.57,0.97,2.142,2.702,0.733,T1,,,,,,,,,
46:53.6,0.5,덤보멀겼,0.81,0.46,0,0.969,0.021,0.017,T0,컬、렴덤보멀겼、멀岬、충倆,,,,,,,,
46:53.7,0.5,덤보멀겼,0.81,0.46,0,0.978,0.052,0.067,T0,,,,,,,,,
46:53.8,0.5,덤보멀겼,0.81,0.46,0,0.986,0.081,-0.16,T0,,,,,,,,,
46:53.9,0.5,덤보멀겼,0.81,0.46,0,0.966,0.517,0.445,T1,,,,,,,,,
46:54.0,0.5,덤보멀겼,0.81,0.46,0,0.943,0.51,0.407,T1,,,,,,,,,
46:54.1,0.5,덤보멀겼,0.81,0.46,0,0.924,0.503,0.39,T1,,,,,,,,,
46:54.2,0.5,덤보멀겼,0.81,0.46,0,0.91,0.495,0.394,T1,,,,,,,,,
46:54.3,0.5,덤보멀겼,0.81,0.46,0,0.708,0.327,-0.332,T0,,,,,,,,,
46:54.3,0.5,덤보멀겼,0.81,0.46,0,0.895,0.453,0.461,T1,,,,,,,,,
46:54.4,0.5,덤보멀겼,0.81,0.46,0,0.563,0.461,-0.242,T0,,,,,,,,,
46:54.4,0.5,뉨綾,0.24,0.17,0,0.563,0.461,-0.242,T0,,,,,,,,,
46:54.5,0.5,덤보멀겼,0.81,0.46,0,0.425,0.582,-0.161,T0,,,,,,,,,
46:54.5,0.5,뉨綾,0.24,0.17,0,0.425,0.582,-0.161,T0,,,,,,,,,
46:54.5,0.5,충倆겉癎,0.24,0.83,0,0.425,0.582,-0.161,T0,,,,,,,,,
46:54.6,0.5,뉨綾,0.24,0.17,0,0.31,0.66,-0.052,T0,,,,,,,,,
46:54.6,0.5,충倆겉癎,0.24,0.83,0,0.31,0.66,-0.052,T0,,,,,,,,,
46:54.7,0.5,충倆겉癎,0.24,0.83,0,0.209,0.719,0.037,T0,,,,,,,,,
46:54.8,0.5,충倆겉癎,0.24,0.83,0,0.152,0.682,0.24,T0,,,,,,,,,
46:54.9,0.5,충倆겉癎,0.24,0.83,0,0.133,0.675,-0.014,T0,,,,,,,,,
46:55.0,0.5,뉨綾,0.24,0.17,0,0.139,0.525,0.087,T0,,,,,,,,,
46:55.0,0.5,충倆겉癎,0.24,0.83,0,0.139,0.525,0.087,T0,,,,,,,,,
46:55.1,0.5,뉨綾,0.24,0.17,0,0.141,0.37,0.178,T0,,,,,,,,,
46:55.2,0.5,뉨綾,0.24,0.17,0,0.147,0.211,0.256,T0,,,,,,,,,
46:55.3,0.5,뉨綾,0.24,0.17,0,0.119,-0.024,0.268,T0,,,,,,,,,
46:55.3,0.5,덤보멀겼,0.81,0.46,0,0.798,0.523,0.469,T1,,,,,,,,,
46:55.4,0.5,뉨綾,0.24,0.17,0,0.046,-0.222,0.164,T0,,,,,,,,,
46:55.4,0.5,덤보멀겼,0.81,0.46,0,0.793,0.541,0.416,T1,,,,,,,,,
46:55.5,0.5,덤보멀겼,0.81,0.46,0,0.787,0.553,0.367,T1,,,,,,,,,
46:55.6,0.5,덤보멀겼,0.81,0.46,0,0.781,0.569,0.285,T1,,,,,,,,,
46:55.7,0.5,덤보멀겼,0.81,0.46,0,0.778,0.575,0.208,T1,,,,,,,,,
46:55.8,0.5,덤보멀겼,0.81,0.46,0,0.781,0.575,0.156,T1,,,,,,,,,
46:55.9,0.5,덤보멀겼,0.81,0.46,0,0.791,0.57,0.105,T1,,,,,,,,,
46:56.0,0.5,덤보멀겼,0.81,0.46,0,0.802,0.568,0.069,T1,,,,,,,,,
46:56.1,0.5,덤보멀겼,0.81,0.46,0,0.815,0.571,0.044,T1,,,,,,,,,
46:56.2,0.5,덤보멀겼,0.81,0.46,0,0.835,0.568,0.074,T1,,,,,,,,,
46:56.3,0.5,덤보멀겼,0.81,0.46,0,0.86,0.572,0.074,T1,,,,,,,,,
46:56.4,0.5,덤보멀겼,0.81,0.46,0,0.888,0.579,0.083,T1,,,,,,,,,
46:56.5,0.5,덤보멀겼,0.81,0.46,0,0.914,0.588,0.076,T1,,,,,,,,,
46:56.6,0.5,덤보멀겼,0.81,0.46,0,0.94,0.595,0.068,T1,,,,,,,,,
46:56.7,0.5,덤보멀겼,0.81,0.46,0,0.966,0.601,0.093,T1,,,,,,,,,
46:56.8,0.5,덤보멀겼,0.81,0.46,0,0.986,0.607,0.113,T1,,,,,,,,,
46:56.9,0.5,덤보멀겼,0.81,0.46,0,0.996,0.617,0.173,T1,,,,,,,,,
46:57.0,0.5,덤보멀겼,0.81,0.46,0,1,0.625,0.213,T1,,,,,,,,,
46:57.1,0.5,덤보멀겼,0.81,0.46,0,1.005,0.625,0.287,T1,,,,,,,,,
46:57.2,0.5,덤보멀겼,0.81,0.46,0,1.014,0.617,0.378,T1,,,,,,,,,
46:57.3,0.5,덤보멀겼,0.81,0.46,0,1.02,0.598,0.432,T1,,,,,,,,,
46:57.9,0.5,덤보멀겼,0.81,0.46,0,0.651,0.14,0.164,T0,,,,,,,,,
46:57.9,0.5,뉨綾,0.24,0.17,0,0.651,0.14,0.164,T0,,,,,,,,,
46:58.0,0.5,덤보멀겼,0.81,0.46,0,0.663,0.157,-0.011,T0,,,,,,,,,
46:58.0,0.5,뉨綾,0.24,0.17,0,0.663,0.157,-0.011,T0,,,,,,,,,
46:58.1,0.5,덤보멀겼,0.81,0.46,0,0.673,0.17,-0.182,T0,,,,,,,,,
46:58.1,0.5,뉨綾,0.24,0.17,0,0.673,0.17,-0.182,T0,,,,,,,,,
46:58.2,0.5,덤보멀겼,0.81,0.46,0,0.683,0.188,-0.337,T0,,,,,,,,,
46:58.4,0.5,덤보멀겼,0.81,0.46,0,1,0.633,0.357,T1,,,,,,,,,
46:58.5,0.5,덤보멀겼,0.81,0.46,0,0.75,0.213,-0.384,T0,,,,,,,,,
46:58.5,0.5,덤보멀겼,0.81,0.46,0,1.015,0.622,0.209,T1,,,,,,,,,
46:58.6,0.5,덤보멀겼,0.81,0.46,0,0.756,0.242,-0.348,T0,,,,,,,,,
46:58.6,0.5,덤보멀겼,0.81,0.46,0,1.03,0.609,0.077,T1,,,,,,,,,
46:58.7,0.5,덤보멀겼,0.81,0.46,0,0.756,0.27,-0.32,T0,,,,,,,,,
46:58.7,0.5,덤보멀겼,0.81,0.46,0,1.043,0.597,-0.027,T1,,,,,,,,,
46:58.8,0.5,덤보멀겼,0.81,0.46,0,0.747,0.3,-0.303,T0,,,,,,,,,
46:58.8,0.5,덤보멀겼,0.81,0.46,0,1.054,0.586,-0.1,T1,,,,,,,,,
46:58.9,0.5,덤보멀겼,0.81,0.46,0,0.726,0.338,-0.296,T0,,,,,,,,,
46:58.9,0.5,덤보멀겼,0.81,0.46,0,1.06,0.579,-0.161,T1,,,,,,,,,
46:59.0,0.5,덤보멀겼,0.81,0.46,0,0.68,0.329,-0.35,T0,,,,,,,,,
46:59.0,0.5,덤보멀겼,0.81,0.46,0,1.059,0.576,-0.109,T1,,,,,,,,,
46:59.1,0.5,덤보멀겼,0.81,0.46,0,0.632,0.32,-0.405,T0,,,,,,,,,
46:59.1,0.5,덤보멀겼,0.81,0.46,0,1.048,0.583,-0.036,T1,,,,,,,,,
46:59.2,0.5,덤보멀겼,0.81,0.46,0,1.029,0.595,0.054,T1,,,,,,,,,
46:59.3,0.5,덤보멀겼,0.81,0.46,0,0.997,0.604,0.141,T1,,,,,,,,,
46:59.4,0.5,덤보멀겼,0.81,0.46,0,0.96,0.609,0.226,T1,,,,,,,,,
46:59.5,0.5,덤보멀겼,0.81,0.46,0,0.919,0.607,0.321,T1,,,,,,,,,
46:59.6,0.5,덤보멀겼,0.81,0.46,0,0.878,0.596,0.427,T1,,,,,,,,,
46:59.9,0.5,뉨綾,0.24,0.17,0,0.48,0.193,-0.42,T0,,,,,,,,,
47:00.0,0.5,뉨綾,0.24,0.17,0,0.48,0.161,-0.391,T0,,,,,,,,,
47:00.1,0.5,뉨綾,0.24,0.17,0,0.474,0.109,-0.362,T0,,,,,,,,,
47:00.2,0.5,뉨綾,0.24,0.17,0,0.465,0.021,-0.29,T0,,,,,,,,,
47:00.3,0.5,뉨綾,0.24,0.17,0,0.455,-0.055,-0.225,T0,,,,,,,,,
47:00.4,0.5,뉨綾,0.24,0.17,0,0.444,-0.133,-0.164,T0,,,,,,,,,
47:00.5,0.5,뉨綾,0.24,0.17,0,0.434,-0.192,-0.105,T0,,,,,,,,,
47:00.6,0.5,뉨綾,0.24,0.17,0,0.429,-0.248,-0.05,T0,,,,,,,,,
47:00.7,0.5,뉨綾,0.24,0.17,0,0.429,-0.271,0,T0,,,,,,,,,
47:00.8,0.5,뉨綾,0.24,0.17,0,0.428,-0.261,0,T0,,,,,,,,,
47:00.9,0.5,뉨綾,0.24,0.17,0,0.42,-0.271,0,T0,,,,,,,,,
47:01.0,0.5,뉨綾,0.24,0.17,0,0.409,-0.283,0,T0,,,,,,,,,
47:01.1,0.5,뉨綾,0.24,0.17,0,0.401,-0.293,0,T0,,,,,,,,,
47:01.2,0.5,뉨綾,0.24,0.17,0,0.394,-0.296,0,T0,,,,,,,,,
47:01.3,0.5,뉨綾,0.24,0.17,0,0.386,-0.296,0,T0,,,,,,,,,
47:01.4,0.5,뉨綾,0.24,0.17,0,0.369,-0.271,-0.046,T0,,,,,,,,,
47:01.5,0.5,뉨綾,0.24,0.17,0,0.36,-0.247,-0.077,T0,,,,,,,,,
47:01.6,0.5,뉨綾,0.24,0.17,0,0.355,-0.196,-0.119,T0,,,,,,,,,
47:01.7,0.5,뉨綾,0.24,0.17,0,0.35,-0.148,-0.156,T0,,,,,,,,,
47:01.8,0.5,뉨綾,0.24,0.17,0,0.342,-0.103,-0.194,T0,,,,,,,,,
47:01.9,0.5,뉨綾,0.24,0.17,0,0.333,-0.062,-0.232,T0,,,,,,,,,
47:02.0,0.5,뉨綾,0.24,0.17,0,0.336,-0.058,-0.222,T0,,,,,,,,,
47:02.1,0.5,뉨綾,0.24,0.17,0,0.333,-0.049,-0.222,T0,,,,,,,,,
47:02.2,0.5,뉨綾,0.24,0.17,0,0.33,-0.07,-0.201,T0,,,,,,,,,
47:02.3,0.5,뉨綾,0.24,0.17,0,0.325,-0.084,-0.182,T0,,,,,,,,,
47:02.4,0.5,뉨綾,0.24,0.17,0,0.321,-0.095,-0.166,T0,,,,,,,,,
47:02.5,0.5,뉨綾,0.24,0.17,0,0.319,-0.103,-0.157,T0,,,,,,,,,
47:02.6,0.5,뉨綾,0.24,0.17,0,0.32,-0.088,-0.147,T0,,,,,,,,,
47:02.7,0.5,뉨綾,0.24,0.17,0,0.321,-0.103,-0.115,T0,,,,,,,,,
47:02.8,0.5,뉨綾,0.24,0.17,0,0.328,-0.101,-0.095,T0,,,,,,,,,
47:02.9,0.5,뉨綾,0.24,0.17,0,0.335,-0.098,-0.096,T0,,,,,,,,,
47:03.0,0.5,뉨綾,0.24,0.17,0,0.348,-0.102,-0.091,T0,,,,,,,,,
47:03.1,0.5,뉨綾,0.24,0.17,0,0.36,-0.104,-0.093,T0,,,,,,,,,
47:03.2,0.5,뉨綾,0.24,0.17,0,0.374,-0.102,-0.108,T0,,,,,,,,,
47:03.3,0.5,뉨綾,0.24,0.17,0,0.394,-0.047,-0.154,T0,,,,,,,,,
47:03.4,0.5,뉨綾,0.24,0.17,0,0.417,0.009,-0.206,T0,,,,,,,,,
47:03.5,0.5,뉨綾,0.24,0.17,0,0.441,0.067,-0.245,T0,,,,,,,,,
47:03.6,0.5,뉨綾,0.24,0.17,0,0.463,0.128,-0.291,T0,,,,,,,,,
47:03.7,0.5,뉨綾,0.24,0.17,0,0.489,0.186,-0.328,T0,,,,,,,,,
47:03.8,0.5,덤보멀겼,0.81,0.46,0,0.471,0.287,-0.218,T0,,,,,,,,,
47:03.8,0.5,뉨綾,0.24,0.17,0,0.471,0.287,-0.218,T0,,,,,,,,,
47:03.9,0.5,덤보멀겼,0.81,0.46,0,0.418,0.419,-0.171,T0,,,,,,,,,
47:03.9,0.5,뉨綾,0.24,0.17,0,0.418,0.419,-0.171,T0,,,,,,,,,
47:03.9,0.5,충倆겉癎,0.24,0.83,0,0.418,0.419,-0.171,T0,,,,,,,,,
47:04.0,0.5,덤보멀겼,0.81,0.46,0,0.371,0.542,-0.092,T0,,,,,,,,,
47:04.0,0.5,뉨綾,0.24,0.17,0,0.371,0.542,-0.092,T0,,,,,,,,,
47:04.0,0.5,충倆겉癎,0.24,0.83,0,0.371,0.542,-0.092,T0,,,,,,,,,
47:04.1,0.5,충倆겉癎,0.24,0.83,0,0.299,0.678,-0.035,T0,,,,,,,,,
47:04.2,0.5,충倆겉癎,0.24,0.83,0,0.206,0.825,0.029,T0,,,,,,,,,
47:04.3,0.5,충倆겉癎,0.24,0.83,0,0.097,0.982,0.097,T0,,,,,,,,,
47:04.4,0.5,충倆겉癎,0.24,0.83,0,0.039,1.079,0.027,T0,,,,,,,,,
47:04.5,0.5,충倆겉癎,0.24,0.83,0,0.032,1.127,0.027,T0,,,,,,,,,
47:04.6,0.5,충倆겉癎,0.24,0.83,0,0.029,1.159,0.065,T0,,,,,,,,,
47:04.7,0.5,충倆겉癎,0.24,0.83,0,0.061,1.157,0.156,T0,,,,,,,,,
47:04.8,0.5,충倆겉癎,0.24,0.83,0,0.135,1.111,0.276,T0,,,,,,,,,
47:04.9,0.5,충倆겉癎,0.24,0.83,0,0.233,1.033,0.408,T0,,,,,,,,,
47:09.8,0.5,덤보멀겼,0.81,0.46,0,0.757,0.202,0.29,T0,,,,,,,,,
47:09.9,0.5,덤보멀겼,0.81,0.46,0,0.723,0.173,0.089,T0,,,,,,,,,
47:09.9,0.5,뉨綾,0.24,0.17,0,0.723,0.173,0.089,T0,,,,,,,,,
47:10.0,0.5,덤보멀겼,0.81,0.46,0,0.692,0.141,-0.105,T0,,,,,,,,,
47:10.0,0.5,뉨綾,0.24,0.17,0,0.692,0.141,-0.105,T0,,,,,,,,,
47:10.1,0.5,덤보멀겼,0.81,0.46,0,0.663,0.108,-0.294,T0,,,,,,,,,
47:10.5,0.5,뉨綾,0.24,0.17,0,0.557,0.01,-0.289,T0,,,,,,,,,
47:10.6,0.5,뉨綾,0.24,0.17,0,0.531,-0.04,-0.218,T0,,,,,,,,,
47:10.7,0.5,뉨綾,0.24,0.17,0,0.503,-0.102,-0.153,T0,,,,,,,,,
47:10.8,0.5,뉨綾,0.24,0.17,0,0.48,-0.167,-0.097,T0,,,,,,,,,
47:10.9,0.5,뉨綾,0.24,0.17,0,0.457,-0.235,-0.05,T0,,,,,,,,,
47:11.2,0.5,뉨綾,0.24,0.17,0,0.321,-0.244,-0.074,T0,,,,,,,,,
47:11.3,0.5,뉨綾,0.24,0.17,0,0.309,-0.258,-0.074,T0,,,,,,,,,
47:11.4,0.5,뉨綾,0.24,0.17,0,0.301,-0.264,-0.074,T0,,,,,,,,,
47:11.5,0.5,뉨綾,0.24,0.17,0,0.304,-0.259,-0.074,T0,,,,,,,,,
47:11.6,0.5,뉨綾,0.24,0.17,0,0.314,-0.25,-0.074,T0,,,,,,,,,
47:11.7,0.5,뉨綾,0.24,0.17,0,0.328,-0.227,-0.109,T0,,,,,,,,,
47:11.9,0.5,뉨綾,0.24,0.17,0,0.421,-0.223,-0.206,T0,,,,,,,,,
47:12.0,0.5,뉨綾,0.24,0.17,0,0.387,-0.128,-0.073,T0,,,,,,,,,
47:12.1,0.5,뉨綾,0.24,0.17,0,0.352,-0.094,0.075,T0,,,,,,,,,
47:12.2,0.5,뉨綾,0.24,0.17,0,0.312,-0.062,0.236,T0,,,,,,,,,
47:12.3,0.5,뉨綾,0.24,0.17,0,0.263,-0.013,0.442,T0,,,,,,,,,
47:15.4,0.5,보겉풂苟똥,3.02,1.15,1.56,3.099,1.09,1.112,T1,훙竟盧땡,,,,,,,,
47:15.5,0.5,보겉풂苟똥,3.02,1.15,1.56,3.003,1.22,1.158,T1,,,,,,,,,
47:15.6,0.5,보겉풂苟똥,3.02,1.15,1.56,2.896,1.364,1.193,T1,,,,,,,,,
47:15.6,0.5,쌈뒈셸苟똥,3.02,1.53,1.61,2.896,1.364,1.193,T1,,,,,,,,,
47:15.7,0.5,쌈뒈셸苟똥,3.02,1.53,1.61,2.792,1.506,1.207,T1,,,,,,,,,
47:16.2,0.5,퓰귿든都,2.44,2.57,0.97,2.281,2.181,0.976,T1,,,,,,,,,
47:16.3,0.5,퓰귿든都,2.44,2.57,0.97,2.213,2.262,0.907,T1,,,,,,,,,
47:16.4,0.5,퓰귿든都,2.44,2.57,0.97,2.13,2.355,0.782,T1,,,,,,,,,
47:16.5,0.5,퓰귿든都,2.44,2.57,0.97,2.08,2.427,0.697,T1,,,,,,,,,
47:17.6,0.5,보샙든都,1.45,2.1,0.39,1.736,2.509,0.38,T1,밑균보샙든都,,,,,,,,
47:17.7,0.5,보샙든都,1.45,2.1,0.39,1.645,2.534,0.269,T1,,,,,,,,,
47:18.4,0.5,보샙든都,1.45,2.1,0.39,1.307,2.485,0.147,T1,,,,,,,,,
47:18.5,0.5,보샙든都,1.45,2.1,0.39,1.288,2.462,0.244,T1,,,,,,,,,
47:18.6,0.5,보샙든都,1.45,2.1,0.39,1.275,2.441,0.355,T1,,,,,,,,,
47:18.7,0.5,보샙든都,1.45,2.1,0.39,1.269,2.42,0.486,T1,,,,,,,,,
47:18.8,0.5,보샙든都,1.45,2.1,0.39,1.262,2.4,0.618,T1,,,,,,,,,
47:18.9,0.5,보샙든都,1.45,2.1,0.39,1.254,2.383,0.691,T1,,,,,,,,,
47:19.0,0.5,보샙든都,1.45,2.1,0.39,1.244,2.371,0.741,T1,,,,,,,,,
47:19.1,0.5,보샙든都,1.45,2.1,0.39,1.232,2.368,0.749,T1,,,,,,,,,
47:19.2,0.5,보샙든都,1.45,2.1,0.39,1.211,2.375,0.703,T1,,,,,,,,,
47:19.3,0.5,보샙든都,1.45,2.1,0.39,1.186,2.397,0.572,T1,,,,,,,,,
47:19.4,0.5,보샙든都,1.45,2.1,0.39,1.168,2.42,0.44,T1,,,,,,,,,
47:19.5,0.5,보샙든都,1.45,2.1,0.39,1.159,2.441,0.354,T1,,,,,,,,,
47:19.6,0.5,보샙든都,1.45,2.1,0.39,1.172,2.453,0.325,T1,,,,,,,,,
47:19.7,0.5,보샙든都,1.45,2.1,0.39,1.194,2.455,0.333,T1,,,,,,,,,
47:19.8,0.5,보샙든都,1.45,2.1,0.39,1.236,2.441,0.412,T1,,,,,,,,,
47:19.9,0.5,보샙든都,1.45,2.1,0.39,1.29,2.415,0.575,T1,,,,,,,,,
47:20.0,0.5,보샙든都,1.45,2.1,0.39,1.353,2.383,0.753,T1,,,,,,,,,
47:20.2,0.5,보샙든都,1.45,2.1,0.39,1.392,2.408,0.775,T1,,,,,,,,,
47:20.3,0.5,보샙든都,1.45,2.1,0.39,1.372,2.456,0.662,T1,,,,,,,,,
47:20.4,0.5,보샙든都,1.45,2.1,0.39,1.343,2.503,0.518,T1,,,,,,,,,
47:20.5,0.5,보샙든都,1.45,2.1,0.39,1.306,2.546,0.355,T1,,,,,,,,,
47:23.3,0.5,퓰귿든都,2.44,2.57,0.97,2.265,2.656,0.592,T1,밑균퓰귿든都,,,,,,,,
47:23.4,0.5,퓰귿든都,2.44,2.57,0.97,2.457,2.557,0.78,T1,,,,,,,,,
47:23.5,0.5,퓰귿든都,2.44,2.57,0.97,2.645,2.441,0.966,T1,,,,,,,,,
47:23.6,0.5,퓰귿든都,2.44,2.57,0.97,2.818,2.319,1.052,T1,,,,,,,,,
47:25.2,0.5,퓰귿든都,2.44,2.57,0.97,2.334,2.09,1.04,T0,,,,,,,,,
47:25.3,0.5,퓰귿든都,2.44,2.57,0.97,2.362,2.139,1.02,T0,,,,,,,,,
47:25.4,0.5,퓰귿든都,2.44,2.57,0.97,2.385,2.19,1.001,T0,,,,,,,,,
47:25.5,0.5,퓰귿든都,2.44,2.57,0.97,2.404,2.241,0.984,T0,,,,,,,,,
47:25.6,0.5,퓰귿든都,2.44,2.57,0.97,2.422,2.289,0.971,T0,,,,,,,,,
47:25.7,0.5,퓰귿든都,2.44,2.57,0.97,2.438,2.332,0.968,T0,,,,,,,,,
47:25.8,0.5,퓰귿든都,2.44,2.57,0.97,2.452,2.37,0.974,T0,,,,,,,,,
47:25.9,0.5,퓰귿든都,2.44,2.57,0.97,2.461,2.405,0.976,T0,,,,,,,,,
47:26.0,0.5,퓰귿든都,2.44,2.57,0.97,2.468,2.43,0.981,T0,,,,,,,,,
47:26.1,0.5,퓰귿든都,2.44,2.57,0.97,2.477,2.449,0.984,T0,,,,,,,,,
47:26.2,0.5,퓰귿든都,2.44,2.57,0.97,2.486,2.467,0.987,T0,,,,,,,,,
47:26.3,0.5,퓰귿든都,2.44,2.57,0.97,2.493,2.48,0.989,T0,,,,,,,,,
47:26.4,0.5,퓰귿든都,2.44,2.57,0.97,2.504,2.492,0.988,T0,,,,,,,,,
47:26.5,0.5,퓰귿든都,2.44,2.57,0.97,2.516,2.5,0.989,T0,,,,,,,,,
47:26.6,0.5,퓰귿든都,2.44,2.57,0.97,2.528,2.504,0.99,T0,,,,,,,,,
47:26.7,0.5,퓰귿든都,2.44,2.57,0.97,2.539,2.507,0.991,T0,,,,,,,,,
47:26.8,0.5,퓰귿든都,2.44,2.57,0.97,2.547,2.507,0.994,T0,,,,,,,,,
47:26.9,0.5,퓰귿든都,2.44,2.57,0.97,2.554,2.51,0.995,T0,,,,,,,,,
47:27.0,0.5,퓰귿든都,2.44,2.57,0.97,2.555,2.514,0.996,T0,,,,,,,,,
47:27.1,0.5,퓰귿든都,2.44,2.57,0.97,2.556,2.518,0.995,T0,,,,,,,,,
47:27.2,0.5,퓰귿든都,2.44,2.57,0.97,2.554,2.523,0.994,T0,,,,,,,,,
47:27.3,0.5,퓰귿든都,2.44,2.57,0.97,2.552,2.524,0.995,T0,,,,,,,,,
47:27.4,0.5,퓰귿든都,2.44,2.57,0.97,2.551,2.525,0.998,T0,,,,,,,,,
47:27.5,0.5,퓰귿든都,2.44,2.57,0.97,2.55,2.521,1.003,T0,,,,,,,,,
47:27.6,0.5,퓰귿든都,2.44,2.57,0.97,2.551,2.513,1.014,T0,,,,,,,,,
47:27.7,0.5,퓰귿든都,2.44,2.57,0.97,2.55,2.499,1.036,T0,,,,,,,,,
47:27.8,0.5,퓰귿든都,2.44,2.57,0.97,2.555,2.486,1.056,T0,,,,,,,,,
47:27.9,0.5,퓰귿든都,2.44,2.57,0.97,2.558,2.478,1.068,T0,,,,,,,,,
47:28.0,0.5,퓰귿든都,2.44,2.57,0.97,2.562,2.472,1.071,T0,,,,,,,,,
47:28.1,0.5,퓰귿든都,2.44,2.57,0.97,2.564,2.467,1.068,T0,,,,,,,,,
47:28.2,0.5,퓰귿든都,2.44,2.57,0.97,2.563,2.463,1.054,T0,,,,,,,,,
47:28.3,0.5,퓰귿든都,2.44,2.57,0.97,2.563,2.458,1.032,T0,,,,,,,,,
47:28.4,0.5,퓰귿든都,2.44,2.57,0.97,2.561,2.44,1.021,T0,,,,,,,,,
47:28.5,0.5,퓰귿든都,2.44,2.57,0.97,2.547,2.415,1.029,T0,,,,,,,,,
47:28.6,0.5,퓰귿든都,2.44,2.57,0.97,2.539,2.367,1.051,T0,,,,,,,,,
47:28.7,0.5,퓰귿든都,2.44,2.57,0.97,2.535,2.308,1.079,T0,,,,,,,,,
47:28.8,0.5,퓰귿든都,2.44,2.57,0.97,2.536,2.241,1.107,T0,,,,,,,,,
47:28.9,0.5,퓰귿든都,2.44,2.57,0.97,2.544,2.17,1.129,T0,,,,,,,,,
47:30.0,0.5,퓰귿든都,2.44,2.57,0.97,2.1,2.365,0.709,T1,,,,,,,,,
47:31.7,0.5,보겉풂苟똥,3.02,1.15,1.56,3.232,1.322,1.156,T0,보겉풂、쌈뒈셸밈퓰,,,,,,,,
47:31.8,0.5,보겉풂苟똥,3.02,1.15,1.56,3.089,1.242,1.21,T0,,,,,,,,,
47:31.8,0.5,쌈뒈셸苟똥,3.02,1.53,1.61,3.089,1.242,1.21,T0,,,,,,,,,
47:31.9,0.5,보겉풂苟똥,3.02,1.15,1.56,3.003,1.16,1.225,T0,,,,,,,,,
47:32.0,0.5,보겉풂苟똥,3.02,1.15,1.56,2.876,1.066,1.221,T0,,,,,,,,,
47:32.1,0.5,보겉풂苟똥,3.02,1.15,1.56,2.749,1.002,1.221,T0,,,,,,,,,
47:34.2,0.5,보겉풂苟똥,3.02,1.15,1.56,2.787,1.14,1.147,T0,,,,,,,,,
47:34.3,0.5,보겉풂苟똥,3.02,1.15,1.56,2.931,1.198,1.148,T0,,,,,,,,,
47:34.4,0.5,보겉풂苟똥,3.02,1.15,1.56,3.073,1.26,1.149,T0,,,,,,,,,
47:34.5,0.5,보겉풂苟똥,3.02,1.15,1.56,3.197,1.32,1.136,T0,,,,,,,,,
47:34.6,0.5,보겉풂苟똥,3.02,1.15,1.56,2.702,1.074,1.341,T1,,,,,,,,,
47:34.7,0.5,보겉풂苟똥,3.02,1.15,1.56,2.824,1.105,1.349,T1,,,,,,,,,
47:34.8,0.5,보겉풂苟똥,3.02,1.15,1.56,2.924,1.156,1.369,T1,,,,,,,,,
47:34.8,0.5,쌈뒈셸苟똥,3.02,1.53,1.61,2.924,1.156,1.369,T1,,,,,,,,,
47:34.9,0.5,보겉풂苟똥,3.02,1.15,1.56,2.999,1.208,1.394,T1,,,,,,,,,
47:34.9,0.5,쌈뒈셸苟똥,3.02,1.53,1.61,2.999,1.208,1.394,T1,,,,,,,,,
47:35.0,0.5,보겉풂苟똥,3.02,1.15,1.56,3.04,1.283,1.444,T1,,,,,,,,,
47:35.0,0.5,쌈뒈셸苟똥,3.02,1.53,1.61,3.04,1.283,1.444,T1,,,,,,,,,
47:35.1,0.5,보겉풂苟똥,3.02,1.15,1.56,3.035,1.38,1.516,T1,,,,,,,,,
47:35.1,0.5,쌈뒈셸苟똥,3.02,1.53,1.61,3.035,1.38,1.516,T1,,,,,,,,,
47:35.2,0.5,보겉풂苟똥,3.02,1.15,1.56,3.044,1.471,1.597,T1,,,,,,,,,
47:35.2,0.5,쌈뒈셸苟똥,3.02,1.53,1.61,3.044,1.471,1.597,T1,,,,,,,,,
47:35.3,0.5,보겉풂苟똥,3.02,1.15,1.56,3.059,1.56,1.682,T1,,,,,,,,,
47:35.3,0.5,쌈뒈셸苟똥,3.02,1.53,1.61,3.059,1.56,1.682,T1,,,,,,,,,
47:35.4,0.5,쌈뒈셸苟똥,3.02,1.53,1.61,3.059,1.654,1.756,T1,,,,,,,,,
47:35.5,0.5,쌈뒈셸苟똥,3.02,1.53,1.61,3.051,1.745,1.823,T1,,,,,,,,,
47:35.6,0.5,쌈뒈셸苟똥,3.02,1.53,1.61,3.067,1.796,1.858,T1,,,,,,,,,
47:35.7,0.5,쌈뒈셸苟똥,3.02,1.53,1.61,3.106,1.83,1.877,T1,,,,,,,,,
47:35.8,0.5,쌈뒈셸苟똥,3.02,1.53,1.61,3.118,1.886,1.899,T1,,,,,,,,,
47:37.7,0.5,쌈뒈셸苟똥,3.02,1.53,1.61,2.837,1.73,1.789,T1,,,,,,,,,
47:37.8,0.5,쌈뒈셸苟똥,3.02,1.53,1.61,2.875,1.588,1.804,T1,,,,,,,,,
47:37.9,0.5,보겉풂苟똥,3.02,1.15,1.56,2.884,1.505,1.83,T1,,,,,,,,,
47:37.9,0.5,쌈뒈셸苟똥,3.02,1.53,1.61,2.884,1.505,1.83,T1,,,,,,,,,
47:38.0,0.5,보겉풂苟똥,3.02,1.15,1.56,2.898,1.439,1.852,T1,,,,,,,,,
47:38.0,0.5,쌈뒈셸苟똥,3.02,1.53,1.61,2.898,1.439,1.852,T1,,,,,,,,,
47:38.1,0.5,보겉풂苟똥,3.02,1.15,1.56,2.909,1.388,1.875,T1,,,,,,,,,
47:38.1,0.5,쌈뒈셸苟똥,3.02,1.53,1.61,2.909,1.388,1.875,T1,,,,,,,,,
47:38.2,0.5,쌈뒈셸苟똥,3.02,1.53,1.61,2.82,1.464,1.995,T1,,,,,,,,,
47:38.3,0.5,쌈뒈셸苟똥,3.02,1.53,1.61,2.836,1.426,2.005,T1,,,,,,,,,
47:38.4,0.5,쌈뒈셸苟똥,3.02,1.53,1.61,2.858,1.391,2.014,T1,,,,,,,,,
47:38.5,0.5,쌈뒈셸苟똥,3.02,1.53,1.61,2.874,1.357,2.018,T1,,,,,,,,,
47:38.6,0.5,쌈뒈셸苟똥,3.02,1.53,1.61,2.863,1.36,2.019,T1,,,,,,,,,
47:38.7,0.5,쌈뒈셸苟똥,3.02,1.53,1.61,2.855,1.364,2.011,T1,,,,,,,,,
47:38.8,0.5,쌈뒈셸苟똥,3.02,1.53,1.61,2.851,1.364,1.999,T1,,,,,,,,,
47:38.9,0.5,쌈뒈셸苟똥,3.02,1.53,1.61,2.837,1.375,1.987,T1,,,,,,,,,
47:39.0,0.5,쌈뒈셸苟똥,3.02,1.53,1.61,2.818,1.388,1.976,T1,,,,,,,,,
47:39.1,0.5,쌈뒈셸苟똥,3.02,1.53,1.61,2.805,1.406,1.959,T1,,,,,,,,,
47:39.2,0.5,보겉풂苟똥,3.02,1.15,1.56,2.814,1.397,1.938,T1,,,,,,,,,
47:39.2,0.5,쌈뒈셸苟똥,3.02,1.53,1.61,2.814,1.397,1.938,T1,,,,,,,,,
47:39.3,0.5,보겉풂苟똥,3.02,1.15,1.56,2.81,1.406,1.925,T1,,,,,,,,,
47:39.3,0.5,쌈뒈셸苟똥,3.02,1.53,1.61,2.81,1.406,1.925,T1,,,,,,,,,
47:39.4,0.5,보겉풂苟똥,3.02,1.15,1.56,2.808,1.415,1.919,T1,,,,,,,,,
47:39.4,0.5,쌈뒈셸苟똥,3.02,1.53,1.61,2.808,1.415,1.919,T1,,,,,,,,,
47:39.5,0.5,보겉풂苟똥,3.02,1.15,1.56,2.815,1.414,1.911,T1,,,,,,,,,
47:39.5,0.5,쌈뒈셸苟똥,3.02,1.53,1.61,2.815,1.414,1.911,T1,,,,,,,,,
47:39.6,0.5,보겉풂苟똥,3.02,1.15,1.56,2.83,1.408,1.903,T1,,,,,,,,,
47:39.6,0.5,쌈뒈셸苟똥,3.02,1.53,1.61,2.83,1.408,1.903,T1,,,,,,,,,
47:39.7,0.5,보겉풂苟똥,3.02,1.15,1.56,2.863,1.386,1.887,T1,,,,,,,,,
47:39.7,0.5,쌈뒈셸苟똥,3.02,1.53,1.61,2.863,1.386,1.887,T1,,,,,,,,,
47:39.8,0.5,보겉풂苟똥,3.02,1.15,1.56,2.891,1.379,1.87,T1,,,,,,,,,
47:39.8,0.5,쌈뒈셸苟똥,3.02,1.53,1.61,2.891,1.379,1.87,T1,,,,,,,,,
47:39.9,0.5,보겉풂苟똥,3.02,1.15,1.56,2.935,1.365,1.845,T1,,,,,,,,,
47:39.9,0.5,쌈뒈셸苟똥,3.02,1.53,1.61,2.935,1.365,1.845,T1,,,,,,,,,
47:40.0,0.5,보겉풂苟똥,3.02,1.15,1.56,2.968,1.362,1.829,T1,,,,,,,,,
47:40.0,0.5,쌈뒈셸苟똥,3.02,1.53,1.61,2.968,1.362,1.829,T1,,,,,,,,,
47:40.1,0.5,보겉풂苟똥,3.02,1.15,1.56,2.995,1.366,1.822,T1,,,,,,,,,
47:40.1,0.5,쌈뒈셸苟똥,3.02,1.53,1.61,2.995,1.366,1.822,T1,,,,,,,,,
47:40.2,0.5,보겉풂苟똥,3.02,1.15,1.56,3.016,1.364,1.818,T1,,,,,,,,,
47:40.2,0.5,쌈뒈셸苟똥,3.02,1.53,1.61,3.016,1.364,1.818,T1,,,,,,,,,
47:40.3,0.5,보겉풂苟똥,3.02,1.15,1.56,3.047,1.351,1.817,T1,,,,,,,,,
47:40.3,0.5,쌈뒈셸苟똥,3.02,1.53,1.61,3.047,1.351,1.817,T1,,,,,,,,,
47:40.4,0.5,보겉풂苟똥,3.02,1.15,1.56,3.063,1.326,1.818,T1,,,,,,,,,
47:40.4,0.5,쌈뒈셸苟똥,3.02,1.53,1.61,3.063,1.326,1.818,T1,,,,,,,,,
47:40.5,0.5,보겉풂苟똥,3.02,1.15,1.56,3.056,1.297,1.816,T1,,,,,,,,,
47:40.5,0.5,쌈뒈셸苟똥,3.02,1.53,1.61,3.056,1.297,1.816,T1,,,,,,,,,
47:40.6,0.5,보겉풂苟똥,3.02,1.15,1.56,3.047,1.251,1.794,T1,,,,,,,,,
47:40.6,0.5,쌈뒈셸苟똥,3.02,1.53,1.61,3.047,1.251,1.794,T1,,,,,,,,,
47:40.7,0.5,보겉풂苟똥,3.02,1.15,1.56,3.027,1.193,1.749,T1,,,,,,,,,
47:40.7,0.5,쌈뒈셸苟똥,3.02,1.53,1.61,3.027,1.193,1.749,T1,,,,,,,,,
47:40.8,0.5,보겉풂苟똥,3.02,1.15,1.56,2.995,1.142,1.699,T1,,,,,,,,,
47:40.8,0.5,쌈뒈셸苟똥,3.02,1.53,1.61,2.995,1.142,1.699,T1,,,,,,,,,
47:40.9,0.5,보겉풂苟똥,3.02,1.15,1.56,2.918,1.128,1.654,T1,,,,,,,,,
47:40.9,0.5,쌈뒈셸苟똥,3.02,1.53,1.61,2.918,1.128,1.654,T1,,,,,,,,,
47:41.0,0.5,보겉풂苟똥,3.02,1.15,1.56,2.843,1.128,1.603,T1,,,,,,,,,
47:41.0,0.5,쌈뒈셸苟똥,3.02,1.53,1.61,2.843,1.128,1.603,T1,,,,,,,,,
47:41.1,0.5,보겉풂苟똥,3.02,1.15,1.56,2.783,1.138,1.551,T1,,,,,,,,,
47:41.1,0.5,쌈뒈셸苟똥,3.02,1.53,1.61,2.783,1.138,1.551,T1,,,,,,,,,
47:41.2,0.5,보겉풂苟똥,3.02,1.15,1.56,2.723,1.163,1.509,T1,,,,,,,,,
47:41.2,0.5,쌈뒈셸苟똥,3.02,1.53,1.61,2.723,1.163,1.509,T1,,,,,,,,,
47:41.3,0.5,보겉풂苟똥,3.02,1.15,1.56,2.674,1.192,1.475,T1,,,,,,,,,
47:41.4,0.5,보겉풂苟똥,3.02,1.15,1.56,2.633,1.22,1.436,T1,,,,,,,,,
47:41.5,0.5,보겉풂苟똥,3.02,1.15,1.56,2.616,1.216,1.388,T1,,,,,,,,,
47:41.6,0.5,보겉풂苟똥,3.02,1.15,1.56,3.239,1.327,1.198,T0,,,,,,,,,
47:41.6,0.5,보겉풂苟똥,3.02,1.15,1.56,2.597,1.202,1.346,T1,,,,,,,,,
47:41.7,0.5,보겉풂苟똥,3.02,1.15,1.56,3.137,1.271,1.202,T0,,,,,,,,,
47:41.7,0.5,쌈뒈셸苟똥,3.02,1.53,1.61,3.137,1.271,1.202,T0,,,,,,,,,
47:41.8,0.5,보겉풂苟똥,3.02,1.15,1.56,3.049,1.211,1.211,T0,,,,,,,,,
47:41.9,0.5,보겉풂苟똥,3.02,1.15,1.56,3.013,1.149,1.221,T0,,,,,,,,,
47:42.0,0.5,보겉풂苟똥,3.02,1.15,1.56,3.001,1.082,1.237,T0,,,,,,,,,
47:42.1,0.5,보겉풂苟똥,3.02,1.15,1.56,3.042,1.004,1.242,T0,,,,,,,,,
47:42.2,0.5,보겉풂苟똥,3.02,1.15,1.56,3.088,0.914,1.238,T0,,,,,,,,,
47:45.1,0.5,충倆겉癎,0.24,0.83,0,0.562,0.898,0.215,T1,컬、렴뉨綾,,,,,,,,
47:45.2,0.5,충倆겉癎,0.24,0.83,0,0.489,0.909,0.104,T1,,,,,,,,,
47:45.3,0.5,충倆겉癎,0.24,0.83,0,0.428,0.874,0.067,T1,,,,,,,,,
47:45.4,0.5,충倆겉癎,0.24,0.83,0,0.384,0.83,0.045,T1,,,,,,,,,
47:45.5,0.5,충倆겉癎,0.24,0.83,0,0.323,0.794,0.053,T1,,,,,,,,,
47:45.6,0.5,충倆겉癎,0.24,0.83,0,0.246,0.751,0.109,T1,,,,,,,,,
47:45.7,0.5,충倆겉癎,0.24,0.83,0,0.157,0.706,0.162,T1,,,,,,,,,
47:45.8,0.5,충倆겉癎,0.24,0.83,0,0.077,0.638,0.239,T1,,,,,,,,,
47:45.9,0.5,충倆겉癎,0.24,0.83,0,0.001,0.581,0.264,T1,,,,,,,,,
47:48.8,0.5,덤보멀겼,0.81,0.46,0,0.728,0.073,0.027,T0,,,,,,,,,
47:48.8,0.5,뉨綾,0.24,0.17,0,0.728,0.073,0.027,T0,,,,,,,,,
47:48.9,0.5,덤보멀겼,0.81,0.46,0,0.768,0.134,0.011,T0,,,,,,,,,
47:49.0,0.5,덤보멀겼,0.81,0.46,0,0.802,0.183,-0.166,T0,,,,,,,,,
47:49.1,0.5,덤보멀겼,0.81,0.46,0,0.827,0.222,-0.187,T0,,,,,,,,,
47:49.2,0.5,덤보멀겼,0.81,0.46,0,0.845,0.246,-0.02,T0,,,,,,,,,
47:49.3,0.5,덤보멀겼,0.81,0.46,0,0.856,0.255,0.148,T0,,,,,,,,,
47:49.4,0.5,덤보멀겼,0.81,0.46,0,0.866,0.249,0.315,T0,,,,,,,,,
47:49.5,0.5,덤보멀겼,0.81,0.46,0,0.872,0.229,0.315,T0,,,,,,,,,
47:50.9,0.5,뉨綾,0.24,0.17,0,0.207,0.226,0.341,T0,,,,,,,,,
47:51.0,0.5,뉨綾,0.24,0.17,0,0.169,0.165,0.116,T0,,,,,,,,,
47:51.1,0.5,뉨綾,0.24,0.17,0,0.166,0.047,-0.052,T0,,,,,,,,,
47:51.2,0.5,뉨綾,0.24,0.17,0,0.161,-0.063,-0.176,T0,,,,,,,,,
47:51.3,0.5,뉨綾,0.24,0.17,0,0.142,-0.128,-0.287,T0,,,,,,,,,
47:51.3,0.5,덤보멀겼,0.81,0.46,0,0.727,0.615,0.458,T1,,,,,,,,,
47:51.4,0.5,뉨綾,0.24,0.17,0,0.129,-0.219,-0.189,T0,,,,,,,,,
47:51.4,0.5,덤보멀겼,0.81,0.46,0,0.562,0.661,0.35,T1,,,,,,,,,
47:51.5,0.5,뉨綾,0.24,0.17,0,0.098,-0.244,-0.099,T0,,,,,,,,,
47:51.5,0.5,충倆겉癎,0.24,0.83,0,0.375,0.701,0.237,T1,,,,,,,,,
47:51.6,0.5,뉨綾,0.24,0.17,0,0.067,-0.239,-0.028,T0,,,,,,,,,
47:51.6,0.5,충倆겉癎,0.24,0.83,0,0.193,0.73,0.139,T1,,,,,,,,,
47:51.7,0.5,뉨綾,0.24,0.17,0,0.035,-0.21,0,T0,,,,,,,,,
47:51.7,0.5,충倆겉癎,0.24,0.83,0,0.043,0.723,0.052,T1,,,,,,,,,
47:51.8,0.5,뉨綾,0.24,0.17,0,-0.001,-0.179,0,T0,,,,,,,,,
47:51.8,0.5,충倆겉癎,0.24,0.83,0,-0.07,0.672,0.018,T1,,,,,,,,,
47:51.9,0.5,충倆겉癎,0.24,0.83,0,-0.139,0.601,0.018,T1,,,,,,,,,
47:52.0,0.5,뉨綾,0.24,0.17,0,-0.024,-0.185,0,T0,,,,,,,,,
47:52.1,0.5,뉨綾,0.24,0.17,0,-0.041,-0.192,0,T0,,,,,,,,,
47:52.2,0.5,뉨綾,0.24,0.17,0,-0.053,-0.194,0,T0,,,,,,,,,
47:52.2,0.5,뉨綾,0.24,0.17,0,-0.199,0.403,-0.052,T1,,,,,,,,,
47:52.3,0.5,뉨綾,0.24,0.17,0,-0.064,-0.196,0,T0,,,,,,,,,
47:52.3,0.5,뉨綾,0.24,0.17,0,-0.203,0.328,-0.087,T1,,,,,,,,,
47:52.4,0.5,뉨綾,0.24,0.17,0,-0.215,0.267,-0.105,T1,,,,,,,,,
47:52.5,0.5,뉨綾,0.24,0.17,0,-0.23,0.213,-0.105,T1,,,,,,,,,
47:52.6,0.5,뉨綾,0.24,0.17,0,-0.251,0.175,-0.068,T1,,,,,,,,,
47:53.1,0.5,뉨綾,0.24,0.17,0,-0.242,0.147,0.053,T1,,,,,,,,,
47:53.2,0.5,뉨綾,0.24,0.17,0,-0.221,0.2,0.053,T1,,,,,,,,,
47:53.3,0.5,뉨綾,0.24,0.17,0,-0.205,0.269,0.053,T1,,,,,,,,,
47:53.4,0.5,뉨綾,0.24,0.17,0,-0.193,0.368,0.018,T1,,,,,,,,,
47:53.5,0.5,뉨綾,0.24,0.17,0,-0.168,0.457,0,T1,,,,,,,,,
47:53.6,0.5,충倆겉癎,0.24,0.83,0,-0.139,0.546,0,T1,,,,,,,,,
47:53.7,0.5,충倆겉癎,0.24,0.83,0,-0.088,0.615,0.072,T1,,,,,,,,,
47:53.8,0.5,충倆겉癎,0.24,0.83,0,-0.009,0.658,0.184,T1,,,,,,,,,
47:53.9,0.5,충倆겉癎,0.24,0.83,0,0.1,0.677,0.313,T1,,,,,,,,,
47:54.0,0.5,충倆겉癎,0.24,0.83,0,0.23,0.673,0.457,T1,,,,,,,,,
47:56.9,0.5,췻삽포겉癎,2.84,0.69,0.5,2.971,0.323,0.808,T1,훙竟덤샙,,,,,,,,
47:57.0,0.5,췻삽포겉癎,2.84,0.69,0.5,2.908,0.359,0.806,T1,,,,,,,,,
