contact_time,threshold_value,point_name,fixed_point_x,fixed_point_y,fixed_point_z,tag_x,tag_y,tag_z,tag_id,distance
2026-01-21 15:37:38.345,0.75,焊把钳下端,3.02,1.15,1.56,2.34,1.214,1.651,Tag 1,0.6890406374082737
2026-01-21 15:37:38.395,0.75,焊把钳下端,3.02,1.15,1.56,2.34,1.214,1.651,Tag 1,0.6890406374082737
2026-01-21 15:37:38.445,0.75,焊把钳下端,3.02,1.15,1.56,2.457,1.168,1.687,Tag 1,0.5774270516697327
2026-01-21 15:37:38.495,0.75,焊把钳下端,3.02,1.15,1.56,2.457,1.168,1.687,Tag 1,0.5774270516697327
2026-01-21 15:37:38.546,0.75,焊把钳下端,3.02,1.15,1.56,2.586,1.12,1.721,Tag 1,0.4638717495170407
2026-01-21 15:37:38.595,0.75,焊把钳下端,3.02,1.15,1.56,2.586,1.12,1.721,Tag 1,0.4638717495170407
2026-01-21 15:37:38.646,0.75,焊把钳下端,3.02,1.15,1.56,2.666,1.076,1.737,Tag 1,0.4026425213511361
2026-01-21 15:37:38.695,0.75,焊把钳下端,3.02,1.15,1.56,2.666,1.076,1.737,Tag 1,0.4026425213511361
2026-01-21 15:37:38.746,0.75,焊把钳下端,3.02,1.15,1.56,2.707,1.034,1.744,Tag 1,0.3811574477824093
2026-01-21 15:37:38.796,0.75,焊把钳下端,3.02,1.15,1.56,2.707,1.034,1.744,Tag 1,0.3811574477824093
2026-01-21 15:37:38.846,0.75,焊把钳下端,3.02,1.15,1.56,2.73,0.993,1.74,Tag 1,0.37569801702963507
2026-01-21 15:37:38.894,0.75,焊把钳下端,3.02,1.15,1.56,2.73,0.993,1.74,Tag 1,0.37569801702963507
2026-01-21 15:37:38.946,0.75,焊把钳下端,3.02,1.15,1.56,2.721,0.948,1.721,Tag 1,0.39512782741791286
2026-01-21 15:37:38.995,0.75,焊把钳下端,3.02,1.15,1.56,2.721,0.948,1.721,Tag 1,0.39512782741791286
2026-01-21 15:37:39.046,0.75,焊把钳下端,3.02,1.15,1.56,2.682,0.911,1.696,Tag 1,0.43573042124689887
2026-01-21 15:37:39.095,0.75,焊把钳下端,3.02,1.15,1.56,2.682,0.911,1.696,Tag 1,0.43573042124689887
2026-01-21 15:37:39.145,0.75,焊把钳下端,3.02,1.15,1.56,2.636,0.876,1.667,Tag 1,0.4837158256662685
2026-01-21 15:37:39.195,0.75,焊把钳下端,3.02,1.15,1.56,2.636,0.876,1.667,Tag 1,0.4837158256662685
2026-01-21 15:37:39.245,0.75,焊把钳下端,3.02,1.15,1.56,2.61,0.842,1.629,Tag 1,0.5174214916294066
2026-01-21 15:37:39.300,0.75,焊把钳下端,3.02,1.15,1.56,2.61,0.842,1.629,Tag 1,0.5174214916294066
2026-01-21 15:37:39.345,0.75,焊把钳下端,3.02,1.15,1.56,2.618,0.816,1.589,Tag 1,0.5234510483321244
2026-01-21 15:37:39.394,0.75,焊把钳下端,3.02,1.15,1.56,2.618,0.816,1.589,Tag 1,0.5234510483321244
2026-01-21 15:37:39.444,0.75,焊把钳下端,3.02,1.15,1.56,2.632,0.8,1.552,Tag 1,0.5225973593503892
2026-01-21 15:37:39.495,0.75,焊把钳下端,3.02,1.15,1.56,2.632,0.8,1.552,Tag 1,0.5225973593503892
2026-01-21 15:37:39.545,0.75,焊把钳下端,3.02,1.15,1.56,2.68,0.794,1.52,Tag 1,0.4938987750541601
2026-01-21 15:37:39.596,0.75,焊把钳下端,3.02,1.15,1.56,2.68,0.794,1.52,Tag 1,0.4938987750541601
2026-01-21 15:37:39.646,0.75,焊把钳下端,3.02,1.15,1.56,2.751,0.784,1.487,Tag 1,0.460049997282904
2026-01-21 15:37:39.696,0.75,焊把钳下端,3.02,1.15,1.56,2.751,0.784,1.487,Tag 1,0.460049997282904
2026-01-21 15:37:39.746,0.75,焊把钳下端,3.02,1.15,1.56,2.838,0.774,1.447,Tag 1,0.43274588386257345
2026-01-21 15:37:39.794,0.75,焊把钳下端,3.02,1.15,1.56,2.838,0.774,1.447,Tag 1,0.43274588386257345
2026-01-21 15:37:39.847,0.75,焊把钳下端,3.02,1.15,1.56,2.931,0.769,1.41,Tag 1,0.41902505891652825
2026-01-21 15:37:39.895,0.75,焊把钳下端,3.02,1.15,1.56,2.931,0.769,1.41,Tag 1,0.41902505891652825
2026-01-21 15:37:39.946,0.75,焊把钳下端,3.02,1.15,1.56,3.005,0.759,1.361,Tag 1,0.4389840543801107
2026-01-21 15:37:39.995,0.75,焊把钳下端,3.02,1.15,1.56,3.005,0.759,1.361,Tag 1,0.4389840543801107
2026-01-21 15:37:40.045,0.75,焊把钳下端,3.02,1.15,1.56,3.072,0.75,1.309,Tag 1,0.47508420306299387
2026-01-21 15:37:40.095,0.75,焊把钳下端,3.02,1.15,1.56,3.072,0.75,1.309,Tag 1,0.47508420306299387
2026-01-21 15:37:40.144,0.75,焊把钳下端,3.02,1.15,1.56,3.114,0.741,1.244,Tag 1,0.5253313240232301
2026-01-21 15:37:40.195,0.75,焊把钳下端,3.02,1.15,1.56,3.114,0.741,1.244,Tag 1,0.5253313240232301
2026-01-21 15:37:40.245,0.75,焊把钳下端,3.02,1.15,1.56,3.139,0.735,1.174,Tag 1,0.5791217488576992
2026-01-21 15:37:40.295,0.75,焊把钳下端,3.02,1.15,1.56,3.139,0.735,1.174,Tag 1,0.5791217488576992
2026-01-21 15:37:40.345,0.75,焊把钳下端,3.02,1.15,1.56,3.148,0.731,1.099,Tag 1,0.6359764146570217
2026-01-21 15:37:40.394,0.75,焊把钳下端,3.02,1.15,1.56,3.148,0.731,1.099,Tag 1,0.6359764146570217
2026-01-21 15:37:40.445,0.75,焊把钳下端,3.02,1.15,1.56,3.153,0.722,1.017,Tag 1,0.7040752800659885
2026-01-21 15:37:40.495,0.75,焊把钳下端,3.02,1.15,1.56,3.153,0.722,1.017,Tag 1,0.7040752800659885
2026-01-21 15:37:41.596,0.25,灭火器把手,2.84,0.69,0.5,2.759,0.581,0.665,Tag 0,0.21369838558117374
2026-01-21 15:37:41.646,0.25,灭火器把手,2.84,0.69,0.5,2.759,0.581,0.665,Tag 0,0.21369838558117374
2026-01-21 15:37:41.846,0.25,灭火器把手,2.84,0.69,0.5,3.045,0.726,0.617,Tag 1,0.2387676695032224
2026-01-21 15:37:41.895,0.25,灭火器把手,2.84,0.69,0.5,3.045,0.726,0.617,Tag 1,0.2387676695032224
2026-01-21 15:37:42.245,0.75,焊把钳下端,3.02,1.15,1.56,2.886,0.785,0.985,Tag 1,0.6941224675804695
2026-01-21 15:37:42.294,0.75,焊把钳下端,3.02,1.15,1.56,2.886,0.785,0.985,Tag 1,0.6941224675804695
2026-01-21 15:37:42.344,0.75,焊把钳下端,3.02,1.15,1.56,2.848,0.789,1.089,Tag 1,0.6178559702713894
2026-01-21 15:37:42.395,0.75,焊把钳下端,3.02,1.15,1.56,2.848,0.789,1.089,Tag 1,0.6178559702713894
2026-01-21 15:37:42.445,0.75,焊把钳下端,3.02,1.15,1.56,2.804,0.774,1.19,Tag 1,0.5700280694843018
2026-01-21 15:37:42.495,0.75,焊把钳下端,3.02,1.15,1.56,2.804,0.774,1.19,Tag 1,0.5700280694843018
2026-01-21 15:37:42.595,0.75,焊把钳下端,3.02,1.15,1.56,2.804,0.774,1.19,Tag 1,0.5700280694843018
2026-01-21 15:37:42.644,0.75,焊把钳下端,3.02,1.15,1.56,2.747,0.752,1.284,Tag 1,0.5559757188942697
2026-01-21 15:37:42.696,0.75,焊把钳下端,3.02,1.15,1.56,2.747,0.752,1.284,Tag 1,0.5559757188942697
2026-01-21 15:37:42.745,0.75,焊把钳下端,3.02,1.15,1.56,2.689,0.719,1.368,Tag 1,0.5763557928918559
2026-01-21 15:37:42.794,0.75,焊把钳下端,3.02,1.15,1.56,2.689,0.719,1.368,Tag 1,0.5763557928918559
2026-01-21 15:37:42.844,0.75,焊把钳下端,3.02,1.15,1.56,2.639,0.683,1.443,Tag 1,0.6139535813072516
2026-01-21 15:37:42.895,0.75,焊把钳下端,3.02,1.15,1.56,2.639,0.683,1.443,Tag 1,0.6139535813072516
2026-01-21 15:37:42.945,0.75,焊把钳下端,3.02,1.15,1.56,2.594,0.644,1.509,Tag 1,0.6634101295578777
2026-01-21 15:37:42.996,0.75,焊把钳下端,3.02,1.15,1.56,2.594,0.644,1.509,Tag 1,0.6634101295578777
2026-01-21 15:37:43.046,0.75,焊把钳下端,3.02,1.15,1.56,2.53,0.63,1.593,Tag 1,0.7152545001606073
2026-01-21 15:37:43.094,0.75,焊把钳下端,3.02,1.15,1.56,2.53,0.63,1.593,Tag 1,0.7152545001606073
2026-01-21 15:37:44.245,0.75,焊把钳下端,3.02,1.15,1.56,2.513,0.618,1.642,Tag 1,0.7394572333813497
2026-01-21 15:37:44.295,0.75,焊把钳下端,3.02,1.15,1.56,2.513,0.618,1.642,Tag 1,0.7394572333813497
2026-01-21 15:37:44.346,0.75,焊把钳下端,3.02,1.15,1.56,2.565,0.663,1.618,Tag 1,0.6689977578437764
2026-01-21 15:37:44.394,0.75,焊把钳下端,3.02,1.15,1.56,2.565,0.663,1.618,Tag 1,0.6689977578437764
2026-01-21 15:37:44.444,0.75,焊把钳下端,3.02,1.15,1.56,2.622,0.707,1.594,Tag 1,0.5964972757691355
2026-01-21 15:37:44.495,0.75,焊把钳下端,3.02,1.15,1.56,2.622,0.707,1.594,Tag 1,0.5964972757691355
2026-01-21 15:37:44.545,0.75,焊把钳下端,3.02,1.15,1.56,2.714,0.736,1.558,Tag 1,0.514816472152941
2026-01-21 15:37:44.596,0.75,焊把钳下端,3.02,1.15,1.56,2.714,0.736,1.558,Tag 1,0.514816472152941
2026-01-21 15:37:44.646,0.75,焊把钳下端,3.02,1.15,1.56,2.804,0.75,1.508,Tag 1,0.45755873939856073
2026-01-21 15:37:44.694,0.75,焊把钳下端,3.02,1.15,1.56,2.804,0.75,1.508,Tag 1,0.45755873939856073
2026-01-21 15:37:44.745,0.75,焊把钳下端,3.02,1.15,1.56,2.868,0.74,1.445,Tag 1,0.4521382531925384
2026-01-21 15:37:44.796,0.75,焊把钳下端,3.02,1.15,1.56,2.868,0.74,1.445,Tag 1,0.4521382531925384
2026-01-21 15:37:44.845,0.75,焊把钳下端,3.02,1.15,1.56,2.921,0.72,1.375,Tag 1,0.4784621197127313
2026-01-21 15:37:44.895,0.75,焊把钳下端,3.02,1.15,1.56,2.455,0.724,1.315,Tag 0,0.7488163993930688
2026-01-21 15:37:44.895,0.75,焊把钳下端,3.02,1.15,1.56,2.921,0.72,1.375,Tag 1,0.4784621197127313
2026-01-21 15:37:44.946,0.75,焊把钳下端,3.02,1.15,1.56,2.455,0.724,1.315,Tag 0,0.7488163993930688
2026-01-21 15:37:44.946,0.75,焊把钳下端,3.02,1.15,1.56,2.971,0.693,1.298,Tag 1,0.529050092146292
2026-01-21 15:37:44.995,0.75,焊把钳下端,3.02,1.15,1.56,2.502,0.713,1.271,Tag 0,0.7367591193870628
2026-01-21 15:37:44.995,0.75,焊把钳下端,3.02,1.15,1.56,2.971,0.693,1.298,Tag 1,0.529050092146292
2026-01-21 15:37:45.045,0.75,焊把钳下端,3.02,1.15,1.56,2.502,0.713,1.271,Tag 0,0.7367591193870628
2026-01-21 15:37:45.045,0.75,焊把钳下端,3.02,1.15,1.56,3.014,0.664,1.211,Tag 1,0.5983585881392527
2026-01-21 15:37:45.094,0.75,焊把钳下端,3.02,1.15,1.56,2.561,0.689,1.218,Tag 0,0.7349598628496661
2026-01-21 15:37:45.095,0.75,焊把钳下端,3.02,1.15,1.56,3.014,0.664,1.211,Tag 1,0.5983585881392527
2026-01-21 15:37:45.145,0.75,焊把钳下端,3.02,1.15,1.56,2.561,0.689,1.218,Tag 0,0.7349598628496661
2026-01-21 15:37:45.145,0.75,焊把钳下端,3.02,1.15,1.56,3.023,0.645,1.127,Tag 1,0.6652240224165089
2026-01-21 15:37:45.195,0.75,焊把钳下端,3.02,1.15,1.56,2.616,0.676,1.161,Tag 0,0.7396573531034487
2026-01-21 15:37:45.195,0.75,焊把钳下端,3.02,1.15,1.56,3.023,0.645,1.127,Tag 1,0.6652240224165089
2026-01-21 15:37:45.245,0.75,焊把钳下端,3.02,1.15,1.56,2.616,0.676,1.161,Tag 0,0.7396573531034487
2026-01-21 15:37:45.245,0.75,焊把钳下端,3.02,1.15,1.56,3.021,0.634,1.046,Tag 1,0.7283220441535461
2026-01-21 15:37:45.295,0.75,焊把钳下端,3.02,1.15,1.56,3.021,0.634,1.046,Tag 1,0.7283220441535461
2026-01-21 15:37:45.996,0.25,灭火器把手,2.84,0.69,0.5,2.926,0.543,0.657,Tag 0,0.23163333093490676
2026-01-21 15:37:46.046,0.25,灭火器把手,2.84,0.69,0.5,2.926,0.543,0.657,Tag 0,0.23163333093490676
2026-01-21 15:37:46.097,0.25,灭火器把手,2.84,0.69,0.5,2.938,0.54,0.612,Tag 0,0.21130073355291512
2026-01-21 15:37:46.147,0.25,灭火器把手,2.84,0.69,0.5,2.938,0.54,0.612,Tag 0,0.21130073355291512
2026-01-21 15:37:46.197,0.25,灭火器把手,2.84,0.69,0.5,2.944,0.539,0.574,Tag 0,0.19771949827975993
2026-01-21 15:37:46.246,0.25,灭火器把手,2.84,0.69,0.5,2.944,0.539,0.574,Tag 0,0.19771949827975993
2026-01-21 15:37:46.296,0.25,灭火器把手,2.84,0.69,0.5,2.947,0.54,0.543,Tag 0,0.18920359404620204
2026-01-21 15:37:46.345,0.25,灭火器把手,2.84,0.69,0.5,2.947,0.54,0.543,Tag 0,0.18920359404620204
2026-01-21 15:37:46.395,0.25,灭火器把手,2.84,0.69,0.5,2.946,0.542,0.519,Tag 0,0.1830327839486687
2026-01-21 15:37:46.446,0.25,灭火器把手,2.84,0.69,0.5,2.946,0.542,0.519,Tag 0,0.1830327839486687
2026-01-21 15:37:46.496,0.35,油箱顶部,2.86,0.42,0.25,2.941,0.548,0.345,Tag 0,0.17880156598866803
2026-01-21 15:37:46.547,0.35,油箱顶部,2.86,0.42,0.25,2.941,0.548,0.345,Tag 0,0.17880156598866803
2026-01-21 15:37:46.595,0.35,油箱顶部,2.86,0.42,0.25,2.936,0.55,0.174,Tag 0,0.1686772065218061
2026-01-21 15:37:46.645,0.35,油箱顶部,2.86,0.42,0.25,2.936,0.55,0.174,Tag 0,0.1686772065218061
2026-01-21 15:37:46.695,0.35,油箱顶部,2.86,0.42,0.25,2.931,0.549,0.011,Tag 0,0.28071872043025564
2026-01-21 15:37:46.745,0.35,油箱顶部,2.86,0.42,0.25,2.931,0.549,0.011,Tag 0,0.28071872043025564
2026-01-21 15:37:47.895,0.35,油箱顶部,2.86,0.42,0.25,2.844,0.579,0.005,Tag 0,0.2925098288946886
2026-01-21 15:37:47.945,0.35,油箱顶部,2.86,0.42,0.25,2.844,0.579,0.005,Tag 0,0.2925098288946886
2026-01-21 15:37:47.994,0.35,油箱顶部,2.86,0.42,0.25,2.797,0.584,0.251,Tag 0,0.17568722207377507
2026-01-21 15:37:48.045,0.35,油箱顶部,2.86,0.42,0.25,2.797,0.584,0.251,Tag 0,0.17568722207377507
2026-01-21 15:37:48.096,0.25,灭火器把手,2.84,0.69,0.5,2.732,0.588,0.51,Tag 0,0.14888922056347773
2026-01-21 15:37:48.145,0.25,灭火器把手,2.84,0.69,0.5,2.732,0.588,0.51,Tag 0,0.14888922056347773
2026-01-21 15:37:48.447,0.25,灭火器把手,2.84,0.69,0.5,3.034,0.684,0.637,Tag 1,0.23757314663067455
2026-01-21 15:37:48.495,0.25,灭火器把手,2.84,0.69,0.5,3.034,0.684,0.637,Tag 1,0.23757314663067455
2026-01-21 15:37:48.546,0.25,灭火器把手,2.84,0.69,0.5,2.972,0.709,0.706,Tag 1,0.2453996740014135
2026-01-21 15:37:48.595,0.25,灭火器把手,2.84,0.69,0.5,2.972,0.709,0.706,Tag 1,0.2453996740014135
2026-01-21 15:37:53.245,0.75,焊把钳下端,3.02,1.15,1.56,2.878,0.604,1.225,Tag 1,0.656128798331547
2026-01-21 15:37:53.295,0.75,焊把钳下端,3.02,1.15,1.56,2.878,0.604,1.225,Tag 1,0.656128798331547
2026-01-21 15:37:53.350,0.75,焊把钳下端,3.02,1.15,1.56,2.694,0.622,1.361,Tag 1,0.6516601875210729
2026-01-21 15:37:53.394,0.75,焊把钳下端,3.02,1.15,1.56,2.694,0.622,1.361,Tag 1,0.6516601875210729
2026-01-21 15:37:53.444,0.75,焊把钳下端,3.02,1.15,1.56,2.523,0.612,1.456,Tag 1,0.7397763175447021
2026-01-21 15:37:53.495,0.75,焊把钳下端,3.02,1.15,1.56,2.523,0.612,1.456,Tag 1,0.7397763175447021
2026-01-21 15:38:02.045,0.25,墙壁电源,2.44,2.57,0.97,2.369,2.397,0.828,Tag 1,0.2348063031521939
2026-01-21 15:38:02.095,0.25,墙壁电源,2.44,2.57,0.97,2.369,2.397,0.828,Tag 1,0.2348063031521939
2026-01-21 15:38:11.344,0.75,焊把钳下端,3.02,1.15,1.56,2.906,0.64,1.089,Tag 1,0.7035175903984207
2026-01-21 15:38:11.394,0.75,焊把钳下端,3.02,1.15,1.56,2.906,0.64,1.089,Tag 1,0.7035175903984207
2026-01-21 15:38:11.444,0.75,焊把钳下端,3.02,1.15,1.56,2.882,0.646,1.082,Tag 1,0.7081977125068958
2026-01-21 15:38:11.493,0.75,焊把钳下端,3.02,1.15,1.56,2.882,0.646,1.082,Tag 1,0.7081977125068958
2026-01-21 15:38:11.543,0.75,焊把钳下端,3.02,1.15,1.56,2.87,0.648,1.073,Tag 1,0.7153132181079838
2026-01-21 15:38:11.595,0.75,焊把钳下端,3.02,1.15,1.56,2.87,0.648,1.073,Tag 1,0.7153132181079838
2026-01-21 15:38:11.644,0.75,焊把钳下端,3.02,1.15,1.56,2.868,0.647,1.065,Tag 1,0.7218988848862423
2026-01-21 15:38:11.695,0.75,焊把钳下端,3.02,1.15,1.56,2.868,0.647,1.065,Tag 1,0.7218988848862423
2026-01-21 15:38:11.743,0.75,焊把钳下端,3.02,1.15,1.56,2.869,0.647,1.056,Tag 1,0.7278914754274842
2026-01-21 15:38:11.794,0.75,焊把钳下端,3.02,1.15,1.56,2.869,0.647,1.056,Tag 1,0.7278914754274842
2026-01-21 15:38:11.843,0.75,焊把钳下端,3.02,1.15,1.56,2.876,0.644,1.047,Tag 1,0.7348067773231273
2026-01-21 15:38:11.896,0.75,焊把钳下端,3.02,1.15,1.56,2.876,0.644,1.047,Tag 1,0.7348067773231273
2026-01-21 15:38:18.544,0.75,焊把钳下端,3.02,1.15,1.56,3.279,1.573,1.012,Tag 1,0.7391305703324684
2026-01-21 15:38:18.594,0.75,焊把钳下端,3.02,1.15,1.56,3.279,1.573,1.012,Tag 1,0.7391305703324684
2026-01-21 15:38:18.644,0.63,接地夹下端,3.02,1.53,1.61,3.073,1.703,1.091,Tag 1,0.5496353336531414
2026-01-21 15:38:18.695,0.63,接地夹下端,3.02,1.53,1.61,3.073,1.703,1.091,Tag 1,0.5496353336531414
2026-01-21 15:38:18.743,0.63,接地夹下端,3.02,1.53,1.61,2.854,1.811,1.149,Tag 1,0.5648344890319641
2026-01-21 15:38:18.793,0.63,接地夹下端,3.02,1.53,1.61,2.854,1.811,1.149,Tag 1,0.5648344890319641
2026-01-21 15:38:19.595,0.6,电压电流旋钮,1.56,1.5,0.37,1.937,1.511,0.652,Tag 0,0.4709288693635165
2026-01-21 15:38:19.644,0.6,电压电流旋钮,1.56,1.5,0.37,1.937,1.511,0.652,Tag 0,0.4709288693635165
2026-01-21 15:38:19.694,0.6,电压电流旋钮,1.56,1.5,0.37,1.884,1.573,0.35,Tag 0,0.3327236090210611
2026-01-21 15:38:19.743,0.6,电压电流旋钮,1.56,1.5,0.37,1.884,1.573,0.35,Tag 0,0.3327236090210611
2026-01-21 15:38:19.794,0.6,电压电流旋钮,1.56,1.5,0.37,1.863,1.595,0.042,Tag 0,0.45652820285279194
2026-01-21 15:38:19.844,0.6,电压电流旋钮,1.56,1.5,0.37,1.863,1.595,0.042,Tag 0,0.45652820285279194
2026-01-21 15:38:19.844,0.6,电压电流旋钮,1.56,1.5,0.37,1.557,1.693,0.908,Tag 1,0.5715785160413223
2026-01-21 15:38:19.894,0.6,电压电流旋钮,1.56,1.5,0.37,1.557,1.693,0.908,Tag 1,0.5715785160413223
2026-01-21 15:38:19.944,0.6,电压电流旋钮,1.56,1.5,0.37,1.528,1.692,0.845,Tag 1,0.5133351731568762
2026-01-21 15:38:19.993,0.6,电压电流旋钮,1.56,1.5,0.37,1.528,1.692,0.845,Tag 1,0.5133351731568762
2026-01-21 15:38:20.045,0.6,电压电流旋钮,1.56,1.5,0.37,1.509,1.672,0.82,Tag 1,0.4844429791007399
2026-01-21 15:38:20.094,0.6,电压电流旋钮,1.56,1.5,0.37,1.509,1.672,0.82,Tag 1,0.4844429791007399
2026-01-21 15:38:20.144,0.6,电压电流旋钮,1.56,1.5,0.37,1.489,1.665,0.789,Tag 1,0.4558804667892671
2026-01-21 15:38:20.194,0.6,电压电流旋钮,1.56,1.5,0.37,1.489,1.665,0.789,Tag 1,0.4558804667892671
2026-01-21 15:38:20.245,0.6,电压电流旋钮,1.56,1.5,0.37,1.47,1.625,0.823,Tag 1,0.47847047975815604
2026-01-21 15:38:20.293,0.6,电压电流旋钮,1.56,1.5,0.37,1.47,1.625,0.823,Tag 1,0.47847047975815604
2026-01-21 15:38:20.343,0.6,电压电流旋钮,1.56,1.5,0.37,1.452,1.563,0.891,Tag 1,0.535792870426623
2026-01-21 15:38:20.394,0.6,电压电流旋钮,1.56,1.5,0.37,1.452,1.563,0.891,Tag 1,0.535792870426623
2026-01-21 15:38:20.443,0.6,电压电流旋钮,1.56,1.5,0.37,1.427,1.515,0.954,Tag 1,0.5991410518400487
2026-01-21 15:38:20.494,0.6,电压电流旋钮,1.56,1.5,0.37,1.427,1.515,0.954,Tag 1,0.5991410518400487
2026-01-21 15:38:22.096,0.6,电压电流旋钮,1.56,1.5,0.37,1.825,1.273,0.016,Tag 0,0.4970613644209334
2026-01-21 15:38:22.144,0.6,电压电流旋钮,1.56,1.5,0.37,1.825,1.273,0.016,Tag 0,0.4970613644209334
2026-01-21 15:38:22.195,0.6,电压电流旋钮,1.56,1.5,0.37,1.809,1.257,0.312,Tag 0,0.3527236878918114
2026-01-21 15:38:22.243,0.6,电压电流旋钮,1.56,1.5,0.37,1.809,1.257,0.312,Tag 0,0.3527236878918114
2026-01-21 15:38:22.295,0.6,电压电流旋钮,1.56,1.5,0.37,1.797,1.242,0.6,Tag 0,0.4190859100470928
2026-01-21 15:38:22.343,0.6,电压电流旋钮,1.56,1.5,0.37,1.797,1.242,0.6,Tag 0,0.4190859100470928
2026-01-21 15:38:22.443,0.6,电压电流旋钮,1.56,1.5,0.37,1.177,1.719,0.74,Tag 1,0.5758037860243713
2026-01-21 15:38:22.495,0.6,电压电流旋钮,1.56,1.5,0.37,1.177,1.719,0.74,Tag 1,0.5758037860243713
2026-01-21 15:38:22.544,0.6,电压电流旋钮,1.56,1.5,0.37,1.185,1.726,0.709,Tag 1,0.5537345934651364
2026-01-21 15:38:22.593,0.6,电压电流旋钮,1.56,1.5,0.37,1.77,1.245,0.839,Tag 0,0.5736601781542796
2026-01-21 15:38:22.593,0.6,电压电流旋钮,1.56,1.5,0.37,1.185,1.726,0.709,Tag 1,0.5537345934651364
2026-01-21 15:38:22.643,0.6,电压电流旋钮,1.56,1.5,0.37,1.77,1.245,0.839,Tag 0,0.5736601781542796
2026-01-21 15:38:22.643,0.6,电压电流旋钮,1.56,1.5,0.37,1.188,1.73,0.689,Tag 1,0.5413363095156282
2026-01-21 15:38:22.694,0.6,电压电流旋钮,1.56,1.5,0.37,1.768,1.254,0.806,Tag 0,0.5421033111870837
2026-01-21 15:38:22.694,0.6,电压电流旋钮,1.56,1.5,0.37,1.188,1.73,0.689,Tag 1,0.5413363095156282
2026-01-21 15:38:22.744,0.6,电压电流旋钮,1.56,1.5,0.37,1.768,1.254,0.806,Tag 0,0.5421033111870837
2026-01-21 15:38:22.744,0.6,电压电流旋钮,1.56,1.5,0.37,1.194,1.71,0.72,Tag 1,0.5482298787917347
2026-01-21 15:38:22.794,0.6,电压电流旋钮,1.56,1.5,0.37,1.773,1.267,0.769,Tag 0,0.5087818786081124
2026-01-21 15:38:22.794,0.6,电压电流旋钮,1.56,1.5,0.37,1.194,1.71,0.72,Tag 1,0.5482298787917347
2026-01-21 15:38:22.844,0.6,电压电流旋钮,1.56,1.5,0.37,1.773,1.267,0.769,Tag 0,0.5087818786081124
2026-01-21 15:38:22.844,0.6,电压电流旋钮,1.56,1.5,0.37,1.21,1.698,0.741,Tag 1,0.5471243003194064
2026-01-21 15:38:22.894,0.6,电压电流旋钮,1.56,1.5,0.37,1.782,1.284,0.733,Tag 0,0.47718864194362376
2026-01-21 15:38:22.894,0.6,电压电流旋钮,1.56,1.5,0.37,1.21,1.698,0.741,Tag 1,0.5471243003194064
2026-01-21 15:38:22.943,0.6,电压电流旋钮,1.56,1.5,0.37,1.782,1.284,0.733,Tag 0,0.47718864194362376
2026-01-21 15:38:22.943,0.6,电压电流旋钮,1.56,1.5,0.37,1.24,1.687,0.783,Tag 1,0.5549216160864524
2026-01-21 15:38:22.995,0.6,电压电流旋钮,1.56,1.5,0.37,1.796,1.301,0.712,Tag 0,0.4607179180366225
2026-01-21 15:38:22.995,0.6,电压电流旋钮,1.56,1.5,0.37,1.24,1.687,0.783,Tag 1,0.5549216160864524
2026-01-21 15:38:23.043,0.6,电压电流旋钮,1.56,1.5,0.37,1.796,1.301,0.712,Tag 0,0.4607179180366225
2026-01-21 15:38:23.043,0.6,电压电流旋钮,1.56,1.5,0.37,1.288,1.691,0.817,Tag 1,0.5570224411996343
2026-01-21 15:38:23.094,0.6,电压电流旋钮,1.56,1.5,0.37,1.816,1.308,0.72,Tag 0,0.474236228055175
2026-01-21 15:38:23.094,0.6,电压电流旋钮,1.56,1.5,0.37,1.288,1.691,0.817,Tag 1,0.5570224411996343
2026-01-21 15:38:23.144,0.6,电压电流旋钮,1.56,1.5,0.37,1.816,1.308,0.72,Tag 0,0.474236228055175
2026-01-21 15:38:23.144,0.6,电压电流旋钮,1.56,1.5,0.37,1.356,1.711,0.863,Tag 1,0.5737473311484769
2026-01-21 15:38:23.194,0.6,电压电流旋钮,1.56,1.5,0.37,1.825,1.33,0.747,Tag 0,0.4911761394856228
2026-01-21 15:38:23.194,0.6,电压电流旋钮,1.56,1.5,0.37,1.356,1.711,0.863,Tag 1,0.5737473311484769
2026-01-21 15:38:23.243,0.6,电压电流旋钮,1.56,1.5,0.37,1.825,1.33,0.747,Tag 0,0.4911761394856228
2026-01-21 15:38:28.245,0.5,焊机电源,1.45,2.1,0.39,1.883,2.256,0.532,Tag 1,0.48165236426285707
2026-01-21 15:38:28.294,0.5,焊机电源,1.45,2.1,0.39,1.883,2.256,0.532,Tag 1,0.48165236426285707
2026-01-21 15:38:28.393,0.5,焊机电源,1.45,2.1,0.39,1.883,2.256,0.532,Tag 1,0.48165236426285707
2026-01-21 15:38:28.445,0.5,焊机电源,1.45,2.1,0.39,1.869,2.351,0.412,Tag 1,0.48892330686928803
2026-01-21 15:38:28.494,0.5,焊机电源,1.45,2.1,0.39,1.869,2.351,0.412,Tag 1,0.48892330686928803
2026-01-21 15:38:30.645,0.5,焊机电源,1.45,2.1,0.39,1.71,2.475,0.238,Tag 1,0.4809667348164528
2026-01-21 15:38:30.693,0.5,焊机电源,1.45,2.1,0.39,1.71,2.475,0.238,Tag 1,0.4809667348164528
2026-01-21 15:38:30.745,0.5,焊机电源,1.45,2.1,0.39,1.681,2.393,0.38,Tag 1,0.3732425484855657
2026-01-21 15:38:30.794,0.5,焊机电源,1.45,2.1,0.39,1.681,2.393,0.38,Tag 1,0.3732425484855657
2026-01-21 15:38:30.843,0.5,焊机电源,1.45,2.1,0.39,1.658,2.311,0.531,Tag 1,0.3281249761904752
2026-01-21 15:38:30.894,0.5,焊机电源,1.45,2.1,0.39,1.658,2.311,0.531,Tag 1,0.3281249761904752
2026-01-21 15:38:30.944,0.5,焊机电源,1.45,2.1,0.39,1.65,2.221,0.658,Tag 1,0.3556191783354773
2026-01-21 15:38:30.993,0.5,焊机电源,1.45,2.1,0.39,1.65,2.221,0.658,Tag 1,0.3556191783354773
2026-01-21 15:38:31.044,0.5,焊机电源,1.45,2.1,0.39,1.667,2.103,0.84,Tag 1,0.4995978382659396
2026-01-21 15:38:31.093,0.5,焊机电源,1.45,2.1,0.39,1.667,2.103,0.84,Tag 1,0.4995978382659396
2026-01-21 15:38:31.794,0.63,接地夹下端,3.02,1.53,1.61,2.885,1.853,1.094,Tag 0,0.6235463094269743
2026-01-21 15:38:31.842,0.63,接地夹下端,3.02,1.53,1.61,2.885,1.853,1.094,Tag 0,0.6235463094269743
2026-01-21 15:38:31.842,0.63,接地夹下端,3.02,1.53,1.61,2.455,1.444,1.473,Tag 1,0.5876989025002514
2026-01-21 15:38:31.892,0.63,接地夹下端,3.02,1.53,1.61,2.952,1.847,1.142,Tag 0,0.5693303083448132
2026-01-21 15:38:31.892,0.63,接地夹下端,3.02,1.53,1.61,2.455,1.444,1.473,Tag 1,0.5876989025002514
2026-01-21 15:38:31.945,0.63,接地夹下端,3.02,1.53,1.61,2.952,1.847,1.142,Tag 0,0.5693303083448132
2026-01-21 15:38:31.945,0.63,接地夹下端,3.02,1.53,1.61,2.539,1.487,1.562,Tag 1,0.48529784668799003
2026-01-21 15:38:31.993,0.63,接地夹下端,3.02,1.53,1.61,2.998,1.854,1.196,Tag 0,0.5261710748416337
2026-01-21 15:38:31.993,0.63,接地夹下端,3.02,1.53,1.61,2.539,1.487,1.562,Tag 1,0.48529784668799003
2026-01-21 15:38:32.043,0.63,接地夹下端,3.02,1.53,1.61,2.998,1.854,1.196,Tag 0,0.5261710748416337
2026-01-21 15:38:32.043,0.63,接地夹下端,3.02,1.53,1.61,2.519,1.652,1.645,Tag 1,0.5168268568872944
2026-01-21 15:38:32.094,0.63,接地夹下端,3.02,1.53,1.61,3.057,1.882,1.222,Tag 0,0.5251828253094345
2026-01-21 15:38:32.094,0.63,接地夹下端,3.02,1.53,1.61,2.519,1.652,1.645,Tag 1,0.5168268568872944
2026-01-21 15:38:32.143,0.63,接地夹下端,3.02,1.53,1.61,3.057,1.882,1.222,Tag 0,0.5251828253094345
2026-01-21 15:38:32.194,0.63,接地夹下端,3.02,1.53,1.61,3.112,1.882,1.286,Tag 0,0.4871796383265622
2026-01-21 15:38:32.244,0.63,接地夹下端,3.02,1.53,1.61,3.112,1.882,1.286,Tag 0,0.4871796383265622
2026-01-21 15:38:32.294,0.63,接地夹下端,3.02,1.53,1.61,3.165,1.87,1.329,Tag 0,0.464312394837786
2026-01-21 15:38:32.343,0.63,接地夹下端,3.02,1.53,1.61,3.165,1.87,1.329,Tag 0,0.464312394837786
2026-01-21 15:38:32.394,0.63,接地夹下端,3.02,1.53,1.61,3.238,1.842,1.348,Tag 0,0.46207358721311914
2026-01-21 15:38:32.444,0.63,接地夹下端,3.02,1.53,1.61,3.238,1.842,1.348,Tag 0,0.46207358721311914
2026-01-21 15:38:32.495,0.63,接地夹下端,3.02,1.53,1.61,3.268,1.824,1.374,Tag 0,0.45126045694255096
2026-01-21 15:38:32.544,0.63,接地夹下端,3.02,1.53,1.61,3.268,1.824,1.374,Tag 0,0.45126045694255096
2026-01-21 15:38:32.594,0.63,接地夹下端,3.02,1.53,1.61,3.272,1.8,1.397,Tag 0,0.42634844904139146
2026-01-21 15:38:32.643,0.63,接地夹下端,3.02,1.53,1.61,3.272,1.8,1.397,Tag 0,0.42634844904139146
2026-01-21 15:38:32.694,0.63,接地夹下端,3.02,1.53,1.61,3.248,1.783,1.417,Tag 0,0.39146136463257786
2026-01-21 15:38:32.743,0.63,接地夹下端,3.02,1.53,1.61,3.248,1.783,1.417,Tag 0,0.39146136463257786
2026-01-21 15:38:32.794,0.63,接地夹下端,3.02,1.53,1.61,3.209,1.777,1.44,Tag 0,0.354443225354922
2026-01-21 15:38:32.843,0.63,接地夹下端,3.02,1.53,1.61,3.209,1.777,1.44,Tag 0,0.354443225354922
2026-01-21 15:38:32.894,0.63,接地夹下端,3.02,1.53,1.61,3.158,1.779,1.468,Tag 0,0.31813361972605153
2026-01-21 15:38:32.943,0.63,接地夹下端,3.02,1.53,1.61,3.158,1.779,1.468,Tag 0,0.31813361972605153
2026-01-21 15:38:32.995,0.63,接地夹下端,3.02,1.53,1.61,3.07,1.796,1.505,Tag 0,0.29031190123727285
2026-01-21 15:38:33.044,0.63,接地夹下端,3.02,1.53,1.61,3.07,1.796,1.505,Tag 0,0.29031190123727285
2026-01-21 15:38:33.094,0.63,接地夹下端,3.02,1.53,1.61,3.005,1.808,1.532,Tag 0,0.2891245406394968
2026-01-21 15:38:33.144,0.63,接地夹下端,3.02,1.53,1.61,3.005,1.808,1.532,Tag 0,0.2891245406394968
2026-01-21 15:38:33.195,0.63,接地夹下端,3.02,1.53,1.61,2.959,1.823,1.558,Tag 0,0.30376635758424586
2026-01-21 15:38:33.243,0.63,接地夹下端,3.02,1.53,1.61,2.959,1.823,1.558,Tag 0,0.30376635758424586
2026-01-21 15:38:33.294,0.63,接地夹下端,3.02,1.53,1.61,2.94,1.84,1.584,Tag 0,0.3212102115437802
2026-01-21 15:38:33.344,0.63,接地夹下端,3.02,1.53,1.61,2.94,1.84,1.584,Tag 0,0.3212102115437802
2026-01-21 15:38:33.394,0.63,接地夹下端,3.02,1.53,1.61,2.931,1.859,1.61,Tag 0,0.34082546853191587
2026-01-21 15:38:33.442,0.63,接地夹下端,3.02,1.53,1.61,2.931,1.859,1.61,Tag 0,0.34082546853191587
2026-01-21 15:38:33.494,0.63,接地夹下端,3.02,1.53,1.61,2.94,1.607,1.778,Tag 0,0.2013777544814719
2026-01-21 15:38:33.543,0.63,接地夹下端,3.02,1.53,1.61,2.94,1.607,1.778,Tag 0,0.2013777544814719
2026-01-21 15:38:33.595,0.63,接地夹下端,3.02,1.53,1.61,2.969,1.618,1.803,Tag 0,0.2181604913819181
2026-01-21 15:38:33.644,0.63,接地夹下端,3.02,1.53,1.61,2.969,1.618,1.803,Tag 0,0.2181604913819181
2026-01-21 15:38:33.694,0.63,接地夹下端,3.02,1.53,1.61,3.046,1.617,1.808,Tag 0,0.2178279137300818
2026-01-21 15:38:33.743,0.63,接地夹下端,3.02,1.53,1.61,3.046,1.617,1.808,Tag 0,0.2178279137300818
2026-01-21 15:38:33.794,0.63,接地夹下端,3.02,1.53,1.61,3.141,1.605,1.795,Tag 0,0.23343307392055634
2026-01-21 15:38:33.844,0.63,接地夹下端,3.02,1.53,1.61,3.141,1.605,1.795,Tag 0,0.23343307392055634
2026-01-21 15:38:33.895,0.63,接地夹下端,3.02,1.53,1.61,3.248,1.592,1.762,Tag 0,0.2809483938377297
2026-01-21 15:38:33.943,0.63,接地夹下端,3.02,1.53,1.61,3.248,1.592,1.762,Tag 0,0.2809483938377297
2026-01-21 15:38:33.994,0.63,接地夹下端,3.02,1.53,1.61,3.374,1.577,1.714,Tag 0,0.37194219981066956
2026-01-21 15:38:34.044,0.63,接地夹下端,3.02,1.53,1.61,3.374,1.577,1.714,Tag 0,0.37194219981066956
2026-01-21 15:38:34.093,0.63,接地夹下端,3.02,1.53,1.61,3.503,1.833,1.509,Tag 0,0.5790500841896149
2026-01-21 15:38:34.143,0.63,接地夹下端,3.02,1.53,1.61,3.503,1.833,1.509,Tag 0,0.5790500841896149
2026-01-21 15:38:35.243,0.63,接地夹下端,3.02,1.53,1.61,2.826,1.942,1.97,Tag 1,0.5804997846683493
2026-01-21 15:38:35.293,0.63,接地夹下端,3.02,1.53,1.61,2.826,1.942,1.97,Tag 1,0.5804997846683493
2026-01-21 15:38:35.344,0.63,接地夹下端,3.02,1.53,1.61,2.843,1.883,1.979,Tag 1,0.5404618395409615
2026-01-21 15:38:35.394,0.63,接地夹下端,3.02,1.53,1.61,2.843,1.883,1.979,Tag 1,0.5404618395409615
2026-01-21 15:38:35.443,0.63,接地夹下端,3.02,1.53,1.61,2.847,1.837,1.99,Tag 1,0.5182451157512243
2026-01-21 15:38:35.493,0.63,接地夹下端,3.02,1.53,1.61,2.847,1.837,1.99,Tag 1,0.5182451157512243
2026-01-21 15:38:35.542,0.63,接地夹下端,3.02,1.53,1.61,2.848,1.8,1.999,Tag 1,0.5037906311157444
2026-01-21 15:38:35.594,0.63,接地夹下端,3.02,1.53,1.61,2.848,1.8,1.999,Tag 1,0.5037906311157444
2026-01-21 15:38:35.643,0.63,接地夹下端,3.02,1.53,1.61,2.841,1.768,2.028,Tag 1,0.5132338648218762
2026-01-21 15:38:35.694,0.63,接地夹下端,3.02,1.53,1.61,2.841,1.768,2.028,Tag 1,0.5132338648218762
2026-01-21 15:38:35.743,0.63,接地夹下端,3.02,1.53,1.61,2.784,1.807,2.053,Tag 1,0.5733009680787221
2026-01-21 15:38:35.793,0.63,接地夹下端,3.02,1.53,1.61,2.784,1.807,2.053,Tag 1,0.5733009680787221
2026-01-21 15:38:37.243,0.63,接地夹下端,3.02,1.53,1.61,2.648,1.724,1.945,Tag 1,0.5368845313472906
2026-01-21 15:38:37.293,0.63,接地夹下端,3.02,1.53,1.61,2.648,1.724,1.945,Tag 1,0.5368845313472906
2026-01-21 15:38:37.343,0.63,接地夹下端,3.02,1.53,1.61,2.677,1.629,1.938,Tag 1,0.48480305279566865
2026-01-21 15:38:37.394,0.63,接地夹下端,3.02,1.53,1.61,2.677,1.629,1.938,Tag 1,0.48480305279566865
2026-01-21 15:38:37.443,0.63,接地夹下端,3.02,1.53,1.61,2.69,1.576,1.935,Tag 1,0.46544709688642383
2026-01-21 15:38:37.493,0.63,接地夹下端,3.02,1.53,1.61,2.69,1.576,1.935,Tag 1,0.46544709688642383
2026-01-21 15:38:37.545,0.63,接地夹下端,3.02,1.53,1.61,2.681,1.55,1.943,Tag 1,0.47561539083591475
2026-01-21 15:38:37.593,0.63,接地夹下端,3.02,1.53,1.61,2.681,1.55,1.943,Tag 1,0.47561539083591475
2026-01-21 15:38:37.643,0.63,接地夹下端,3.02,1.53,1.61,2.64,1.574,1.97,Tag 1,0.5252961069720581
2026-01-21 15:38:37.694,0.63,接地夹下端,3.02,1.53,1.61,2.64,1.574,1.97,Tag 1,0.5252961069720581
2026-01-21 15:38:37.743,0.63,接地夹下端,3.02,1.53,1.61,2.567,1.65,2.001,Tag 1,0.6103195884124969
2026-01-21 15:38:37.793,0.63,接地夹下端,3.02,1.53,1.61,2.567,1.65,2.001,Tag 1,0.6103195884124969
2026-01-21 15:38:38.343,0.63,接地夹下端,3.02,1.53,1.61,2.66,1.456,2.082,Tag 1,0.5982140085287202
2026-01-21 15:38:38.393,0.63,接地夹下端,3.02,1.53,1.61,2.66,1.456,2.082,Tag 1,0.5982140085287202
2026-01-21 15:38:38.442,0.63,接地夹下端,3.02,1.53,1.61,2.733,1.325,2.072,Tag 1,0.5812383332162462
2026-01-21 15:38:38.493,0.63,接地夹下端,3.02,1.53,1.61,2.733,1.325,2.072,Tag 1,0.5812383332162462
2026-01-21 15:38:38.543,0.75,焊把钳下端,3.02,1.15,1.56,2.799,1.207,2.063,Tag 1,0.5523576739758398
2026-01-21 15:38:38.594,0.75,焊把钳下端,3.02,1.15,1.56,2.799,1.207,2.063,Tag 1,0.5523576739758398
2026-01-21 15:38:38.643,0.75,焊把钳下端,3.02,1.15,1.56,2.879,1.102,2.053,Tag 1,0.5150087377899523
2026-01-21 15:38:38.693,0.75,焊把钳下端,3.02,1.15,1.56,2.879,1.102,2.053,Tag 1,0.5150087377899523
2026-01-21 15:38:38.742,0.75,焊把钳下端,3.02,1.15,1.56,2.957,1.012,2.037,Tag 1,0.5005417065540092
2026-01-21 15:38:38.793,0.75,焊把钳下端,3.02,1.15,1.56,2.957,1.012,2.037,Tag 1,0.5005417065540092
2026-01-21 15:38:38.843,0.75,焊把钳下端,3.02,1.15,1.56,3.033,0.937,2.016,Tag 1,0.503462014455907
2026-01-21 15:38:38.893,0.75,焊把钳下端,3.02,1.15,1.56,3.033,0.937,2.016,Tag 1,0.503462014455907
2026-01-21 15:38:38.943,0.75,焊把钳下端,3.02,1.15,1.56,3.14,0.82,1.93,Tag 1,0.5100980297942739
2026-01-21 15:38:38.993,0.75,焊把钳下端,3.02,1.15,1.56,3.14,0.82,1.93,Tag 1,0.5100980297942739
2026-01-21 15:38:39.045,0.75,焊把钳下端,3.02,1.15,1.56,3.179,0.764,1.917,Tag 1,0.5492959129649517
2026-01-21 15:38:39.093,0.75,焊把钳下端,3.02,1.15,1.56,3.179,0.764,1.917,Tag 1,0.5492959129649517
2026-01-21 15:38:39.143,0.75,焊把钳下端,3.02,1.15,1.56,3.201,0.736,1.902,Tag 1,0.5666753920896864
2026-01-21 15:38:39.193,0.63,接地夹下端,3.02,1.53,1.61,3.598,1.673,1.623,Tag 0,0.5955686358430905
2026-01-21 15:38:39.193,0.75,焊把钳下端,3.02,1.15,1.56,3.201,0.736,1.902,Tag 1,0.5666753920896864
2026-01-21 15:38:39.243,0.63,接地夹下端,3.02,1.53,1.61,3.598,1.673,1.623,Tag 0,0.5955686358430905
2026-01-21 15:38:39.243,0.75,焊把钳下端,3.02,1.15,1.56,3.196,0.73,1.886,Tag 1,0.5600464266469343
2026-01-21 15:38:39.293,0.63,接地夹下端,3.02,1.53,1.61,3.549,1.672,1.651,Tag 0,0.5492595015108978
2026-01-21 15:38:39.293,0.75,焊把钳下端,3.02,1.15,1.56,3.196,0.73,1.886,Tag 1,0.5600464266469343
2026-01-21 15:38:39.344,0.63,接地夹下端,3.02,1.53,1.61,3.549,1.672,1.651,Tag 0,0.5492595015108978
2026-01-21 15:38:39.344,0.75,焊把钳下端,3.02,1.15,1.56,3.178,0.725,1.878,Tag 1,0.5538167566984588
2026-01-21 15:38:39.393,0.63,接地夹下端,3.02,1.53,1.61,3.553,1.67,1.654,Tag 0,0.5528336096873994
2026-01-21 15:38:39.393,0.75,焊把钳下端,3.02,1.15,1.56,3.178,0.725,1.878,Tag 1,0.5538167566984588
2026-01-21 15:38:39.442,0.63,接地夹下端,3.02,1.53,1.61,3.553,1.67,1.654,Tag 0,0.5528336096873994
2026-01-21 15:38:39.442,0.75,焊把钳下端,3.02,1.15,1.56,3.148,0.715,1.875,Tag 1,0.5521177410661606
2026-01-21 15:38:39.493,0.63,接地夹下端,3.02,1.53,1.61,3.568,1.663,1.65,Tag 0,0.5653255699152481
2026-01-21 15:38:39.493,0.75,焊把钳下端,3.02,1.15,1.56,3.148,0.715,1.875,Tag 1,0.5521177410661606
2026-01-21 15:38:39.543,0.63,接地夹下端,3.02,1.53,1.61,3.568,1.663,1.65,Tag 0,0.5653255699152481
2026-01-21 15:38:39.543,0.75,焊把钳下端,3.02,1.15,1.56,3.079,0.782,1.934,Tag 1,0.5279971590832662
2026-01-21 15:38:39.592,0.63,接地夹下端,3.02,1.53,1.61,3.588,1.653,1.638,Tag 0,0.5818393248999246
2026-01-21 15:38:39.592,0.75,焊把钳下端,3.02,1.15,1.56,3.079,0.782,1.934,Tag 1,0.5279971590832662
2026-01-21 15:38:39.644,0.63,接地夹下端,3.02,1.53,1.61,3.588,1.653,1.638,Tag 0,0.5818393248999246
2026-01-21 15:38:39.644,0.75,焊把钳下端,3.02,1.15,1.56,3.033,0.842,1.941,Tag 1,0.49009590898108907
2026-01-21 15:38:39.693,0.63,接地夹下端,3.02,1.53,1.61,3.637,1.632,1.61,Tag 0,0.6253742879268382
2026-01-21 15:38:39.693,0.75,焊把钳下端,3.02,1.15,1.56,3.033,0.842,1.941,Tag 1,0.49009590898108907
2026-01-21 15:38:39.744,0.63,接地夹下端,3.02,1.53,1.61,3.637,1.632,1.61,Tag 0,0.6253742879268382
2026-01-21 15:38:39.744,0.75,焊把钳下端,3.02,1.15,1.56,2.941,0.943,1.991,Tag 1,0.4846142796080199
2026-01-21 15:38:39.793,0.75,焊把钳下端,3.02,1.15,1.56,2.941,0.943,1.991,Tag 1,0.4846142796080199
2026-01-21 15:38:39.843,0.75,焊把钳下端,3.02,1.15,1.56,2.857,1.022,2.049,Tag 1,0.5311063923546767
2026-01-21 15:38:39.892,0.75,焊把钳下端,3.02,1.15,1.56,2.857,1.022,2.049,Tag 1,0.5311063923546767
2026-01-21 15:38:39.944,0.75,焊把钳下端,3.02,1.15,1.56,2.777,1.107,2.102,Tag 1,0.5955350535442895
2026-01-21 15:38:39.993,0.75,焊把钳下端,3.02,1.15,1.56,2.777,1.107,2.102,Tag 1,0.5955350535442895
2026-01-21 15:38:40.044,0.75,焊把钳下端,3.02,1.15,1.56,2.702,1.201,2.146,Tag 1,0.6686710701084652
2026-01-21 15:38:40.094,0.75,焊把钳下端,3.02,1.15,1.56,2.702,1.201,2.146,Tag 1,0.6686710701084652
2026-01-21 15:38:40.144,0.75,焊把钳下端,3.02,1.15,1.56,2.647,1.284,2.19,Tag 1,0.7443016861461487
2026-01-21 15:38:40.193,0.75,焊把钳下端,3.02,1.15,1.56,3.686,1.482,1.491,Tag 0,0.7473560061978495
2026-01-21 15:38:40.193,0.75,焊把钳下端,3.02,1.15,1.56,2.647,1.284,2.19,Tag 1,0.7443016861461487
2026-01-21 15:38:40.243,0.75,焊把钳下端,3.02,1.15,1.56,3.686,1.482,1.491,Tag 0,0.7473560061978495
2026-01-21 15:38:40.294,0.75,焊把钳下端,3.02,1.15,1.56,3.683,1.461,1.476,Tag 0,0.7371200716301245
2026-01-21 15:38:40.343,0.75,焊把钳下端,3.02,1.15,1.56,3.683,1.461,1.476,Tag 0,0.7371200716301245
2026-01-21 15:38:40.343,0.75,焊把钳下端,3.02,1.15,1.56,2.701,1.32,2.19,Tag 1,0.7263339452345594
2026-01-21 15:38:40.393,0.75,焊把钳下端,3.02,1.15,1.56,3.698,1.441,1.448,Tag 0,0.7462633583394002
2026-01-21 15:38:40.394,0.75,焊把钳下端,3.02,1.15,1.56,2.701,1.32,2.19,Tag 1,0.7263339452345594
2026-01-21 15:38:40.443,0.75,焊把钳下端,3.02,1.15,1.56,3.698,1.441,1.448,Tag 0,0.7462633583394002
2026-01-21 15:38:40.443,0.75,焊把钳下端,3.02,1.15,1.56,2.751,1.319,2.16,Tag 1,0.6789123654787856
2026-01-21 15:38:40.493,0.75,焊把钳下端,3.02,1.15,1.56,2.751,1.319,2.16,Tag 1,0.6789123654787856
2026-01-21 15:38:40.543,0.63,接地夹下端,3.02,1.53,1.61,2.797,1.322,2.129,Tag 1,0.6019584703283108
2026-01-21 15:38:40.594,0.63,接地夹下端,3.02,1.53,1.61,2.797,1.322,2.129,Tag 1,0.6019584703283108
2026-01-21 15:38:40.644,0.63,接地夹下端,3.02,1.53,1.61,2.844,1.33,2.101,Tag 1,0.5586206226053599
2026-01-21 15:38:40.693,0.63,接地夹下端,3.02,1.53,1.61,2.844,1.33,2.101,Tag 1,0.5586206226053599
2026-01-21 15:38:40.743,0.63,接地夹下端,3.02,1.53,1.61,2.877,1.333,2.077,Tag 1,0.5266374464467941
2026-01-21 15:38:40.793,0.63,接地夹下端,3.02,1.53,1.61,2.877,1.333,2.077,Tag 1,0.5266374464467941
2026-01-21 15:38:40.842,0.63,接地夹下端,3.02,1.53,1.61,2.851,1.355,2.069,Tag 1,0.5194872471966948
2026-01-21 15:38:40.893,0.63,接地夹下端,3.02,1.53,1.61,2.851,1.355,2.069,Tag 1,0.5194872471966948
2026-01-21 15:38:40.943,0.63,接地夹下端,3.02,1.53,1.61,2.828,1.388,2.071,Tag 1,0.5191810859420826
2026-01-21 15:38:40.993,0.63,接地夹下端,3.02,1.53,1.61,2.828,1.388,2.071,Tag 1,0.5191810859420826
2026-01-21 15:38:41.044,0.63,接地夹下端,3.02,1.53,1.61,2.819,1.405,2.067,Tag 1,0.5146600819958743
2026-01-21 15:38:41.094,0.63,接地夹下端,3.02,1.53,1.61,2.819,1.405,2.067,Tag 1,0.5146600819958743
2026-01-21 15:38:41.142,0.63,接地夹下端,3.02,1.53,1.61,2.818,1.395,2.061,Tag 1,0.5122792207380656
2026-01-21 15:38:41.194,0.63,接地夹下端,3.02,1.53,1.61,2.818,1.395,2.061,Tag 1,0.5122792207380656
2026-01-21 15:38:41.243,0.63,接地夹下端,3.02,1.53,1.61,2.823,1.356,2.059,Tag 1,0.5202749273220842
2026-01-21 15:38:41.292,0.63,接地夹下端,3.02,1.53,1.61,2.823,1.356,2.059,Tag 1,0.5202749273220842
2026-01-21 15:38:41.343,0.63,接地夹下端,3.02,1.53,1.61,2.826,1.316,2.048,Tag 1,0.5246675137646698
2026-01-21 15:38:41.394,0.63,接地夹下端,3.02,1.53,1.61,2.826,1.316,2.048,Tag 1,0.5246675137646698
2026-01-21 15:38:41.445,0.75,焊把钳下端,3.02,1.15,1.56,2.857,1.25,2.012,Tag 1,0.4907881416660349
2026-01-21 15:38:41.493,0.75,焊把钳下端,3.02,1.15,1.56,2.857,1.25,2.012,Tag 1,0.4907881416660349
2026-01-21 15:38:41.544,0.75,焊把钳下端,3.02,1.15,1.56,2.882,1.166,1.96,Tag 1,0.42343830719480247
2026-01-21 15:38:41.593,0.75,焊把钳下端,3.02,1.15,1.56,2.882,1.166,1.96,Tag 1,0.42343830719480247
2026-01-21 15:38:41.644,0.75,焊把钳下端,3.02,1.15,1.56,2.882,1.093,1.911,Tag 1,0.3814367575365541
2026-01-21 15:38:41.694,0.75,焊把钳下端,3.02,1.15,1.56,2.882,1.093,1.911,Tag 1,0.3814367575365541
2026-01-21 15:38:41.744,0.75,焊把钳下端,3.02,1.15,1.56,2.869,1.043,1.852,Tag 1,0.3457079692457204
2026-01-21 15:38:41.792,0.75,焊把钳下端,3.02,1.15,1.56,2.869,1.043,1.852,Tag 1,0.3457079692457204
2026-01-21 15:38:41.844,0.75,焊把钳下端,3.02,1.15,1.56,2.849,1.029,1.782,Tag 1,0.3052310600184718
2026-01-21 15:38:41.894,0.75,焊把钳下端,3.02,1.15,1.56,2.849,1.029,1.782,Tag 1,0.3052310600184718
2026-01-21 15:38:41.943,0.75,焊把钳下端,3.02,1.15,1.56,2.809,1.024,1.72,Tag 1,0.2932524509701494
2026-01-21 15:38:41.994,0.75,焊把钳下端,3.02,1.15,1.56,3.648,1.216,1.171,Tag 0,0.7416609737609228
2026-01-21 15:38:41.994,0.75,焊把钳下端,3.02,1.15,1.56,2.809,1.024,1.72,Tag 1,0.2932524509701494
2026-01-21 15:38:42.043,0.75,焊把钳下端,3.02,1.15,1.56,3.648,1.216,1.171,Tag 0,0.7416609737609228
2026-01-21 15:38:42.043,0.75,焊把钳下端,3.02,1.15,1.56,2.753,1.034,1.671,Tag 1,0.3115541686448761
2026-01-21 15:38:42.094,0.75,焊把钳下端,3.02,1.15,1.56,3.615,1.198,1.188,Tag 0,0.7033583723821025
2026-01-21 15:38:42.094,0.75,焊把钳下端,3.02,1.15,1.56,2.753,1.034,1.671,Tag 1,0.3115541686448761
2026-01-21 15:38:42.194,0.75,焊把钳下端,3.02,1.15,1.56,3.585,1.184,1.205,Tag 0,0.6681362136570655
2026-01-21 15:38:42.194,0.75,焊把钳下端,3.02,1.15,1.56,2.753,1.034,1.671,Tag 1,0.3115541686448761
2026-01-21 15:38:42.243,0.75,焊把钳下端,3.02,1.15,1.56,3.585,1.184,1.205,Tag 0,0.6681362136570655
2026-01-21 15:38:42.243,0.75,焊把钳下端,3.02,1.15,1.56,2.684,1.08,1.622,Tag 1,0.3487692647008906
2026-01-21 15:38:42.293,0.75,焊把钳下端,3.02,1.15,1.56,3.553,1.177,1.203,Tag 0,0.6420802130575275
2026-01-21 15:38:42.293,0.75,焊把钳下端,3.02,1.15,1.56,2.684,1.08,1.622,Tag 1,0.3487692647008906
2026-01-21 15:38:42.344,0.75,焊把钳下端,3.02,1.15,1.56,3.553,1.177,1.203,Tag 0,0.6420802130575275
2026-01-21 15:38:42.345,0.75,焊把钳下端,3.02,1.15,1.56,2.615,1.149,1.571,Tag 1,0.4051505892874893
2026-01-21 15:38:42.393,0.75,焊把钳下端,3.02,1.15,1.56,3.502,1.189,1.203,Tag 0,0.6010773660686283
2026-01-21 15:38:42.393,0.75,焊把钳下端,3.02,1.15,1.56,2.615,1.149,1.571,Tag 1,0.4051505892874893
2026-01-21 15:38:42.444,0.75,焊把钳下端,3.02,1.15,1.56,3.502,1.189,1.203,Tag 0,0.6010773660686283
2026-01-21 15:38:42.444,0.75,焊把钳下端,3.02,1.15,1.56,2.537,1.244,1.52,Tag 1,0.49368512231988526
2026-01-21 15:38:42.493,0.75,焊把钳下端,3.02,1.15,1.56,3.44,1.205,1.214,Tag 0,0.546937839246838
2026-01-21 15:38:42.493,0.75,焊把钳下端,3.02,1.15,1.56,2.537,1.244,1.52,Tag 1,0.49368512231988526
2026-01-21 15:38:42.543,0.75,焊把钳下端,3.02,1.15,1.56,3.44,1.205,1.214,Tag 0,0.546937839246838
2026-01-21 15:38:42.543,0.75,焊把钳下端,3.02,1.15,1.56,2.451,1.345,1.471,Tag 1,0.6080353608138264
2026-01-21 15:38:42.594,0.75,焊把钳下端,3.02,1.15,1.56,3.353,1.216,1.235,Tag 0,0.4699680840227346
2026-01-21 15:38:42.594,0.75,焊把钳下端,3.02,1.15,1.56,2.451,1.345,1.471,Tag 1,0.6080353608138264
2026-01-21 15:38:42.643,0.75,焊把钳下端,3.02,1.15,1.56,3.353,1.216,1.235,Tag 0,0.4699680840227346
2026-01-21 15:38:42.643,0.75,焊把钳下端,3.02,1.15,1.56,2.379,1.453,1.42,Tag 1,0.7226963401041963
2026-01-21 15:38:42.695,0.75,焊把钳下端,3.02,1.15,1.56,3.256,1.232,1.251,Tag 0,0.39736758800888633
2026-01-21 15:38:42.695,0.75,焊把钳下端,3.02,1.15,1.56,2.379,1.453,1.42,Tag 1,0.7226963401041963
2026-01-21 15:38:42.743,0.75,焊把钳下端,3.02,1.15,1.56,3.256,1.232,1.251,Tag 0,0.39736758800888633
2026-01-21 15:38:42.794,0.75,焊把钳下端,3.02,1.15,1.56,3.15,1.255,1.265,Tag 0,0.33904277016329376
2026-01-21 15:38:42.843,0.75,焊把钳下端,3.02,1.15,1.56,3.15,1.255,1.265,Tag 0,0.33904277016329376
2026-01-21 15:38:42.892,0.75,焊把钳下端,3.02,1.15,1.56,3.043,1.273,1.283,Tag 0,0.3039522988891515
2026-01-21 15:38:42.944,0.75,焊把钳下端,3.02,1.15,1.56,3.043,1.273,1.283,Tag 0,0.3039522988891515
2026-01-21 15:38:42.994,0.75,焊把钳下端,3.02,1.15,1.56,2.946,1.283,1.296,Tag 0,0.3047310289419179
2026-01-21 15:38:43.043,0.75,焊把钳下端,3.02,1.15,1.56,2.946,1.283,1.296,Tag 0,0.3047310289419179
2026-01-21 15:38:43.093,0.75,焊把钳下端,3.02,1.15,1.56,2.852,1.292,1.294,Tag 0,0.3451724206827656
2026-01-21 15:38:43.143,0.75,焊把钳下端,3.02,1.15,1.56,2.852,1.292,1.294,Tag 0,0.3451724206827656
2026-01-21 15:38:43.194,0.75,焊把钳下端,3.02,1.15,1.56,2.769,1.305,1.282,Tag 0,0.4053516991453224
2026-01-21 15:38:43.244,0.75,焊把钳下端,3.02,1.15,1.56,2.769,1.305,1.282,Tag 0,0.4053516991453224
2026-01-21 15:38:43.294,0.75,焊把钳下端,3.02,1.15,1.56,2.677,1.336,1.275,Tag 0,0.483187334271088
2026-01-21 15:38:43.343,0.75,焊把钳下端,3.02,1.15,1.56,2.677,1.336,1.275,Tag 0,0.483187334271088
2026-01-21 15:38:43.393,0.63,接地夹下端,3.02,1.53,1.61,2.574,1.387,1.27,Tag 0,0.5787616089548444
2026-01-21 15:38:43.442,0.63,接地夹下端,3.02,1.53,1.61,2.574,1.387,1.27,Tag 0,0.5787616089548444
2026-01-21 15:38:43.492,0.75,焊把钳下端,3.02,1.15,1.56,2.474,1.447,1.263,Tag 0,0.6888642827146724
2026-01-21 15:38:43.544,0.75,焊把钳下端,3.02,1.15,1.56,2.474,1.447,1.263,Tag 0,0.6888642827146724
2026-01-21 15:38:46.244,0.25,墙壁电源,2.44,2.57,0.97,2.283,2.718,0.913,Tag 1,0.22316361710637342
2026-01-21 15:38:46.294,0.25,墙壁电源,2.44,2.57,0.97,2.283,2.718,0.913,Tag 1,0.22316361710637342
2026-01-21 15:38:47.244,0.25,墙壁电源,2.44,2.57,0.97,2.396,2.782,0.859,Tag 1,0.2433125561905922
2026-01-21 15:38:47.293,0.25,墙壁电源,2.44,2.57,0.97,2.396,2.782,0.859,Tag 1,0.2433125561905922
2026-01-21 15:38:47.343,0.25,墙壁电源,2.44,2.57,0.97,2.431,2.733,0.895,Tag 1,0.17965244223221702
2026-01-21 15:38:47.393,0.25,墙壁电源,2.44,2.57,0.97,2.431,2.733,0.895,Tag 1,0.17965244223221702
2026-01-21 15:38:47.445,0.25,墙壁电源,2.44,2.57,0.97,2.46,2.694,0.919,Tag 1,0.1355617940276685
2026-01-21 15:38:47.493,0.25,墙壁电源,2.44,2.57,0.97,2.46,2.694,0.919,Tag 1,0.1355617940276685
2026-01-21 15:38:47.545,0.25,墙壁电源,2.44,2.57,0.97,2.483,2.662,0.937,Tag 1,0.10678014796768182
2026-01-21 15:38:47.593,0.25,墙壁电源,2.44,2.57,0.97,2.483,2.662,0.937,Tag 1,0.10678014796768182
2026-01-21 15:38:47.644,0.25,墙壁电源,2.44,2.57,0.97,2.505,2.636,0.948,Tag 1,0.09521029356114825
2026-01-21 15:38:47.692,0.25,墙壁电源,2.44,2.57,0.97,2.505,2.636,0.948,Tag 1,0.09521029356114825
2026-01-21 15:38:47.744,0.25,墙壁电源,2.44,2.57,0.97,2.527,2.61,0.96,Tag 1,0.09627564593395381
2026-01-21 15:38:47.793,0.25,墙壁电源,2.44,2.57,0.97,2.527,2.61,0.96,Tag 1,0.09627564593395381
2026-01-21 15:38:47.843,0.25,墙壁电源,2.44,2.57,0.97,2.547,2.586,0.973,Tag 1,0.10823123393919172
2026-01-21 15:38:47.894,0.25,墙壁电源,2.44,2.57,0.97,2.547,2.586,0.973,Tag 1,0.10823123393919172
2026-01-21 15:38:47.943,0.25,墙壁电源,2.44,2.57,0.97,2.551,2.581,0.979,Tag 1,0.11190621073023628
2026-01-21 15:38:47.993,0.25,墙壁电源,2.44,2.57,0.97,2.551,2.581,0.979,Tag 1,0.11190621073023628
2026-01-21 15:38:48.043,0.25,墙壁电源,2.44,2.57,0.97,2.564,2.56,0.99,Tag 1,0.12600000000000008
2026-01-21 15:38:48.094,0.25,墙壁电源,2.44,2.57,0.97,2.564,2.56,0.99,Tag 1,0.12600000000000008
2026-01-21 15:38:48.143,0.25,墙壁电源,2.44,2.57,0.97,2.581,2.541,1.001,Tag 1,0.1472514855612669
2026-01-21 15:38:48.193,0.25,墙壁电源,2.44,2.57,0.97,2.581,2.541,1.001,Tag 1,0.1472514855612669
2026-01-21 15:38:48.244,0.25,墙壁电源,2.44,2.57,0.97,2.597,2.523,1.012,Tag 1,0.16918037711271358
2026-01-21 15:38:48.294,0.25,墙壁电源,2.44,2.57,0.97,2.597,2.523,1.012,Tag 1,0.16918037711271358
2026-01-21 15:38:48.343,0.25,墙壁电源,2.44,2.57,0.97,2.613,2.504,1.028,Tag 1,0.19403350226185168
2026-01-21 15:38:48.393,0.25,墙壁电源,2.44,2.57,0.97,2.613,2.504,1.028,Tag 1,0.19403350226185168
2026-01-21 15:38:48.443,0.25,墙壁电源,2.44,2.57,0.97,2.625,2.495,1.05,Tag 1,0.21505813167606566
2026-01-21 15:38:48.493,0.25,墙壁电源,2.44,2.57,0.97,2.625,2.495,1.05,Tag 1,0.21505813167606566
2026-01-21 15:38:48.544,0.25,墙壁电源,2.44,2.57,0.97,2.605,2.514,1.059,Tag 1,0.19565786465153914
2026-01-21 15:38:48.593,0.25,墙壁电源,2.44,2.57,0.97,2.605,2.514,1.059,Tag 1,0.19565786465153914
2026-01-21 15:38:48.645,0.25,墙壁电源,2.44,2.57,0.97,2.532,2.594,1.012,Tag 1,0.10394229168149036
2026-01-21 15:38:48.693,0.25,墙壁电源,2.44,2.57,0.97,2.532,2.594,1.012,Tag 1,0.10394229168149036
2026-01-21 15:38:48.744,0.25,墙壁电源,2.44,2.57,0.97,2.424,2.707,0.84,Tag 1,0.18953891421024868
2026-01-21 15:38:48.793,0.25,墙壁电源,2.44,2.57,0.97,2.424,2.707,0.84,Tag 1,0.18953891421024868
2026-01-21 15:38:53.643,0.5,焊机电源,1.45,2.1,0.39,1.327,2.46,0.162,Tag 1,0.4435233928441655
2026-01-21 15:38:53.693,0.5,焊机电源,1.45,2.1,0.39,1.327,2.46,0.162,Tag 1,0.4435233928441655
2026-01-21 15:38:53.744,0.5,焊机电源,1.45,2.1,0.39,1.312,2.427,0.203,Tag 1,0.4011757719504008
2026-01-21 15:38:53.793,0.5,焊机电源,1.45,2.1,0.39,1.312,2.427,0.203,Tag 1,0.4011757719504008
2026-01-21 15:38:53.842,0.5,焊机电源,1.45,2.1,0.39,1.334,2.364,0.335,Tag 1,0.2935591933494842
2026-01-21 15:38:53.943,0.5,焊机电源,1.45,2.1,0.39,1.319,2.353,0.366,Tag 1,0.28591257405018067
2026-01-21 15:38:53.993,0.5,焊机电源,1.45,2.1,0.39,1.319,2.353,0.366,Tag 1,0.28591257405018067
2026-01-21 15:38:54.043,0.5,焊机电源,1.45,2.1,0.39,1.299,2.351,0.343,Tag 1,0.29666647940068985
2026-01-21 15:38:54.093,0.5,焊机电源,1.45,2.1,0.39,1.299,2.351,0.343,Tag 1,0.29666647940068985
2026-01-21 15:38:54.144,0.5,焊机电源,1.45,2.1,0.39,1.316,2.313,0.409,Tag 1,0.2523608527485989
2026-01-21 15:38:54.193,0.5,焊机电源,1.45,2.1,0.39,1.316,2.313,0.409,Tag 1,0.2523608527485989
2026-01-21 15:38:54.243,0.5,焊机电源,1.45,2.1,0.39,1.291,2.328,0.339,Tag 1,0.2826057324259363
2026-01-21 15:38:54.292,0.5,焊机电源,1.45,2.1,0.39,1.291,2.328,0.339,Tag 1,0.2826057324259363
2026-01-21 15:38:54.343,0.5,焊机电源,1.45,2.1,0.39,1.27,2.344,0.298,Tag 1,0.316859590355097
2026-01-21 15:38:54.392,0.5,焊机电源,1.45,2.1,0.39,1.27,2.344,0.298,Tag 1,0.316859590355097
2026-01-21 15:38:54.443,0.5,焊机电源,1.45,2.1,0.39,1.212,2.408,0.166,Tag 1,0.4490924181056722
2026-01-21 15:38:54.493,0.5,焊机电源,1.45,2.1,0.39,1.212,2.408,0.166,Tag 1,0.4490924181056722
2026-01-21 15:38:54.543,0.5,焊机电源,1.45,2.1,0.39,1.191,2.429,0.135,Tag 1,0.49025197602865384
2026-01-21 15:38:54.593,0.5,焊机电源,1.45,2.1,0.39,1.191,2.429,0.135,Tag 1,0.49025197602865384
2026-01-21 15:38:55.343,0.5,焊机电源,1.45,2.1,0.39,1.139,2.42,0.223,Tag 1,0.4764556642542933
2026-01-21 15:38:55.393,0.5,焊机电源,1.45,2.1,0.39,1.139,2.42,0.223,Tag 1,0.4764556642542933
2026-01-21 15:38:55.494,0.5,焊机电源,1.45,2.1,0.39,1.139,2.42,0.223,Tag 1,0.4764556642542933
2026-01-21 15:38:55.643,0.5,焊机电源,1.45,2.1,0.39,1.105,2.44,0.269,Tag 1,0.49926546045165177
2026-01-21 15:38:55.694,0.5,焊机电源,1.45,2.1,0.39,1.105,2.44,0.269,Tag 1,0.49926546045165177
2026-01-21 15:38:55.743,0.5,焊机电源,1.45,2.1,0.39,1.121,2.411,0.379,Tag 1,0.45286090579779564
2026-01-21 15:38:55.793,0.5,焊机电源,1.45,2.1,0.39,1.121,2.411,0.379,Tag 1,0.45286090579779564
2026-01-21 15:38:55.843,0.5,焊机电源,1.45,2.1,0.39,1.123,2.405,0.445,Tag 1,0.4505319078600314
2026-01-21 15:38:55.893,0.5,焊机电源,1.45,2.1,0.39,1.123,2.405,0.445,Tag 1,0.4505319078600314
2026-01-21 15:38:55.944,0.5,焊机电源,1.45,2.1,0.39,1.118,2.418,0.445,Tag 1,0.4630043196342772
2026-01-21 15:38:55.993,0.5,焊机电源,1.45,2.1,0.39,1.118,2.418,0.445,Tag 1,0.4630043196342772
2026-01-21 15:38:56.043,0.5,焊机电源,1.45,2.1,0.39,1.116,2.435,0.408,Tag 1,0.47339729614774934
2026-01-21 15:38:56.093,0.5,焊机电源,1.45,2.1,0.39,1.116,2.435,0.408,Tag 1,0.47339729614774934
2026-01-21 15:38:56.144,0.5,焊机电源,1.45,2.1,0.39,1.119,2.451,0.38,Tag 1,0.48255776856247995
2026-01-21 15:38:56.193,0.5,焊机电源,1.45,2.1,0.39,1.119,2.451,0.38,Tag 1,0.48255776856247995
2026-01-21 15:38:56.243,0.5,焊机电源,1.45,2.1,0.39,1.124,2.463,0.353,Tag 1,0.4892994992844361
2026-01-21 15:38:56.293,0.5,焊机电源,1.45,2.1,0.39,1.124,2.463,0.353,Tag 1,0.4892994992844361
2026-01-21 15:38:56.743,0.5,焊机电源,1.45,2.1,0.39,1.178,2.433,0.212,Tag 1,0.4653568523187338
2026-01-21 15:38:56.792,0.5,焊机电源,1.45,2.1,0.39,1.178,2.433,0.212,Tag 1,0.4653568523187338
2026-01-21 15:38:56.844,0.5,焊机电源,1.45,2.1,0.39,1.192,2.407,0.236,Tag 1,0.42956838803617753
2026-01-21 15:38:56.892,0.5,焊机电源,1.45,2.1,0.39,1.192,2.407,0.236,Tag 1,0.42956838803617753
2026-01-21 15:38:56.944,0.5,焊机电源,1.45,2.1,0.39,1.214,2.372,0.338,Tag 1,0.36384612132053834
2026-01-21 15:38:56.993,0.5,焊机电源,1.45,2.1,0.39,1.214,2.372,0.338,Tag 1,0.36384612132053834
2026-01-21 15:38:57.044,0.5,焊机电源,1.45,2.1,0.39,1.244,2.327,0.454,Tag 1,0.3131469303697546
2026-01-21 15:38:57.093,0.5,焊机电源,1.45,2.1,0.39,1.244,2.327,0.454,Tag 1,0.3131469303697546
2026-01-21 15:38:57.144,0.5,焊机电源,1.45,2.1,0.39,1.275,2.286,0.578,Tag 1,0.317119851160409
2026-01-21 15:38:57.194,0.5,焊机电源,1.45,2.1,0.39,1.275,2.286,0.578,Tag 1,0.317119851160409
2026-01-21 15:38:57.243,0.5,焊机电源,1.45,2.1,0.39,1.293,2.266,0.628,Tag 1,0.32992271822352576
2026-01-21 15:38:57.292,0.5,焊机电源,1.45,2.1,0.39,1.293,2.266,0.628,Tag 1,0.32992271822352576
2026-01-21 15:38:57.342,0.5,焊机电源,1.45,2.1,0.39,1.297,2.261,0.62,Tag 1,0.3197342646636422
2026-01-21 15:38:57.392,0.5,焊机电源,1.45,2.1,0.39,1.297,2.261,0.62,Tag 1,0.3197342646636422
2026-01-21 15:38:57.444,0.5,焊机电源,1.45,2.1,0.39,1.292,2.271,0.587,Tag 1,0.30498196667999883
2026-01-21 15:38:57.493,0.5,焊机电源,1.45,2.1,0.39,1.292,2.271,0.587,Tag 1,0.30498196667999883
2026-01-21 15:38:57.543,0.5,焊机电源,1.45,2.1,0.39,1.277,2.291,0.485,Tag 1,0.27465432820183255
2026-01-21 15:38:57.592,0.5,焊机电源,1.45,2.1,0.39,1.277,2.291,0.485,Tag 1,0.27465432820183255
2026-01-21 15:38:57.643,0.5,焊机电源,1.45,2.1,0.39,1.259,2.318,0.369,Tag 1,0.2905959394072808
2026-01-21 15:38:57.693,0.5,焊机电源,1.45,2.1,0.39,1.259,2.318,0.369,Tag 1,0.2905959394072808
2026-01-21 15:38:57.743,0.5,焊机电源,1.45,2.1,0.39,1.238,2.354,0.244,Tag 1,0.36162964480252446
2026-01-21 15:38:57.794,0.5,焊机电源,1.45,2.1,0.39,1.238,2.354,0.244,Tag 1,0.36162964480252446
2026-01-21 15:38:57.843,0.5,焊机电源,1.45,2.1,0.39,1.234,2.371,0.218,Tag 1,0.3868862882036529
2026-01-21 15:38:57.892,0.5,焊机电源,1.45,2.1,0.39,1.234,2.371,0.218,Tag 1,0.3868862882036529
2026-01-21 15:38:57.943,0.5,焊机电源,1.45,2.1,0.39,1.259,2.367,0.279,Tag 1,0.3465414838082159
2026-01-21 15:38:58.043,0.5,焊机电源,1.45,2.1,0.39,1.302,2.357,0.356,Tag 1,0.298511306318538
2026-01-21 15:38:58.092,0.5,焊机电源,1.45,2.1,0.39,1.302,2.357,0.356,Tag 1,0.298511306318538
2026-01-21 15:38:58.143,0.5,焊机电源,1.45,2.1,0.39,1.361,2.342,0.491,Tag 1,0.27692237179397405
2026-01-21 15:38:58.192,0.5,焊机电源,1.45,2.1,0.39,1.361,2.342,0.491,Tag 1,0.27692237179397405
2026-01-21 15:38:58.243,0.5,焊机电源,1.45,2.1,0.39,1.42,2.331,0.616,Tag 1,0.3245566206380636
2026-01-21 15:38:58.292,0.5,焊机电源,1.45,2.1,0.39,1.42,2.331,0.616,Tag 1,0.3245566206380636
2026-01-21 15:38:58.343,0.5,焊机电源,1.45,2.1,0.39,1.483,2.315,0.726,Tag 1,0.40026241392366574
2026-01-21 15:38:58.393,0.5,焊机电源,1.45,2.1,0.39,1.483,2.315,0.726,Tag 1,0.40026241392366574
2026-01-21 15:38:58.443,0.5,焊机电源,1.45,2.1,0.39,1.543,2.309,0.755,Tag 1,0.4307609545908264
2026-01-21 15:38:58.493,0.5,焊机电源,1.45,2.1,0.39,1.543,2.309,0.755,Tag 1,0.4307609545908264
2026-01-21 15:38:58.542,0.5,焊机电源,1.45,2.1,0.39,1.589,2.321,0.719,Tag 1,0.42000357141338696
2026-01-21 15:38:58.592,0.5,焊机电源,1.45,2.1,0.39,1.589,2.321,0.719,Tag 1,0.42000357141338696
2026-01-21 15:38:58.643,0.5,焊机电源,1.45,2.1,0.39,1.645,2.326,0.712,Tag 1,0.439072886887815
2026-01-21 15:38:58.691,0.5,焊机电源,1.45,2.1,0.39,1.645,2.326,0.712,Tag 1,0.439072886887815
2026-01-21 15:38:58.743,0.5,焊机电源,1.45,2.1,0.39,1.713,2.33,0.721,Tag 1,0.48127954454765687
2026-01-21 15:38:58.793,0.5,焊机电源,1.45,2.1,0.39,1.713,2.33,0.721,Tag 1,0.48127954454765687
2026-01-21 15:39:01.144,0.5,焊机电源,1.45,2.1,0.39,1.656,2.399,0.23,Tag 1,0.3967833161815148
2026-01-21 15:39:01.192,0.5,焊机电源,1.45,2.1,0.39,1.656,2.399,0.23,Tag 1,0.3967833161815148
2026-01-21 15:39:01.242,0.5,焊机电源,1.45,2.1,0.39,1.618,2.266,0.46,Tag 1,0.24633310780323464
2026-01-21 15:39:01.292,0.5,焊机电源,1.45,2.1,0.39,1.618,2.266,0.46,Tag 1,0.24633310780323464
2026-01-21 15:39:01.342,0.5,焊机电源,1.45,2.1,0.39,1.587,2.131,0.684,Tag 1,0.32583124466508734
2026-01-21 15:39:01.393,0.5,焊机电源,1.45,2.1,0.39,1.587,2.131,0.684,Tag 1,0.32583124466508734
2026-01-21 15:39:03.241,0.6,电压电流旋钮,1.56,1.5,0.37,1.418,1.359,0.902,Tag 1,0.5683915903670639
2026-01-21 15:39:03.292,0.6,电压电流旋钮,1.56,1.5,0.37,1.418,1.359,0.902,Tag 1,0.5683915903670639
2026-01-21 15:39:03.342,0.6,电压电流旋钮,1.56,1.5,0.37,1.416,1.373,0.871,Tag 1,0.5365314529456777
2026-01-21 15:39:03.392,0.6,电压电流旋钮,1.56,1.5,0.37,1.416,1.373,0.871,Tag 1,0.5365314529456777
2026-01-21 15:39:03.442,0.6,电压电流旋钮,1.56,1.5,0.37,1.412,1.39,0.841,Tag 1,0.505811229610415
2026-01-21 15:39:03.492,0.6,电压电流旋钮,1.56,1.5,0.37,1.412,1.39,0.841,Tag 1,0.505811229610415
2026-01-21 15:39:03.544,0.6,电压电流旋钮,1.56,1.5,0.37,1.408,1.41,0.81,Tag 1,0.4741350018718299
2026-01-21 15:39:03.593,0.6,电压电流旋钮,1.56,1.5,0.37,1.408,1.41,0.81,Tag 1,0.4741350018718299
2026-01-21 15:39:03.643,0.6,电压电流旋钮,1.56,1.5,0.37,1.402,1.431,0.778,Tag 1,0.442932274732831
2026-01-21 15:39:03.692,0.6,电压电流旋钮,1.56,1.5,0.37,1.402,1.431,0.778,Tag 1,0.442932274732831
2026-01-21 15:39:03.743,0.6,电压电流旋钮,1.56,1.5,0.37,1.397,1.449,0.753,Tag 1,0.4193554578159202
2026-01-21 15:39:03.792,0.6,电压电流旋钮,1.56,1.5,0.37,1.397,1.449,0.753,Tag 1,0.4193554578159202
2026-01-21 15:39:03.843,0.6,电压电流旋钮,1.56,1.5,0.37,1.391,1.465,0.735,Tag 1,0.40374620741252787
2026-01-21 15:39:03.893,0.6,电压电流旋钮,1.56,1.5,0.37,1.391,1.465,0.735,Tag 1,0.40374620741252787
2026-01-21 15:39:03.943,0.6,电压电流旋钮,1.56,1.5,0.37,1.383,1.48,0.721,Tag 1,0.3936114835723165
2026-01-21 15:39:03.993,0.6,电压电流旋钮,1.56,1.5,0.37,1.383,1.48,0.721,Tag 1,0.3936114835723165
2026-01-21 15:39:04.043,0.6,电压电流旋钮,1.56,1.5,0.37,1.375,1.491,0.712,Tag 1,0.388934441776503
2026-01-21 15:39:04.092,0.6,电压电流旋钮,1.56,1.5,0.37,1.375,1.491,0.712,Tag 1,0.388934441776503
2026-01-21 15:39:04.143,0.6,电压电流旋钮,1.56,1.5,0.37,1.369,1.499,0.708,Tag 1,0.3882344652397569
2026-01-21 15:39:04.192,0.6,电压电流旋钮,1.56,1.5,0.37,1.369,1.499,0.708,Tag 1,0.3882344652397569
2026-01-21 15:39:04.244,0.6,电压电流旋钮,1.56,1.5,0.37,1.362,1.502,0.708,Tag 1,0.3917294985063034
2026-01-21 15:39:04.293,0.6,电压电流旋钮,1.56,1.5,0.37,1.362,1.502,0.708,Tag 1,0.3917294985063034
2026-01-21 15:39:04.343,0.6,电压电流旋钮,1.56,1.5,0.37,1.359,1.504,0.712,Tag 1,0.39671274242202004
2026-01-21 15:39:04.392,0.6,电压电流旋钮,1.56,1.5,0.37,1.359,1.504,0.712,Tag 1,0.39671274242202004
2026-01-21 15:39:04.443,0.6,电压电流旋钮,1.56,1.5,0.37,1.355,1.509,0.71,Tag 1,0.3971221474559182
2026-01-21 15:39:04.492,0.6,电压电流旋钮,1.56,1.5,0.37,1.355,1.509,0.71,Tag 1,0.3971221474559182
2026-01-21 15:39:04.544,0.6,电压电流旋钮,1.56,1.5,0.37,1.352,1.512,0.708,Tag 1,0.39705415247797116
2026-01-21 15:39:04.592,0.6,电压电流旋钮,1.56,1.5,0.37,1.352,1.512,0.708,Tag 1,0.39705415247797116
2026-01-21 15:39:04.643,0.6,电压电流旋钮,1.56,1.5,0.37,1.349,1.515,0.706,Tag 1,0.3970415595375376
2026-01-21 15:39:04.693,0.6,电压电流旋钮,1.56,1.5,0.37,1.349,1.515,0.706,Tag 1,0.3970415595375376
2026-01-21 15:39:04.743,0.6,电压电流旋钮,1.56,1.5,0.37,1.345,1.52,0.704,Tag 1,0.3977197505782181
2026-01-21 15:39:04.793,0.6,电压电流旋钮,1.56,1.5,0.37,1.345,1.52,0.704,Tag 1,0.3977197505782181
2026-01-21 15:39:04.843,0.6,电压电流旋钮,1.56,1.5,0.37,1.343,1.525,0.696,Tag 1,0.39241559602034165
2026-01-21 15:39:04.892,0.6,电压电流旋钮,1.56,1.5,0.37,1.343,1.525,0.696,Tag 1,0.39241559602034165
2026-01-21 15:39:04.943,0.6,电压电流旋钮,1.56,1.5,0.37,1.34,1.519,0.709,Tag 1,0.404576321600758
2026-01-21 15:39:04.993,0.6,电压电流旋钮,1.56,1.5,0.37,1.34,1.519,0.709,Tag 1,0.404576321600758
2026-01-21 15:39:05.043,0.6,电压电流旋钮,1.56,1.5,0.37,1.34,1.507,0.726,Tag 1,0.4185510721524913
2026-01-21 15:39:05.092,0.6,电压电流旋钮,1.56,1.5,0.37,1.34,1.507,0.726,Tag 1,0.4185510721524913
2026-01-21 15:39:05.143,0.6,电压电流旋钮,1.56,1.5,0.37,1.342,1.496,0.742,Tag 1,0.4311890536643991
2026-01-21 15:39:05.192,0.6,电压电流旋钮,1.56,1.5,0.37,1.342,1.496,0.742,Tag 1,0.4311890536643991
2026-01-21 15:39:05.244,0.6,电压电流旋钮,1.56,1.5,0.37,1.345,1.483,0.758,Tag 1,0.4439121534718328
2026-01-21 15:39:05.293,0.6,电压电流旋钮,1.56,1.5,0.37,1.345,1.483,0.758,Tag 1,0.4439121534718328
2026-01-21 15:39:05.393,0.6,电压电流旋钮,1.56,1.5,0.37,1.345,1.483,0.758,Tag 1,0.4439121534718328
2026-01-21 15:39:05.443,0.6,电压电流旋钮,1.56,1.5,0.37,1.349,1.467,0.772,Tag 1,0.45520764492701576
2026-01-21 15:39:05.491,0.6,电压电流旋钮,1.56,1.5,0.37,1.349,1.467,0.772,Tag 1,0.45520764492701576
2026-01-21 15:39:05.543,0.6,电压电流旋钮,1.56,1.5,0.37,1.354,1.451,0.795,Tag 1,0.4748283900526589
2026-01-21 15:39:05.593,0.6,电压电流旋钮,1.56,1.5,0.37,1.354,1.451,0.795,Tag 1,0.4748283900526589
2026-01-21 15:39:05.643,0.6,电压电流旋钮,1.56,1.5,0.37,1.358,1.448,0.794,Tag 1,0.4725293641669267
2026-01-21 15:39:05.692,0.6,电压电流旋钮,1.56,1.5,0.37,1.358,1.448,0.794,Tag 1,0.4725293641669267
2026-01-21 15:39:05.743,0.6,电压电流旋钮,1.56,1.5,0.37,1.36,1.45,0.792,Tag 1,0.46966370947732383
2026-01-21 15:39:05.792,0.6,电压电流旋钮,1.56,1.5,0.37,1.36,1.45,0.792,Tag 1,0.46966370947732383
2026-01-21 15:39:05.843,0.6,电压电流旋钮,1.56,1.5,0.37,1.363,1.451,0.79,Tag 1,0.46648687012605194
2026-01-21 15:39:05.893,0.6,电压电流旋钮,1.56,1.5,0.37,1.363,1.451,0.79,Tag 1,0.46648687012605194
2026-01-21 15:39:05.943,0.6,电压电流旋钮,1.56,1.5,0.37,1.363,1.457,0.784,Tag 1,0.46049321384793507
2026-01-21 15:39:05.992,0.6,电压电流旋钮,1.56,1.5,0.37,1.363,1.457,0.784,Tag 1,0.46049321384793507
2026-01-21 15:39:06.042,0.6,电压电流旋钮,1.56,1.5,0.37,1.364,1.462,0.781,Tag 1,0.4569255956936534
2026-01-21 15:39:06.092,0.6,电压电流旋钮,1.56,1.5,0.37,1.364,1.462,0.781,Tag 1,0.4569255956936534
2026-01-21 15:39:06.142,0.6,电压电流旋钮,1.56,1.5,0.37,1.366,1.466,0.774,Tag 1,0.44945300087995854
2026-01-21 15:39:06.192,0.6,电压电流旋钮,1.56,1.5,0.37,1.366,1.466,0.774,Tag 1,0.44945300087995854
2026-01-21 15:39:06.244,0.6,电压电流旋钮,1.56,1.5,0.37,1.37,1.472,0.766,Tag 1,0.4401136216933077
2026-01-21 15:39:06.344,0.6,电压电流旋钮,1.56,1.5,0.37,1.374,1.474,0.755,Tag 1,0.4283654981438164
2026-01-21 15:39:06.393,0.6,电压电流旋钮,1.56,1.5,0.37,1.374,1.474,0.755,Tag 1,0.4283654981438164
2026-01-21 15:39:06.443,0.6,电压电流旋钮,1.56,1.5,0.37,1.378,1.476,0.743,Tag 1,0.4157270739319248
2026-01-21 15:39:06.492,0.6,电压电流旋钮,1.56,1.5,0.37,1.378,1.476,0.743,Tag 1,0.4157270739319248
2026-01-21 15:39:06.543,0.6,电压电流旋钮,1.56,1.5,0.37,1.383,1.477,0.732,Tag 1,0.4036111990517607
2026-01-21 15:39:06.593,0.6,电压电流旋钮,1.56,1.5,0.37,1.383,1.477,0.732,Tag 1,0.4036111990517607
2026-01-21 15:39:06.643,0.6,电压电流旋钮,1.56,1.5,0.37,1.387,1.479,0.72,Tag 1,0.3909859332508012
2026-01-21 15:39:06.692,0.6,电压电流旋钮,1.56,1.5,0.37,1.387,1.479,0.72,Tag 1,0.3909859332508012
2026-01-21 15:39:06.743,0.6,电压电流旋钮,1.56,1.5,0.37,1.389,1.486,0.701,Tag 1,0.37282435542759274
2026-01-21 15:39:06.793,0.6,电压电流旋钮,1.56,1.5,0.37,1.389,1.486,0.701,Tag 1,0.37282435542759274
2026-01-21 15:39:06.843,0.6,电压电流旋钮,1.56,1.5,0.37,1.391,1.492,0.679,Tag 1,0.3522868149675773
2026-01-21 15:39:06.892,0.6,电压电流旋钮,1.56,1.5,0.37,1.391,1.492,0.679,Tag 1,0.3522868149675773
2026-01-21 15:39:06.943,0.6,电压电流旋钮,1.56,1.5,0.37,1.391,1.499,0.658,Tag 1,0.3339251413116419
2026-01-21 15:39:06.992,0.6,电压电流旋钮,1.56,1.5,0.37,1.391,1.499,0.658,Tag 1,0.3339251413116419
2026-01-21 15:39:07.043,0.6,电压电流旋钮,1.56,1.5,0.37,1.391,1.504,0.641,Tag 1,0.3194025673033954
2026-01-21 15:39:07.093,0.6,电压电流旋钮,1.56,1.5,0.37,1.391,1.504,0.641,Tag 1,0.3194025673033954
2026-01-21 15:39:07.143,0.6,电压电流旋钮,1.56,1.5,0.37,1.391,1.509,0.623,Tag 1,0.30438626775858335
2026-01-21 15:39:07.192,0.6,电压电流旋钮,1.56,1.5,0.37,1.391,1.509,0.623,Tag 1,0.30438626775858335
2026-01-21 15:39:07.242,0.6,电压电流旋钮,1.56,1.5,0.37,1.392,1.513,0.606,Tag 1,0.2899810338625615
2026-01-21 15:39:07.293,0.6,电压电流旋钮,1.56,1.5,0.37,1.392,1.513,0.606,Tag 1,0.2899810338625615
2026-01-21 15:39:07.343,0.6,电压电流旋钮,1.56,1.5,0.37,1.394,1.511,0.601,Tag 1,0.28467174078225616
2026-01-21 15:39:07.391,0.6,电压电流旋钮,1.56,1.5,0.37,1.394,1.511,0.601,Tag 1,0.28467174078225616
2026-01-21 15:39:07.443,0.6,电压电流旋钮,1.56,1.5,0.37,1.396,1.508,0.603,Tag 1,0.28504210215334863
2026-01-21 15:39:07.492,0.6,电压电流旋钮,1.56,1.5,0.37,1.396,1.508,0.603,Tag 1,0.28504210215334863
2026-01-21 15:39:07.542,0.6,电压电流旋钮,1.56,1.5,0.37,1.399,1.502,0.616,Tag 1,0.2940085032783916
2026-01-21 15:39:07.593,0.6,电压电流旋钮,1.56,1.5,0.37,1.399,1.502,0.616,Tag 1,0.2940085032783916
2026-01-21 15:39:07.644,0.6,电压电流旋钮,1.56,1.5,0.37,1.396,1.499,0.63,Tag 1,0.3074036434396965
2026-01-21 15:39:07.692,0.6,电压电流旋钮,1.56,1.5,0.37,1.396,1.499,0.63,Tag 1,0.3074036434396965
2026-01-21 15:39:07.742,0.6,电压电流旋钮,1.56,1.5,0.37,1.391,1.49,0.66,Tag 1,0.3357990470504644
2026-01-21 15:39:07.793,0.6,电压电流旋钮,1.56,1.5,0.37,1.391,1.49,0.66,Tag 1,0.3357990470504644
2026-01-21 15:39:07.843,0.6,电压电流旋钮,1.56,1.5,0.37,1.383,1.48,0.7,Tag 1,0.3750053332954079
2026-01-21 15:39:07.892,0.6,电压电流旋钮,1.56,1.5,0.37,1.383,1.48,0.7,Tag 1,0.3750053332954079
2026-01-21 15:39:07.942,0.6,电压电流旋钮,1.56,1.5,0.37,1.381,1.469,0.746,Tag 1,0.4175859193028424
2026-01-21 15:39:07.992,0.6,电压电流旋钮,1.56,1.5,0.37,1.381,1.469,0.746,Tag 1,0.4175859193028424
2026-01-21 15:39:08.042,0.6,电压电流旋钮,1.56,1.5,0.37,1.382,1.455,0.792,Tag 1,0.46020973479490856
2026-01-21 15:39:08.092,0.6,电压电流旋钮,1.56,1.5,0.37,1.382,1.455,0.792,Tag 1,0.46020973479490856
2026-01-21 15:39:08.142,0.6,电压电流旋钮,1.56,1.5,0.37,1.383,1.457,0.835,Tag 1,0.4994026431648114
2026-01-21 15:39:08.192,0.6,电压电流旋钮,1.56,1.5,0.37,1.383,1.457,0.835,Tag 1,0.4994026431648114
2026-01-21 15:39:08.242,0.6,电压电流旋钮,1.56,1.5,0.37,1.396,1.435,0.919,Tag 1,0.5766472058373301
2026-01-21 15:39:08.292,0.6,电压电流旋钮,1.56,1.5,0.37,1.396,1.435,0.919,Tag 1,0.5766472058373301
2026-01-21 15:39:28.241,0.45,面罩把手,0.24,0.83,0.0,-0.078,0.997,0.258,Tag 1,0.4422408845866696
2026-01-21 15:39:28.291,0.45,面罩把手,0.24,0.83,0.0,-0.078,0.997,0.258,Tag 1,0.4422408845866696
2026-01-21 15:39:29.992,0.6,锤子,0.24,0.17,0.0,0.701,-0.025,0.217,Tag 0,0.5455593459927159
2026-01-21 15:39:30.042,0.6,锤子,0.24,0.17,0.0,0.701,-0.025,0.217,Tag 0,0.5455593459927159
2026-01-21 15:39:30.091,0.6,锤子,0.24,0.17,0.0,0.703,-0.086,0.161,Tag 0,0.5530153704916347
2026-01-21 15:39:30.142,0.6,锤子,0.24,0.17,0.0,0.703,-0.086,0.161,Tag 0,0.5530153704916347
2026-01-21 15:39:30.191,0.6,锤子,0.24,0.17,0.0,0.695,-0.183,0.061,Tag 0,0.579098437228076
2026-01-21 15:39:30.240,0.6,锤子,0.24,0.17,0.0,0.695,-0.183,0.061,Tag 0,0.579098437228076
2026-01-21 15:39:31.392,0.6,锤子,0.24,0.17,0.0,0.189,-0.131,0.41,Tag 0,0.5111770730382966
2026-01-21 15:39:31.441,0.6,锤子,0.24,0.17,0.0,0.189,-0.131,0.41,Tag 0,0.5111770730382966
2026-01-21 15:39:31.491,0.6,锤子,0.24,0.17,0.0,0.101,-0.236,0.328,Tag 0,0.5401305397771913
2026-01-21 15:39:31.544,0.6,锤子,0.24,0.17,0.0,0.101,-0.236,0.328,Tag 0,0.5401305397771913
2026-01-21 15:39:31.592,0.6,锤子,0.24,0.17,0.0,0.038,-0.336,0.223,Tag 0,0.588701112619978
2026-01-21 15:39:31.641,0.6,锤子,0.24,0.17,0.0,0.038,-0.336,0.223,Tag 0,0.588701112619978
2026-01-21 15:39:34.392,0.6,锤子,0.24,0.17,0.0,0.404,-0.322,0.119,Tag 0,0.5320911576036572
2026-01-21 15:39:34.441,0.6,锤子,0.24,0.17,0.0,0.404,-0.322,0.119,Tag 0,0.5320911576036572
2026-01-21 15:39:34.492,0.6,锤子,0.24,0.17,0.0,0.426,-0.223,0.016,Tag 0,0.4350873475521898
2026-01-21 15:39:34.542,0.6,锤子,0.24,0.17,0.0,0.426,-0.223,0.016,Tag 0,0.4350873475521898
2026-01-21 15:39:34.591,0.6,锤子,0.24,0.17,0.0,0.44,-0.125,-0.082,Tag 0,0.36571710378378536
2026-01-21 15:39:34.642,0.6,锤子,0.24,0.17,0.0,0.44,-0.125,-0.082,Tag 0,0.36571710378378536
2026-01-21 15:39:34.691,0.6,锤子,0.24,0.17,0.0,0.448,-0.029,-0.179,Tag 0,0.33897787538422036
2026-01-21 15:39:34.741,0.6,锤子,0.24,0.17,0.0,0.448,-0.029,-0.179,Tag 0,0.33897787538422036
2026-01-21 15:39:34.793,0.6,锤子,0.24,0.17,0.0,0.475,-0.064,-0.185,Tag 0,0.37974465104856975
2026-01-21 15:39:34.841,0.6,锤子,0.24,0.17,0.0,0.475,-0.064,-0.185,Tag 0,0.37974465104856975
2026-01-21 15:39:34.892,0.6,锤子,0.24,0.17,0.0,0.503,0.014,-0.394,Tag 0,0.4987394109151592
2026-01-21 15:39:34.942,0.6,锤子,0.24,0.17,0.0,0.503,0.014,-0.394,Tag 0,0.4987394109151592
2026-01-21 15:39:35.290,0.6,锤子,0.24,0.17,0.0,0.593,0.165,-0.403,Tag 0,0.5357639405559131
2026-01-21 15:39:35.341,0.6,锤子,0.24,0.17,0.0,0.593,0.165,-0.403,Tag 0,0.5357639405559131
2026-01-21 15:39:35.392,0.6,锤子,0.24,0.17,0.0,0.609,0.133,-0.215,Tag 0,0.42866653706581764
2026-01-21 15:39:35.442,0.6,锤子,0.24,0.17,0.0,0.609,0.133,-0.215,Tag 0,0.42866653706581764
2026-01-21 15:39:35.492,0.6,锤子,0.24,0.17,0.0,0.637,0.069,-0.019,Tag 0,0.41008657622506983
2026-01-21 15:39:35.541,0.6,锤子,0.24,0.17,0.0,0.637,0.069,-0.019,Tag 0,0.41008657622506983
2026-01-21 15:39:35.592,0.6,锤子,0.24,0.17,0.0,0.659,-0.032,0.155,Tag 0,0.4902958290664933
2026-01-21 15:39:35.641,0.6,锤子,0.24,0.17,0.0,0.659,-0.032,0.155,Tag 0,0.4902958290664933
2026-01-21 15:39:37.890,0.6,锤子,0.24,0.17,0.0,0.347,0.007,0.546,Tag 0,0.5797706443068673
2026-01-21 15:39:37.942,0.6,锤子,0.24,0.17,0.0,0.347,0.007,0.546,Tag 0,0.5797706443068673
2026-01-21 15:39:37.990,0.6,锤子,0.24,0.17,0.0,0.345,-0.155,0.434,Tag 0,0.5522734829774104
2026-01-21 15:39:38.041,0.6,锤子,0.24,0.17,0.0,0.345,-0.155,0.434,Tag 0,0.5522734829774104
2026-01-21 15:39:38.092,0.6,锤子,0.24,0.17,0.0,0.33,-0.295,0.322,Tag 0,0.5727206998179828
2026-01-21 15:39:38.141,0.6,锤子,0.24,0.17,0.0,0.33,-0.295,0.322,Tag 0,0.5727206998179828
2026-01-21 15:39:38.341,0.2,待焊钢板,0.81,0.46,0.0,0.8,0.57,0.111,Tag 1,0.15659182609574482
2026-01-21 15:39:38.392,0.2,待焊钢板,0.81,0.46,0.0,0.8,0.57,0.111,Tag 1,0.15659182609574482
2026-01-21 15:39:38.441,0.2,待焊钢板,0.81,0.46,0.0,0.777,0.578,0.029,Tag 1,0.12591266814741076
2026-01-21 15:39:38.492,0.2,待焊钢板,0.81,0.46,0.0,0.777,0.578,0.029,Tag 1,0.12591266814741076
2026-01-21 15:39:38.543,0.2,待焊钢板,0.81,0.46,0.0,0.76,0.58,-0.048,Tag 1,0.13857849761056004
2026-01-21 15:39:38.591,0.2,待焊钢板,0.81,0.46,0.0,0.76,0.58,-0.048,Tag 1,0.13857849761056004
2026-01-21 15:39:38.642,0.2,待焊钢板,0.81,0.46,0.0,0.748,0.577,-0.109,Tag 1,0.17150510196492696
2026-01-21 15:39:38.691,0.2,待焊钢板,0.81,0.46,0.0,0.748,0.577,-0.109,Tag 1,0.17150510196492696
2026-01-21 15:39:38.941,0.2,待焊钢板,0.81,0.46,0.0,0.744,0.554,-0.156,Tag 1,0.19372144950934064
2026-01-21 15:39:38.991,0.2,待焊钢板,0.81,0.46,0.0,0.744,0.554,-0.156,Tag 1,0.19372144950934064
2026-01-21 15:39:39.041,0.2,待焊钢板,0.81,0.46,0.0,0.751,0.545,-0.152,Tag 1,0.18387495751189178
2026-01-21 15:39:39.091,0.2,待焊钢板,0.81,0.46,0.0,0.751,0.545,-0.152,Tag 1,0.18387495751189178
2026-01-21 15:39:39.142,0.2,待焊钢板,0.81,0.46,0.0,0.763,0.535,-0.157,Tag 1,0.1802304080892012
2026-01-21 15:39:39.190,0.2,待焊钢板,0.81,0.46,0.0,0.763,0.535,-0.157,Tag 1,0.1802304080892012
2026-01-21 15:39:39.241,0.2,待焊钢板,0.81,0.46,0.0,0.78,0.524,-0.181,Tag 1,0.19431160541768985
2026-01-21 15:39:39.292,0.2,待焊钢板,0.81,0.46,0.0,0.78,0.524,-0.181,Tag 1,0.19431160541768985
2026-01-21 15:39:39.391,0.2,待焊钢板,0.81,0.46,0.0,0.78,0.524,-0.181,Tag 1,0.19431160541768985
2026-01-21 15:39:52.341,0.75,焊把钳下端,3.02,1.15,1.56,2.853,0.821,0.927,Tag 1,0.7326793295842322
2026-01-21 15:39:52.391,0.75,焊把钳下端,3.02,1.15,1.56,2.853,0.821,0.927,Tag 1,0.7326793295842322
2026-01-21 15:39:52.441,0.75,焊把钳下端,3.02,1.15,1.56,2.855,0.934,0.905,Tag 1,0.7091586564373307
2026-01-21 15:39:52.490,0.75,焊把钳下端,3.02,1.15,1.56,2.855,0.934,0.905,Tag 1,0.7091586564373307
2026-01-21 15:39:52.540,0.75,焊把钳下端,3.02,1.15,1.56,2.85,1.049,0.889,Tag 1,0.6995298421082549
2026-01-21 15:39:52.591,0.75,焊把钳下端,3.02,1.15,1.56,2.85,1.049,0.889,Tag 1,0.6995298421082549
2026-01-21 15:39:52.640,0.75,焊把钳下端,3.02,1.15,1.56,2.828,1.167,0.879,Tag 1,0.7077527816971122
2026-01-21 15:39:52.690,0.75,焊把钳下端,3.02,1.15,1.56,2.828,1.167,0.879,Tag 1,0.7077527816971122
2026-01-21 15:39:52.739,0.75,焊把钳下端,3.02,1.15,1.56,2.778,1.293,0.874,Tag 1,0.7413561896956146
2026-01-21 15:39:52.791,0.75,焊把钳下端,3.02,1.15,1.56,2.778,1.293,0.874,Tag 1,0.7413561896956146
2026-01-21 15:39:54.442,0.5,焊机电源,1.45,2.1,0.39,1.669,2.455,0.581,Tag 1,0.4587668253045331
2026-01-21 15:39:54.490,0.5,焊机电源,1.45,2.1,0.39,1.669,2.455,0.581,Tag 1,0.4587668253045331
2026-01-21 15:39:54.541,0.5,焊机电源,1.45,2.1,0.39,1.58,2.478,0.499,Tag 1,0.41432475185535333
2026-01-21 15:39:54.590,0.5,焊机电源,1.45,2.1,0.39,1.58,2.478,0.499,Tag 1,0.41432475185535333
2026-01-21 15:39:54.641,0.5,焊机电源,1.45,2.1,0.39,1.508,2.486,0.41,Tag 1,0.39084523791393455
2026-01-21 15:39:54.690,0.5,焊机电源,1.45,2.1,0.39,1.508,2.486,0.41,Tag 1,0.39084523791393455
2026-01-21 15:39:54.741,0.5,焊机电源,1.45,2.1,0.39,1.459,2.478,0.377,Tag 1,0.37833054330836163
2026-01-21 15:39:54.790,0.5,焊机电源,1.45,2.1,0.39,1.459,2.478,0.377,Tag 1,0.37833054330836163
2026-01-21 15:39:54.842,0.5,焊机电源,1.45,2.1,0.39,1.417,2.468,0.338,Tag 1,0.3731179438193772
2026-01-21 15:39:54.890,0.5,焊机电源,1.45,2.1,0.39,1.417,2.468,0.338,Tag 1,0.3731179438193772
2026-01-21 15:39:54.940,0.5,焊机电源,1.45,2.1,0.39,1.376,2.466,0.273,Tag 1,0.39130678501656485
2026-01-21 15:39:54.989,0.5,焊机电源,1.45,2.1,0.39,1.376,2.466,0.273,Tag 1,0.39130678501656485
2026-01-21 15:39:55.041,0.5,焊机电源,1.45,2.1,0.39,1.339,2.472,0.23,Tag 1,0.41988688953097825
2026-01-21 15:39:55.090,0.5,焊机电源,1.45,2.1,0.39,1.339,2.472,0.23,Tag 1,0.41988688953097825
2026-01-21 15:39:55.142,0.5,焊机电源,1.45,2.1,0.39,1.303,2.489,0.177,Tag 1,0.4672247853014648
2026-01-21 15:39:55.190,0.5,焊机电源,1.45,2.1,0.39,1.303,2.489,0.177,Tag 1,0.4672247853014648
2026-01-21 15:39:56.641,0.5,焊机电源,1.45,2.1,0.39,1.18,2.484,0.227,Tag 1,0.4969154857719771
2026-01-21 15:39:56.690,0.5,焊机电源,1.45,2.1,0.39,1.18,2.484,0.227,Tag 1,0.4969154857719771
2026-01-21 15:39:56.740,0.5,焊机电源,1.45,2.1,0.39,1.201,2.464,0.332,Tag 1,0.4448156921692398
2026-01-21 15:39:56.790,0.5,焊机电源,1.45,2.1,0.39,1.201,2.464,0.332,Tag 1,0.4448156921692398
2026-01-21 15:39:56.841,0.5,焊机电源,1.45,2.1,0.39,1.218,2.432,0.437,Tag 1,0.40774624461789943
2026-01-21 15:39:56.890,0.5,焊机电源,1.45,2.1,0.39,1.218,2.432,0.437,Tag 1,0.40774624461789943
2026-01-21 15:39:56.942,0.5,焊机电源,1.45,2.1,0.39,1.25,2.437,0.348,Tag 1,0.39412307722334633
2026-01-21 15:39:56.990,0.5,焊机电源,1.45,2.1,0.39,1.25,2.437,0.348,Tag 1,0.39412307722334633
2026-01-21 15:39:57.041,0.5,焊机电源,1.45,2.1,0.39,1.254,2.412,0.424,Tag 1,0.370021620989909
2026-01-21 15:39:57.091,0.5,焊机电源,1.45,2.1,0.39,1.254,2.412,0.424,Tag 1,0.370021620989909
2026-01-21 15:39:57.140,0.5,焊机电源,1.45,2.1,0.39,1.253,2.4,0.478,Tag 1,0.36953078356207336
2026-01-21 15:39:57.190,0.5,焊机电源,1.45,2.1,0.39,1.253,2.4,0.478,Tag 1,0.36953078356207336
2026-01-21 15:39:57.242,0.5,焊机电源,1.45,2.1,0.39,1.252,2.397,0.481,Tag 1,0.36836666515850724
2026-01-21 15:39:57.289,0.5,焊机电源,1.45,2.1,0.39,1.252,2.397,0.481,Tag 1,0.36836666515850724
2026-01-21 15:39:57.341,0.5,焊机电源,1.45,2.1,0.39,1.242,2.413,0.375,Tag 1,0.3761090267462346
2026-01-21 15:39:57.390,0.5,焊机电源,1.45,2.1,0.39,1.242,2.413,0.375,Tag 1,0.3761090267462346
2026-01-21 15:39:57.441,0.5,焊机电源,1.45,2.1,0.39,1.231,2.441,0.271,Tag 1,0.42237779297685596
2026-01-21 15:39:57.490,0.5,焊机电源,1.45,2.1,0.39,1.231,2.441,0.271,Tag 1,0.42237779297685596
2026-01-21 15:39:58.742,0.5,焊机电源,1.45,2.1,0.39,1.2,2.463,0.156,Tag 1,0.49902404751675045
2026-01-21 15:39:58.790,0.5,焊机电源,1.45,2.1,0.39,1.2,2.463,0.156,Tag 1,0.49902404751675045
2026-01-21 15:39:58.841,0.5,焊机电源,1.45,2.1,0.39,1.187,2.45,0.156,Tag 1,0.4964121271685453
2026-01-21 15:39:58.890,0.5,焊机电源,1.45,2.1,0.39,1.187,2.45,0.156,Tag 1,0.4964121271685453
2026-01-21 15:39:58.942,0.5,焊机电源,1.45,2.1,0.39,1.175,2.438,0.156,Tag 1,0.4945957945636012
2026-01-21 15:39:58.990,0.5,焊机电源,1.45,2.1,0.39,1.175,2.438,0.156,Tag 1,0.4945957945636012
2026-01-21 15:39:59.040,0.5,焊机电源,1.45,2.1,0.39,1.163,2.429,0.156,Tag 1,0.49534432468738326
2026-01-21 15:39:59.089,0.5,焊机电源,1.45,2.1,0.39,1.163,2.429,0.156,Tag 1,0.49534432468738326
2026-01-21 15:39:59.141,0.5,焊机电源,1.45,2.1,0.39,1.149,2.423,0.156,Tag 1,0.499685901342033
2026-01-21 15:39:59.189,0.5,焊机电源,1.45,2.1,0.39,1.149,2.423,0.156,Tag 1,0.499685901342033
2026-01-21 15:40:00.040,0.5,焊机电源,1.45,2.1,0.39,1.258,2.505,0.587,Tag 1,0.48958962407305956
2026-01-21 15:40:00.091,0.5,焊机电源,1.45,2.1,0.39,1.258,2.505,0.587,Tag 1,0.48958962407305956
2026-01-21 15:40:00.140,0.5,焊机电源,1.45,2.1,0.39,1.297,2.475,0.62,Tag 1,0.465761741666273
2026-01-21 15:40:00.241,0.5,焊机电源,1.45,2.1,0.39,1.319,2.447,0.643,Tag 1,0.4489755004451802
2026-01-21 15:40:00.290,0.5,焊机电源,1.45,2.1,0.39,1.319,2.447,0.643,Tag 1,0.4489755004451802
2026-01-21 15:40:00.339,0.5,焊机电源,1.45,2.1,0.39,1.31,2.422,0.665,Tag 1,0.44599215239732637
2026-01-21 15:40:00.392,0.5,焊机电源,1.45,2.1,0.39,1.31,2.422,0.665,Tag 1,0.44599215239732637
2026-01-21 15:40:00.440,0.5,焊机电源,1.45,2.1,0.39,1.27,2.426,0.582,Tag 1,0.4189749395846964
2026-01-21 15:40:00.489,0.5,焊机电源,1.45,2.1,0.39,1.27,2.426,0.582,Tag 1,0.4189749395846964
2026-01-21 15:40:00.540,0.5,焊机电源,1.45,2.1,0.39,1.215,2.434,0.474,Tag 1,0.4169376452180829
2026-01-21 15:40:00.590,0.5,焊机电源,1.45,2.1,0.39,1.215,2.434,0.474,Tag 1,0.4169376452180829
2026-01-21 15:40:00.641,0.5,焊机电源,1.45,2.1,0.39,1.165,2.437,0.433,Tag 1,0.443444472284862
2026-01-21 15:40:00.689,0.5,焊机电源,1.45,2.1,0.39,1.165,2.437,0.433,Tag 1,0.443444472284862
2026-01-21 15:40:02.140,0.5,焊机电源,1.45,2.1,0.39,1.43,2.406,-0.0,Tag 1,0.4961209529943278
2026-01-21 15:40:02.190,0.5,焊机电源,1.45,2.1,0.39,1.43,2.406,-0.0,Tag 1,0.4961209529943278
2026-01-21 15:40:02.241,0.5,焊机电源,1.45,2.1,0.39,1.49,2.343,0.113,Tag 1,0.37064538308199657
2026-01-21 15:40:02.290,0.5,焊机电源,1.45,2.1,0.39,1.49,2.343,0.113,Tag 1,0.37064538308199657
2026-01-21 15:40:02.340,0.5,焊机电源,1.45,2.1,0.39,1.507,2.327,0.133,Tag 1,0.3476017836548022
2026-01-21 15:40:02.389,0.5,焊机电源,1.45,2.1,0.39,1.507,2.327,0.133,Tag 1,0.3476017836548022
2026-01-21 15:40:02.442,0.5,焊机电源,1.45,2.1,0.39,1.526,2.309,0.169,Tag 1,0.3135251186109337
2026-01-21 15:40:02.489,0.5,焊机电源,1.45,2.1,0.39,1.526,2.309,0.169,Tag 1,0.3135251186109337
2026-01-21 15:40:02.540,0.5,焊机电源,1.45,2.1,0.39,1.541,2.291,0.203,Tag 1,0.28236678274896276
2026-01-21 15:40:02.591,0.5,焊机电源,1.45,2.1,0.39,1.541,2.291,0.203,Tag 1,0.28236678274896276
2026-01-21 15:40:02.641,0.5,焊机电源,1.45,2.1,0.39,1.557,2.276,0.243,Tag 1,0.25304940229133105
2026-01-21 15:40:02.690,0.5,焊机电源,1.45,2.1,0.39,1.557,2.276,0.243,Tag 1,0.25304940229133105
2026-01-21 15:40:02.741,0.5,焊机电源,1.45,2.1,0.39,1.578,2.262,0.295,Tag 1,0.22727296363624075
2026-01-21 15:40:02.790,0.5,焊机电源,1.45,2.1,0.39,1.578,2.262,0.295,Tag 1,0.22727296363624075
2026-01-21 15:40:02.840,0.5,焊机电源,1.45,2.1,0.39,1.559,2.296,0.24,Tag 1,0.26980919183749075
2026-01-21 15:40:02.890,0.5,焊机电源,1.45,2.1,0.39,1.559,2.296,0.24,Tag 1,0.26980919183749075
2026-01-21 15:40:02.941,0.5,焊机电源,1.45,2.1,0.39,1.578,2.289,0.265,Tag 1,0.2602498799231232
2026-01-21 15:40:02.990,0.5,焊机电源,1.45,2.1,0.39,1.578,2.289,0.265,Tag 1,0.2602498799231232
2026-01-21 15:40:03.041,0.5,焊机电源,1.45,2.1,0.39,1.597,2.287,0.286,Tag 1,0.2596035438895239
2026-01-21 15:40:03.091,0.5,焊机电源,1.45,2.1,0.39,1.597,2.287,0.286,Tag 1,0.2596035438895239
2026-01-21 15:40:03.142,0.5,焊机电源,1.45,2.1,0.39,1.618,2.291,0.318,Tag 1,0.2643652775990069
2026-01-21 15:40:03.190,0.5,焊机电源,1.45,2.1,0.39,1.618,2.291,0.318,Tag 1,0.2643652775990069
2026-01-21 15:40:03.240,0.5,焊机电源,1.45,2.1,0.39,1.631,2.306,0.317,Tag 1,0.2837710344626456
2026-01-21 15:40:03.290,0.5,焊机电源,1.45,2.1,0.39,1.631,2.306,0.317,Tag 1,0.2837710344626456
2026-01-21 15:40:03.341,0.5,焊机电源,1.45,2.1,0.39,1.635,2.333,0.265,Tag 1,0.322705748321904
2026-01-21 15:40:03.441,0.5,焊机电源,1.45,2.1,0.39,1.638,2.364,0.207,Tag 1,0.3721948414473256
2026-01-21 15:40:03.489,0.5,焊机电源,1.45,2.1,0.39,1.638,2.364,0.207,Tag 1,0.3721948414473256
2026-01-21 15:40:03.540,0.5,焊机电源,1.45,2.1,0.39,1.634,2.338,0.376,Tag 1,0.30115776596329036
2026-01-21 15:40:03.590,0.5,焊机电源,1.45,2.1,0.39,1.634,2.338,0.376,Tag 1,0.30115776596329036
2026-01-21 15:40:03.640,0.5,焊机电源,1.45,2.1,0.39,1.63,2.372,0.318,Tag 1,0.33401796358878644
2026-01-21 15:40:03.690,0.5,焊机电源,1.45,2.1,0.39,1.63,2.372,0.318,Tag 1,0.33401796358878644
2026-01-21 15:40:03.740,0.5,焊机电源,1.45,2.1,0.39,1.626,2.403,0.252,Tag 1,0.37660191183795116
2026-01-21 15:40:03.790,0.5,焊机电源,1.45,2.1,0.39,1.626,2.403,0.252,Tag 1,0.37660191183795116
2026-01-21 15:40:03.841,0.5,焊机电源,1.45,2.1,0.39,1.628,2.422,0.213,Tag 1,0.408285439368097
2026-01-21 15:40:03.889,0.5,焊机电源,1.45,2.1,0.39,1.628,2.422,0.213,Tag 1,0.408285439368097
2026-01-21 15:40:03.940,0.5,焊机电源,1.45,2.1,0.39,1.634,2.431,0.213,Tag 1,0.41802631496115167
2026-01-21 15:40:03.990,0.5,焊机电源,1.45,2.1,0.39,1.634,2.431,0.213,Tag 1,0.41802631496115167
2026-01-21 15:40:04.042,0.5,焊机电源,1.45,2.1,0.39,1.641,2.431,0.213,Tag 1,0.42115436599897665
2026-01-21 15:40:04.090,0.5,焊机电源,1.45,2.1,0.39,1.641,2.431,0.213,Tag 1,0.42115436599897665
2026-01-21 15:40:04.540,0.5,焊机电源,1.45,2.1,0.39,1.732,2.448,0.222,Tag 1,0.47838478236666343
2026-01-21 15:40:04.590,0.5,焊机电源,1.45,2.1,0.39,1.732,2.448,0.222,Tag 1,0.47838478236666343
2026-01-21 15:40:04.641,0.5,焊机电源,1.45,2.1,0.39,1.786,2.439,0.341,Tag 1,0.4798103792124552
2026-01-21 15:40:04.690,0.5,焊机电源,1.45,2.1,0.39,1.786,2.439,0.341,Tag 1,0.4798103792124552
2026-01-21 15:40:07.290,0.25,墙壁电源,2.44,2.57,0.97,2.372,2.398,0.849,Tag 0,0.22101809880640977
2026-01-21 15:40:07.340,0.25,墙壁电源,2.44,2.57,0.97,2.372,2.398,0.849,Tag 0,0.22101809880640977
2026-01-21 15:40:07.390,0.25,墙壁电源,2.44,2.57,0.97,2.369,2.443,0.84,Tag 0,0.19511535049810896
2026-01-21 15:40:07.440,0.25,墙壁电源,2.44,2.57,0.97,2.369,2.443,0.84,Tag 0,0.19511535049810896
2026-01-21 15:40:07.490,0.25,墙壁电源,2.44,2.57,0.97,2.366,2.479,0.834,Tag 0,0.17959120245713578
2026-01-21 15:40:07.539,0.25,墙壁电源,2.44,2.57,0.97,2.366,2.479,0.834,Tag 0,0.17959120245713578
2026-01-21 15:40:07.590,0.25,墙壁电源,2.44,2.57,0.97,2.365,2.506,0.829,Tag 0,0.17205231762461082
2026-01-21 15:40:07.639,0.25,墙壁电源,2.44,2.57,0.97,2.365,2.506,0.829,Tag 0,0.17205231762461082
2026-01-21 15:40:07.691,0.25,墙壁电源,2.44,2.57,0.97,2.364,2.532,0.82,Tag 0,0.17239489551607962
2026-01-21 15:40:07.739,0.25,墙壁电源,2.44,2.57,0.97,2.364,2.532,0.82,Tag 0,0.17239489551607962
2026-01-21 15:40:07.790,0.25,墙壁电源,2.44,2.57,0.97,2.379,2.535,0.818,Tag 0,0.1674813422444422
2026-01-21 15:40:07.841,0.25,墙壁电源,2.44,2.57,0.97,2.379,2.535,0.818,Tag 0,0.1674813422444422
2026-01-21 15:40:07.890,0.25,墙壁电源,2.44,2.57,0.97,2.386,2.545,0.809,Tag 0,0.17164498244924015
2026-01-21 15:40:07.940,0.25,墙壁电源,2.44,2.57,0.97,2.386,2.545,0.809,Tag 0,0.17164498244924015
2026-01-21 15:40:07.990,0.25,墙壁电源,2.44,2.57,0.97,2.39,2.556,0.792,Tag 0,0.1854184456843492
2026-01-21 15:40:08.040,0.25,墙壁电源,2.44,2.57,0.97,2.39,2.556,0.792,Tag 0,0.1854184456843492
2026-01-21 15:40:08.090,0.25,墙壁电源,2.44,2.57,0.97,2.388,2.452,0.975,Tag 0,0.12904650324592284
2026-01-21 15:40:08.141,0.25,墙壁电源,2.44,2.57,0.97,2.388,2.452,0.975,Tag 0,0.12904650324592284
2026-01-21 15:40:08.191,0.25,墙壁电源,2.44,2.57,0.97,2.38,2.472,0.946,Tag 0,0.11738824472663342
2026-01-21 15:40:08.240,0.25,墙壁电源,2.44,2.57,0.97,2.38,2.472,0.946,Tag 0,0.11738824472663342
2026-01-21 15:40:08.240,0.25,墙壁电源,2.44,2.57,0.97,2.514,2.785,1.058,Tag 1,0.2438134532793466
2026-01-21 15:40:08.290,0.25,墙壁电源,2.44,2.57,0.97,2.369,2.49,0.917,Tag 0,0.11937336386313278
2026-01-21 15:40:08.290,0.25,墙壁电源,2.44,2.57,0.97,2.514,2.785,1.058,Tag 1,0.2438134532793466
2026-01-21 15:40:08.340,0.25,墙壁电源,2.44,2.57,0.97,2.369,2.49,0.917,Tag 0,0.11937336386313278
2026-01-21 15:40:08.340,0.25,墙壁电源,2.44,2.57,0.97,2.553,2.718,1.106,Tag 1,0.23058404107830202
2026-01-21 15:40:08.391,0.25,墙壁电源,2.44,2.57,0.97,2.359,2.502,0.896,Tag 0,0.12907749610214786
2026-01-21 15:40:08.391,0.25,墙壁电源,2.44,2.57,0.97,2.553,2.718,1.106,Tag 1,0.23058404107830202
2026-01-21 15:40:08.440,0.25,墙壁电源,2.44,2.57,0.97,2.359,2.502,0.896,Tag 0,0.12907749610214786
2026-01-21 15:40:08.440,0.25,墙壁电源,2.44,2.57,0.97,2.581,2.664,1.14,Tag 1,0.24003541405384338
2026-01-21 15:40:08.490,0.25,墙壁电源,2.44,2.57,0.97,2.354,2.507,0.879,Tag 0,0.14016418943510475
2026-01-21 15:40:08.490,0.25,墙壁电源,2.44,2.57,0.97,2.581,2.664,1.14,Tag 1,0.24003541405384338
2026-01-21 15:40:08.541,0.25,墙壁电源,2.44,2.57,0.97,2.354,2.507,0.879,Tag 0,0.14016418943510475
2026-01-21 15:40:08.590,0.25,墙壁电源,2.44,2.57,0.97,2.351,2.509,0.865,Tag 0,0.15055563755635318
2026-01-21 15:40:08.641,0.25,墙壁电源,2.44,2.57,0.97,2.351,2.509,0.865,Tag 0,0.15055563755635318
2026-01-21 15:40:09.139,0.25,墙壁电源,2.44,2.57,0.97,2.6,2.542,1.159,Tag 1,0.24920874784003885
2026-01-21 15:40:09.190,0.25,墙壁电源,2.44,2.57,0.97,2.6,2.542,1.159,Tag 1,0.24920874784003885
2026-01-21 15:40:09.241,0.25,墙壁电源,2.44,2.57,0.97,2.601,2.533,1.151,Tag 1,0.24505305547982872
2026-01-21 15:40:09.291,0.25,墙壁电源,2.44,2.57,0.97,2.601,2.533,1.151,Tag 1,0.24505305547982872
2026-01-21 15:40:09.340,0.25,墙壁电源,2.44,2.57,0.97,2.607,2.525,1.142,Tag 1,0.24392211871825
2026-01-21 15:40:09.391,0.25,墙壁电源,2.44,2.57,0.97,2.607,2.525,1.142,Tag 1,0.24392211871825
2026-01-21 15:40:09.440,0.25,墙壁电源,2.44,2.57,0.97,2.616,2.517,1.133,Tag 1,0.245670511050879
2026-01-21 15:40:09.490,0.25,墙壁电源,2.44,2.57,0.97,2.616,2.517,1.133,Tag 1,0.245670511050879
2026-01-21 15:40:09.539,0.25,墙壁电源,2.44,2.57,0.97,2.625,2.512,1.123,Tag 1,0.2469777317897304
2026-01-21 15:40:09.590,0.25,墙壁电源,2.44,2.57,0.97,2.625,2.512,1.123,Tag 1,0.2469777317897304
2026-01-21 15:40:09.641,0.25,墙壁电源,2.44,2.57,0.97,2.634,2.505,1.113,Tag 1,0.24961971076018813
2026-01-21 15:40:09.691,0.25,墙壁电源,2.44,2.57,0.97,2.634,2.505,1.113,Tag 1,0.24961971076018813
2026-01-21 15:40:09.990,0.25,墙壁电源,2.44,2.57,0.97,2.438,2.632,0.737,Tag 0,0.24111615458114793
2026-01-21 15:40:10.041,0.25,墙壁电源,2.44,2.57,0.97,2.438,2.632,0.737,Tag 0,0.24111615458114793
2026-01-21 15:40:10.041,0.25,墙壁电源,2.44,2.57,0.97,2.655,2.504,1.064,Tag 1,0.24375602556654868
2026-01-21 15:40:10.091,0.25,墙壁电源,2.44,2.57,0.97,2.436,2.631,0.738,Tag 0,0.23991873624208673
2026-01-21 15:40:10.091,0.25,墙壁电源,2.44,2.57,0.97,2.655,2.504,1.064,Tag 1,0.24375602556654868
2026-01-21 15:40:10.140,0.25,墙壁电源,2.44,2.57,0.97,2.436,2.631,0.738,Tag 0,0.23991873624208673
2026-01-21 15:40:10.140,0.25,墙壁电源,2.44,2.57,0.97,2.644,2.527,1.047,Tag 1,0.22224760966093662
2026-01-21 15:40:10.190,0.25,墙壁电源,2.44,2.57,0.97,2.644,2.527,1.047,Tag 1,0.22224760966093662
2026-01-21 15:40:10.240,0.25,墙壁电源,2.44,2.57,0.97,2.634,2.561,1.031,Tag 1,0.203563257981395
2026-01-21 15:40:10.290,0.25,墙壁电源,2.44,2.57,0.97,2.634,2.561,1.031,Tag 1,0.203563257981395
2026-01-21 15:40:10.340,0.25,墙壁电源,2.44,2.57,0.97,2.606,2.608,1.005,Tag 1,0.17385338650713705
2026-01-21 15:40:10.391,0.25,墙壁电源,2.44,2.57,0.97,2.606,2.608,1.005,Tag 1,0.17385338650713705
2026-01-21 15:40:10.441,0.25,墙壁电源,2.44,2.57,0.97,2.567,2.659,0.966,Tag 1,0.15513220168617492
2026-01-21 15:40:10.490,0.25,墙壁电源,2.44,2.57,0.97,2.567,2.659,0.966,Tag 1,0.15513220168617492
2026-01-21 15:40:10.541,0.25,墙壁电源,2.44,2.57,0.97,2.508,2.718,0.91,Tag 1,0.17357419162997717
2026-01-21 15:40:10.590,0.25,墙壁电源,2.44,2.57,0.97,2.508,2.718,0.91,Tag 1,0.17357419162997717
2026-01-21 15:40:26.341,0.4,钢刷,0.24,0.46,0.0,0.301,0.526,0.319,Tag 1,0.331418164861252
2026-01-21 15:40:26.389,0.4,钢刷,0.24,0.46,0.0,0.301,0.526,0.319,Tag 1,0.331418164861252
2026-01-21 15:40:26.439,0.4,钢刷,0.24,0.46,0.0,0.321,0.498,0.167,Tag 1,0.18945711915892738
2026-01-21 15:40:26.490,0.4,钢刷,0.24,0.46,0.0,0.321,0.498,0.167,Tag 1,0.18945711915892738
2026-01-21 15:40:26.540,0.4,钢刷,0.24,0.46,0.0,0.34,0.46,0.154,Tag 1,0.18361917111238688
2026-01-21 15:40:26.590,0.4,钢刷,0.24,0.46,0.0,0.34,0.46,0.154,Tag 1,0.18361917111238688
2026-01-21 15:40:26.641,0.4,钢刷,0.24,0.46,0.0,0.353,0.363,0.174,Tag 1,0.22902838252059504
2026-01-21 15:40:26.690,0.4,钢刷,0.24,0.46,0.0,0.353,0.363,0.174,Tag 1,0.22902838252059504
2026-01-21 15:40:26.741,0.6,锤子,0.24,0.17,0.0,0.362,0.281,0.2,Tag 1,0.2592392717163046
2026-01-21 15:40:26.791,0.6,锤子,0.24,0.17,0.0,0.362,0.281,0.2,Tag 1,0.2592392717163046
2026-01-21 15:40:26.839,0.6,锤子,0.24,0.17,0.0,0.371,0.213,0.233,Tag 1,0.270737880615181
2026-01-21 15:40:26.890,0.6,锤子,0.24,0.17,0.0,0.371,0.213,0.233,Tag 1,0.270737880615181
2026-01-21 15:40:26.940,0.6,锤子,0.24,0.17,0.0,0.383,0.157,0.39,Tag 1,0.41559355144179033
2026-01-21 15:40:26.990,0.6,锤子,0.24,0.17,0.0,0.383,0.157,0.39,Tag 1,0.41559355144179033
2026-01-21 15:40:27.039,0.6,锤子,0.24,0.17,0.0,0.4,0.112,0.545,Tag 1,0.5709544640336915
2026-01-21 15:40:27.090,0.6,锤子,0.24,0.17,0.0,0.4,0.112,0.545,Tag 1,0.5709544640336915
2026-01-21 15:40:27.140,0.6,锤子,0.24,0.17,0.0,0.416,0.091,0.568,Tag 1,0.5998674853665599
2026-01-21 15:40:27.190,0.6,锤子,0.24,0.17,0.0,0.416,0.091,0.568,Tag 1,0.5998674853665599
2026-01-21 15:40:27.239,0.6,锤子,0.24,0.17,0.0,0.436,0.142,0.564,Tag 1,0.5977424194416856
2026-01-21 15:40:27.290,0.6,锤子,0.24,0.17,0.0,0.436,0.142,0.564,Tag 1,0.5977424194416856
2026-01-21 15:40:27.640,0.6,锤子,0.24,0.17,0.0,0.49,0.269,0.536,Tag 1,0.5996640726273337
2026-01-21 15:40:27.690,0.6,锤子,0.24,0.17,0.0,0.49,0.269,0.536,Tag 1,0.5996640726273337
2026-01-21 15:40:27.739,0.6,锤子,0.24,0.17,0.0,0.482,0.248,0.537,Tag 1,0.5941523373681198
2026-01-21 15:40:27.790,0.6,锤子,0.24,0.17,0.0,0.482,0.248,0.537,Tag 1,0.5941523373681198
2026-01-21 15:40:27.839,0.6,锤子,0.24,0.17,0.0,0.448,0.075,0.447,Tag 1,0.5020936167688254
2026-01-21 15:40:27.890,0.6,锤子,0.24,0.17,0.0,0.448,0.075,0.447,Tag 1,0.5020936167688254
2026-01-21 15:40:27.942,0.6,锤子,0.24,0.17,0.0,0.343,-0.139,0.357,Tag 1,0.483258729874588
2026-01-21 15:40:27.990,0.6,锤子,0.24,0.17,0.0,0.343,-0.139,0.357,Tag 1,0.483258729874588
2026-01-21 15:40:28.039,0.6,锤子,0.24,0.17,0.0,0.228,-0.364,0.268,Tag 1,0.5975985274412915
2026-01-21 15:40:28.089,0.6,锤子,0.24,0.17,0.0,0.228,-0.364,0.268,Tag 1,0.5975985274412915
2026-01-21 15:40:28.889,0.6,锤子,0.24,0.17,0.0,0.301,-0.416,-0.021,Tag 0,0.5895404990329333
2026-01-21 15:40:28.938,0.6,锤子,0.24,0.17,0.0,0.301,-0.416,-0.021,Tag 0,0.5895404990329333
2026-01-21 15:40:28.989,0.6,锤子,0.24,0.17,0.0,0.357,-0.4,-0.021,Tag 0,0.5822628272524359
2026-01-21 15:40:29.039,0.6,锤子,0.24,0.17,0.0,0.357,-0.4,-0.021,Tag 0,0.5822628272524359
2026-01-21 15:40:29.090,0.6,锤子,0.24,0.17,0.0,0.401,-0.379,-0.021,Tag 0,0.5725058951661547
2026-01-21 15:40:29.139,0.6,锤子,0.24,0.17,0.0,0.401,-0.379,-0.021,Tag 0,0.5725058951661547
2026-01-21 15:40:29.188,0.6,锤子,0.24,0.17,0.0,0.439,-0.36,-0.021,Tag 0,0.5665174313293458
2026-01-21 15:40:29.240,0.6,锤子,0.24,0.17,0.0,0.439,-0.36,-0.021,Tag 0,0.5665174313293458
2026-01-21 15:40:29.289,0.6,锤子,0.24,0.17,0.0,0.47,-0.345,-0.021,Tag 0,0.564416512869707
2026-01-21 15:40:29.338,0.6,锤子,0.24,0.17,0.0,0.47,-0.345,-0.021,Tag 0,0.564416512869707
2026-01-21 15:40:29.488,0.6,锤子,0.24,0.17,0.0,0.496,-0.364,0.0,Tag 0,0.592192536258268
2026-01-21 15:40:29.540,0.6,锤子,0.24,0.17,0.0,0.496,-0.364,0.0,Tag 0,0.592192536258268
2026-01-21 15:40:29.589,0.6,锤子,0.24,0.17,0.0,0.493,-0.344,-0.04,Tag 0,0.5742865138587184
2026-01-21 15:40:29.640,0.6,锤子,0.24,0.17,0.0,0.493,-0.344,-0.04,Tag 0,0.5742865138587184
2026-01-21 15:40:29.690,0.6,锤子,0.24,0.17,0.0,0.468,-0.352,-0.04,Tag 0,0.5710236422425958
2026-01-21 15:40:29.740,0.6,锤子,0.24,0.17,0.0,0.468,-0.352,-0.04,Tag 0,0.5710236422425958
2026-01-21 15:40:29.790,0.6,锤子,0.24,0.17,0.0,0.435,-0.361,-0.04,Tag 0,0.5670855314676967
2026-01-21 15:40:29.840,0.6,锤子,0.24,0.17,0.0,0.435,-0.361,-0.04,Tag 0,0.5670855314676967
2026-01-21 15:40:29.888,0.6,锤子,0.24,0.17,0.0,0.397,-0.367,-0.04,Tag 0,0.5609081921312971
2026-01-21 15:40:29.939,0.6,锤子,0.24,0.17,0.0,0.397,-0.367,-0.04,Tag 0,0.5609081921312971
2026-01-21 15:40:29.989,0.6,锤子,0.24,0.17,0.0,0.361,-0.366,-0.04,Tag 0,0.5509419207139715
2026-01-21 15:40:30.039,0.6,锤子,0.24,0.17,0.0,0.361,-0.366,-0.04,Tag 0,0.5509419207139715
2026-01-21 15:40:30.090,0.6,锤子,0.24,0.17,0.0,0.279,-0.341,-0.113,Tag 0,0.5247961509005187
2026-01-21 15:40:30.137,0.6,锤子,0.24,0.17,0.0,0.279,-0.341,-0.113,Tag 0,0.5247961509005187
2026-01-21 15:40:30.190,0.6,锤子,0.24,0.17,0.0,0.253,-0.373,-0.073,Tag 0,0.5480392321722962
2026-01-21 15:40:30.239,0.6,锤子,0.24,0.17,0.0,0.253,-0.373,-0.073,Tag 0,0.5480392321722962
2026-01-21 15:40:30.289,0.6,锤子,0.24,0.17,0.0,0.256,-0.376,-0.073,Tag 0,0.551090736630548
2026-01-21 15:40:30.339,0.6,锤子,0.24,0.17,0.0,0.256,-0.376,-0.073,Tag 0,0.551090736630548
2026-01-21 15:40:30.389,0.6,锤子,0.24,0.17,0.0,0.268,-0.358,-0.019,Tag 0,0.5290831692654757
2026-01-21 15:40:30.439,0.6,锤子,0.24,0.17,0.0,0.268,-0.358,-0.019,Tag 0,0.5290831692654757
2026-01-21 15:40:30.489,0.6,锤子,0.24,0.17,0.0,0.287,-0.323,0.05,Tag 0,0.49775295076975684
2026-01-21 15:40:30.538,0.6,锤子,0.24,0.17,0.0,0.287,-0.323,0.05,Tag 0,0.49775295076975684
2026-01-21 15:40:30.590,0.6,锤子,0.24,0.17,0.0,0.311,-0.282,0.125,Tag 0,0.47431002519449234
2026-01-21 15:40:30.638,0.6,锤子,0.24,0.17,0.0,0.311,-0.282,0.125,Tag 0,0.47431002519449234
2026-01-21 15:40:30.687,0.6,锤子,0.24,0.17,0.0,0.39,-0.259,0.277,Tag 0,0.5322311527898381
2026-01-21 15:40:30.738,0.6,锤子,0.24,0.17,0.0,0.39,-0.259,0.277,Tag 0,0.5322311527898381
2026-01-21 15:40:30.788,0.6,锤子,0.24,0.17,0.0,0.429,-0.174,0.36,Tag 0,0.5325945925373257
2026-01-21 15:40:30.839,0.6,锤子,0.24,0.17,0.0,0.429,-0.174,0.36,Tag 0,0.5325945925373257
2026-01-21 15:40:30.889,0.6,锤子,0.24,0.17,0.0,0.461,-0.087,0.447,Tag 0,0.5609803918141881
2026-01-21 15:40:30.940,0.6,锤子,0.24,0.17,0.0,0.461,-0.087,0.447,Tag 0,0.5609803918141881
2026-01-21 15:40:30.988,0.6,锤子,0.24,0.17,0.0,0.492,-0.018,0.486,Tag 0,0.5788298541022223
2026-01-21 15:40:31.038,0.6,锤子,0.24,0.17,0.0,0.492,-0.018,0.486,Tag 0,0.5788298541022223
2026-01-21 15:40:32.989,0.6,锤子,0.24,0.17,0.0,0.569,0.416,0.376,Tag 0,0.5568958610009594
2026-01-21 15:40:33.038,0.6,锤子,0.24,0.17,0.0,0.569,0.416,0.376,Tag 0,0.5568958610009594
2026-01-21 15:40:33.089,0.4,钢刷,0.24,0.46,0.0,0.558,0.352,0.086,Tag 0,0.3466756409094819
2026-01-21 15:40:33.137,0.4,钢刷,0.24,0.46,0.0,0.558,0.352,0.086,Tag 0,0.3466756409094819
2026-01-21 15:40:33.190,0.6,锤子,0.24,0.17,0.0,0.534,0.269,0.036,Tag 0,0.31230273774016143
2026-01-21 15:40:33.239,0.6,锤子,0.24,0.17,0.0,0.534,0.269,0.036,Tag 0,0.31230273774016143
2026-01-21 15:40:33.290,0.6,锤子,0.24,0.17,0.0,0.503,0.228,-0.235,Tag 0,0.35743251111223784
2026-01-21 15:40:33.338,0.6,锤子,0.24,0.17,0.0,0.503,0.228,-0.235,Tag 0,0.35743251111223784
2026-01-21 15:40:33.389,0.6,锤子,0.24,0.17,0.0,0.469,0.163,-0.492,Tag 0,0.5427282929790928
2026-01-21 15:40:33.437,0.6,锤子,0.24,0.17,0.0,0.469,0.163,-0.492,Tag 0,0.5427282929790928
2026-01-21 15:40:33.489,0.6,锤子,0.24,0.17,0.0,0.435,0.078,-0.411,Tag 0,0.4641228285701965
2026-01-21 15:40:33.538,0.6,锤子,0.24,0.17,0.0,0.435,0.078,-0.411,Tag 0,0.4641228285701965
2026-01-21 15:40:33.590,0.6,锤子,0.24,0.17,0.0,0.403,-0.032,-0.27,Tag 0,0.37453037260014044
2026-01-21 15:40:33.639,0.6,锤子,0.24,0.17,0.0,0.403,-0.032,-0.27,Tag 0,0.37453037260014044
2026-01-21 15:40:33.691,0.6,锤子,0.24,0.17,0.0,0.357,-0.092,-0.142,Tag 0,0.32015152662450325
2026-01-21 15:40:33.739,0.6,锤子,0.24,0.17,0.0,0.357,-0.092,-0.142,Tag 0,0.32015152662450325
2026-01-21 15:40:33.789,0.6,锤子,0.24,0.17,0.0,0.289,-0.141,-0.261,Tag 0,0.4089535425937768
2026-01-21 15:40:33.839,0.6,锤子,0.24,0.17,0.0,0.289,-0.141,-0.261,Tag 0,0.4089535425937768
2026-01-21 15:40:33.839,0.45,面罩把手,0.24,0.83,0.0,0.337,0.611,0.375,Tag 1,0.44496629085808287
2026-01-21 15:40:33.889,0.6,锤子,0.24,0.17,0.0,0.227,-0.283,-0.163,Tag 0,0.48160876237875905
2026-01-21 15:40:33.889,0.45,面罩把手,0.24,0.83,0.0,0.337,0.611,0.375,Tag 1,0.44496629085808287
2026-01-21 15:40:33.939,0.6,锤子,0.24,0.17,0.0,0.227,-0.283,-0.163,Tag 0,0.48160876237875905
2026-01-21 15:40:33.939,0.4,钢刷,0.24,0.46,0.0,0.227,0.587,0.336,Tag 1,0.35943566879206634
2026-01-21 15:40:33.989,0.6,锤子,0.24,0.17,0.0,0.144,-0.34,-0.073,Tag 0,0.5240658355588541
2026-01-21 15:40:33.989,0.4,钢刷,0.24,0.46,0.0,0.227,0.587,0.336,Tag 1,0.35943566879206634
2026-01-21 15:40:34.038,0.6,锤子,0.24,0.17,0.0,0.144,-0.34,-0.073,Tag 0,0.5240658355588541
2026-01-21 15:40:34.038,0.4,钢刷,0.24,0.46,0.0,0.129,0.537,0.314,Tag 1,0.34182744184749125
2026-01-21 15:40:34.090,0.4,钢刷,0.24,0.46,0.0,0.129,0.537,0.314,Tag 1,0.34182744184749125
2026-01-21 15:40:34.139,0.4,钢刷,0.24,0.46,0.0,0.033,0.475,0.324,Tag 1,0.3847726601514198
2026-01-21 15:40:34.190,0.4,钢刷,0.24,0.46,0.0,0.033,0.475,0.324,Tag 1,0.3847726601514198
2026-01-21 15:40:34.239,0.6,锤子,0.24,0.17,0.0,-0.063,0.412,0.317,Tag 1,0.5008612582342539
2026-01-21 15:40:34.289,0.6,锤子,0.24,0.17,0.0,-0.063,0.412,0.317,Tag 1,0.5008612582342539
2026-01-21 15:40:34.338,0.6,锤子,0.24,0.17,0.0,-0.125,0.331,0.308,Tag 1,0.5039940475838975
2026-01-21 15:40:34.390,0.6,锤子,0.24,0.17,0.0,-0.125,0.331,0.308,Tag 1,0.5039940475838975
2026-01-21 15:40:34.441,0.6,锤子,0.24,0.17,0.0,-0.176,0.256,0.213,Tag 1,0.4752062710023932
2026-01-21 15:40:34.488,0.6,锤子,0.24,0.17,0.0,-0.176,0.256,0.213,Tag 1,0.4752062710023932
2026-01-21 15:40:34.539,0.6,锤子,0.24,0.17,0.0,-0.226,0.116,0.158,Tag 1,0.49501111098641004
2026-01-21 15:40:34.589,0.6,锤子,0.24,0.17,0.0,-0.226,0.116,0.158,Tag 1,0.49501111098641004
2026-01-21 15:40:34.639,0.6,锤子,0.24,0.17,0.0,-0.285,-0.067,0.119,Tag 1,0.588179394402762
2026-01-21 15:40:34.690,0.6,锤子,0.24,0.17,0.0,-0.285,-0.067,0.119,Tag 1,0.588179394402762
2026-01-21 15:40:35.538,0.6,锤子,0.24,0.17,0.0,-0.182,-0.104,0.098,Tag 1,0.5126051111723331
2026-01-21 15:40:35.589,0.6,锤子,0.24,0.17,0.0,-0.182,-0.104,0.098,Tag 1,0.5126051111723331
2026-01-21 15:40:35.640,0.6,锤子,0.24,0.17,0.0,-0.093,-0.01,0.209,Tag 1,0.43240027752072496
2026-01-21 15:40:35.689,0.6,锤子,0.24,0.17,0.0,-0.093,-0.01,0.209,Tag 1,0.43240027752072496
2026-01-21 15:40:35.740,0.6,锤子,0.24,0.17,0.0,0.023,0.064,0.331,Tag 1,0.4097389412784682
2026-01-21 15:40:35.789,0.6,锤子,0.24,0.17,0.0,0.023,0.064,0.331,Tag 1,0.4097389412784682
2026-01-21 15:40:35.840,0.6,锤子,0.24,0.17,0.0,0.153,0.132,0.442,Tag 1,0.45208074500027096
2026-01-21 15:40:35.888,0.6,锤子,0.24,0.17,0.0,0.153,0.132,0.442,Tag 1,0.45208074500027096
2026-01-21 15:40:35.939,0.6,锤子,0.24,0.17,0.0,0.299,0.163,0.53,Tag 1,0.5333197914947466
2026-01-21 15:40:35.988,0.6,锤子,0.24,0.17,0.0,0.299,0.163,0.53,Tag 1,0.5333197914947466
