时间,报警阈值(米),报警点名称,报警点X(米),报警点Y(米),报警点Z(米),标签X(米),标签Y(米),标签Z(米),标签号,
"2026-01-21 16:03:26.860",0.400,"灭火器把手",2.840,0.690,0.500,2.592,0.590,0.735,"T1",
"2026-01-21 16:03:26.961",0.400,"灭火器把手",2.840,0.690,0.500,2.624,0.585,0.717,"T1",
"2026-01-21 16:03:27.060",0.400,"灭火器把手",2.840,0.690,0.500,2.651,0.647,0.665,"T1",
"2026-01-21 16:03:27.160",0.400,"灭火器把手",2.840,0.690,0.500,2.678,0.640,0.641,"T1",
"2026-01-21 16:03:27.260",0.400,"灭火器把手",2.840,0.690,0.500,2.701,0.635,0.616,"T1",
"2026-01-21 16:03:27.360",0.400,"灭火器把手",2.840,0.690,0.500,2.725,0.628,0.581,"T1",
"2026-01-21 16:03:27.460",0.400,"灭火器把手",2.840,0.690,0.500,2.736,0.638,0.594,"T1",
"2026-01-21 16:03:27.559",0.400,"油箱顶部",2.860,0.420,0.250,2.762,0.629,0.551,"T1",
"2026-01-21 16:03:27.559",0.400,"灭火器把手",2.840,0.690,0.500,2.762,0.629,0.551,"T1",
"2026-01-21 16:03:27.661",0.400,"油箱顶部",2.860,0.420,0.250,2.785,0.622,0.514,"T1",
"2026-01-21 16:03:27.661",0.400,"灭火器把手",2.840,0.690,0.500,2.785,0.622,0.514,"T1",
"2026-01-21 16:03:27.760",0.400,"油箱顶部",2.860,0.420,0.250,2.804,0.617,0.483,"T1",
"2026-01-21 16:03:27.760",0.400,"灭火器把手",2.840,0.690,0.500,2.804,0.617,0.483,"T1",
"2026-01-21 16:03:27.810",0.400,"灭火器把手",2.840,0.690,0.500,3.183,0.733,0.331,"T0",
"2026-01-21 16:03:27.860",0.400,"油箱顶部",2.860,0.420,0.250,2.820,0.611,0.455,"T1",
"2026-01-21 16:03:27.860",0.400,"灭火器把手",2.840,0.690,0.500,2.820,0.611,0.455,"T1",
"2026-01-21 16:03:27.912",0.400,"灭火器把手",2.840,0.690,0.500,3.156,0.730,0.332,"T0",
"2026-01-21 16:03:27.960",0.400,"油箱顶部",2.860,0.420,0.250,2.833,0.606,0.433,"T1",
"2026-01-21 16:03:27.960",0.400,"灭火器把手",2.840,0.690,0.500,2.833,0.606,0.433,"T1",
"2026-01-21 16:03:28.010",0.400,"灭火器把手",2.840,0.690,0.500,3.132,0.729,0.333,"T0",
"2026-01-21 16:03:28.060",0.400,"油箱顶部",2.860,0.420,0.250,2.844,0.603,0.415,"T1",
"2026-01-21 16:03:28.060",0.400,"灭火器把手",2.840,0.690,0.500,2.844,0.603,0.415,"T1",
"2026-01-21 16:03:28.111",0.400,"灭火器把手",2.840,0.690,0.500,3.114,0.729,0.331,"T0",
"2026-01-21 16:03:28.160",0.400,"油箱顶部",2.860,0.420,0.250,2.852,0.601,0.400,"T1",
"2026-01-21 16:03:28.160",0.400,"灭火器把手",2.840,0.690,0.500,2.852,0.601,0.400,"T1",
"2026-01-21 16:03:28.210",0.400,"油箱顶部",2.860,0.420,0.250,3.099,0.729,0.323,"T0",
"2026-01-21 16:03:28.210",0.400,"灭火器把手",2.840,0.690,0.500,3.099,0.729,0.323,"T0",
"2026-01-21 16:03:28.259",0.400,"油箱顶部",2.860,0.420,0.250,2.855,0.602,0.388,"T1",
"2026-01-21 16:03:28.259",0.400,"灭火器把手",2.840,0.690,0.500,2.855,0.602,0.388,"T1",
"2026-01-21 16:03:28.311",0.400,"油箱顶部",2.860,0.420,0.250,3.095,0.728,0.319,"T0",
"2026-01-21 16:03:28.311",0.400,"灭火器把手",2.840,0.690,0.500,3.095,0.728,0.319,"T0",
"2026-01-21 16:03:28.361",0.400,"油箱顶部",2.860,0.420,0.250,2.854,0.602,0.379,"T1",
"2026-01-21 16:03:28.361",0.400,"灭火器把手",2.840,0.690,0.500,2.854,0.602,0.379,"T1",
"2026-01-21 16:03:28.410",0.400,"油箱顶部",2.860,0.420,0.250,3.095,0.728,0.310,"T0",
"2026-01-21 16:03:28.410",0.400,"灭火器把手",2.840,0.690,0.500,3.095,0.728,0.310,"T0",
"2026-01-21 16:03:28.461",0.400,"油箱顶部",2.860,0.420,0.250,2.851,0.601,0.367,"T1",
"2026-01-21 16:03:28.461",0.400,"灭火器把手",2.840,0.690,0.500,2.851,0.601,0.367,"T1",
"2026-01-21 16:03:28.510",0.400,"灭火器把手",2.840,0.690,0.500,3.115,0.728,0.301,"T0",
"2026-01-21 16:03:28.560",0.400,"油箱顶部",2.860,0.420,0.250,2.844,0.603,0.362,"T1",
"2026-01-21 16:03:28.560",0.400,"灭火器把手",2.840,0.690,0.500,2.844,0.603,0.362,"T1",
"2026-01-21 16:03:28.610",0.400,"灭火器把手",2.840,0.690,0.500,3.127,0.729,0.298,"T0",
"2026-01-21 16:03:28.660",0.400,"油箱顶部",2.860,0.420,0.250,2.831,0.604,0.360,"T1",
"2026-01-21 16:03:28.660",0.400,"灭火器把手",2.840,0.690,0.500,2.831,0.604,0.360,"T1",
"2026-01-21 16:03:28.710",0.400,"灭火器把手",2.840,0.690,0.500,3.151,0.732,0.301,"T0",
"2026-01-21 16:03:28.760",0.400,"油箱顶部",2.860,0.420,0.250,2.809,0.608,0.362,"T1",
"2026-01-21 16:03:28.760",0.400,"灭火器把手",2.840,0.690,0.500,2.809,0.608,0.362,"T1",
"2026-01-21 16:03:28.811",0.400,"灭火器把手",2.840,0.690,0.500,3.183,0.738,0.304,"T0",
"2026-01-21 16:03:28.860",0.400,"油箱顶部",2.860,0.420,0.250,2.783,0.613,0.228,"T1",
"2026-01-21 16:03:28.860",0.400,"灭火器把手",2.840,0.690,0.500,2.783,0.613,0.228,"T1",
"2026-01-21 16:03:28.960",0.400,"油箱顶部",2.860,0.420,0.250,2.755,0.620,0.088,"T1",
"2026-01-21 16:03:29.060",0.400,"油箱顶部",2.860,0.420,0.250,2.725,0.629,-0.047,"T1",
"2026-01-21 16:03:29.660",0.400,"油箱顶部",2.860,0.420,0.250,2.653,0.654,0.121,"T1",
"2026-01-21 16:03:29.760",0.400,"油箱顶部",2.860,0.420,0.250,2.666,0.648,0.265,"T1",
"2026-01-21 16:03:29.760",0.400,"灭火器把手",2.840,0.690,0.500,2.666,0.648,0.265,"T1",
"2026-01-21 16:03:29.861",0.400,"油箱顶部",2.860,0.420,0.250,2.684,0.644,0.407,"T1",
"2026-01-21 16:03:29.861",0.400,"灭火器把手",2.840,0.690,0.500,2.684,0.644,0.407,"T1",
"2026-01-21 16:03:29.960",0.400,"油箱顶部",2.860,0.420,0.250,2.709,0.639,0.396,"T1",
"2026-01-21 16:03:29.960",0.400,"灭火器把手",2.840,0.690,0.500,2.709,0.639,0.396,"T1",
"2026-01-21 16:03:30.011",0.400,"灭火器把手",2.840,0.690,0.500,3.206,0.759,0.423,"T0",
"2026-01-21 16:03:30.060",0.400,"油箱顶部",2.860,0.420,0.250,2.737,0.638,0.387,"T1",
"2026-01-21 16:03:30.060",0.400,"灭火器把手",2.840,0.690,0.500,2.737,0.638,0.387,"T1",
"2026-01-21 16:03:30.111",0.400,"灭火器把手",2.840,0.690,0.500,3.177,0.758,0.433,"T0",
"2026-01-21 16:03:30.161",0.400,"油箱顶部",2.860,0.420,0.250,2.764,0.640,0.383,"T1",
"2026-01-21 16:03:30.161",0.400,"灭火器把手",2.840,0.690,0.500,2.764,0.640,0.383,"T1",
"2026-01-21 16:03:30.210",0.400,"灭火器把手",2.840,0.690,0.500,3.161,0.761,0.430,"T0",
"2026-01-21 16:03:30.260",0.400,"油箱顶部",2.860,0.420,0.250,2.793,0.643,0.382,"T1",
"2026-01-21 16:03:30.260",0.400,"灭火器把手",2.840,0.690,0.500,2.793,0.643,0.382,"T1",
"2026-01-21 16:03:30.310",0.400,"灭火器把手",2.840,0.690,0.500,3.150,0.770,0.418,"T0",
"2026-01-21 16:03:30.361",0.400,"油箱顶部",2.860,0.420,0.250,2.823,0.648,0.381,"T1",
"2026-01-21 16:03:30.361",0.400,"灭火器把手",2.840,0.690,0.500,2.823,0.648,0.381,"T1",
"2026-01-21 16:03:30.410",0.400,"灭火器把手",2.840,0.690,0.500,3.141,0.780,0.405,"T0",
"2026-01-21 16:03:30.459",0.400,"油箱顶部",2.860,0.420,0.250,2.847,0.655,0.370,"T1",
"2026-01-21 16:03:30.459",0.400,"灭火器把手",2.840,0.690,0.500,2.847,0.655,0.370,"T1",
"2026-01-21 16:03:30.509",0.400,"灭火器把手",2.840,0.690,0.500,3.132,0.803,0.333,"T0",
"2026-01-21 16:03:30.559",0.400,"油箱顶部",2.860,0.420,0.250,2.864,0.664,0.359,"T1",
"2026-01-21 16:03:30.559",0.400,"灭火器把手",2.840,0.690,0.500,2.864,0.664,0.359,"T1",
"2026-01-21 16:03:30.609",0.400,"灭火器把手",2.840,0.690,0.500,3.133,0.816,0.314,"T0",
"2026-01-21 16:03:30.660",0.400,"油箱顶部",2.860,0.420,0.250,2.878,0.667,0.348,"T1",
"2026-01-21 16:03:30.660",0.400,"灭火器把手",2.840,0.690,0.500,2.878,0.667,0.348,"T1",
"2026-01-21 16:03:30.710",0.400,"灭火器把手",2.840,0.690,0.500,3.130,0.830,0.295,"T0",
"2026-01-21 16:03:30.761",0.400,"油箱顶部",2.860,0.420,0.250,2.890,0.670,0.328,"T1",
"2026-01-21 16:03:30.762",0.400,"灭火器把手",2.840,0.690,0.500,2.890,0.670,0.328,"T1",
"2026-01-21 16:03:30.811",0.400,"灭火器把手",2.840,0.690,0.500,3.119,0.844,0.283,"T0",
"2026-01-21 16:03:30.860",0.400,"油箱顶部",2.860,0.420,0.250,2.897,0.672,0.312,"T1",
"2026-01-21 16:03:30.860",0.400,"灭火器把手",2.840,0.690,0.500,2.897,0.672,0.312,"T1",
"2026-01-21 16:03:30.959",0.400,"油箱顶部",2.860,0.420,0.250,2.897,0.669,0.298,"T1",
"2026-01-21 16:03:30.959",0.400,"灭火器把手",2.840,0.690,0.500,2.897,0.669,0.298,"T1",
"2026-01-21 16:03:31.009",0.400,"灭火器把手",2.840,0.690,0.500,3.107,0.852,0.281,"T0",
"2026-01-21 16:03:31.060",0.400,"油箱顶部",2.860,0.420,0.250,2.897,0.662,0.295,"T1",
"2026-01-21 16:03:31.060",0.400,"灭火器把手",2.840,0.690,0.500,2.897,0.662,0.295,"T1",
"2026-01-21 16:03:31.111",0.400,"灭火器把手",2.840,0.690,0.500,3.094,0.855,0.292,"T0",
"2026-01-21 16:03:31.161",0.400,"油箱顶部",2.860,0.420,0.250,2.899,0.651,0.304,"T1",
"2026-01-21 16:03:31.161",0.400,"灭火器把手",2.840,0.690,0.500,2.899,0.651,0.304,"T1",
"2026-01-21 16:03:31.210",0.400,"灭火器把手",2.840,0.690,0.500,3.084,0.844,0.366,"T0",
"2026-01-21 16:03:31.259",0.400,"油箱顶部",2.860,0.420,0.250,2.898,0.640,0.317,"T1",
"2026-01-21 16:03:31.259",0.400,"灭火器把手",2.840,0.690,0.500,2.898,0.640,0.317,"T1",
"2026-01-21 16:03:31.311",0.400,"灭火器把手",2.840,0.690,0.500,3.075,0.842,0.387,"T0",
"2026-01-21 16:03:31.360",0.400,"油箱顶部",2.860,0.420,0.250,2.894,0.629,0.341,"T1",
"2026-01-21 16:03:31.360",0.400,"灭火器把手",2.840,0.690,0.500,2.894,0.629,0.341,"T1",
"2026-01-21 16:03:31.411",0.400,"灭火器把手",2.840,0.690,0.500,3.075,0.833,0.417,"T0",
"2026-01-21 16:03:31.460",0.400,"油箱顶部",2.860,0.420,0.250,2.889,0.620,0.360,"T1",
"2026-01-21 16:03:31.460",0.400,"灭火器把手",2.840,0.690,0.500,2.889,0.620,0.360,"T1",
"2026-01-21 16:03:31.510",0.400,"灭火器把手",2.840,0.690,0.500,3.080,0.822,0.449,"T0",
"2026-01-21 16:03:31.561",0.400,"油箱顶部",2.860,0.420,0.250,2.883,0.613,0.380,"T1",
"2026-01-21 16:03:31.561",0.400,"灭火器把手",2.840,0.690,0.500,2.883,0.613,0.380,"T1",
"2026-01-21 16:03:31.609",0.400,"灭火器把手",2.840,0.690,0.500,3.087,0.811,0.480,"T0",
"2026-01-21 16:03:31.660",0.400,"油箱顶部",2.860,0.420,0.250,2.875,0.610,0.393,"T1",
"2026-01-21 16:03:31.660",0.400,"灭火器把手",2.840,0.690,0.500,2.875,0.610,0.393,"T1",
"2026-01-21 16:03:31.710",0.400,"灭火器把手",2.840,0.690,0.500,3.093,0.801,0.504,"T0",
"2026-01-21 16:03:31.759",0.400,"油箱顶部",2.860,0.420,0.250,2.866,0.609,0.397,"T1",
"2026-01-21 16:03:31.759",0.400,"灭火器把手",2.840,0.690,0.500,2.866,0.609,0.397,"T1",
"2026-01-21 16:03:31.810",0.400,"灭火器把手",2.840,0.690,0.500,3.099,0.793,0.525,"T0",
"2026-01-21 16:03:31.910",0.400,"灭火器把手",2.840,0.690,0.500,3.107,0.785,0.542,"T0",
"2026-01-21 16:03:31.960",0.400,"油箱顶部",2.860,0.420,0.250,2.859,0.608,0.398,"T1",
"2026-01-21 16:03:31.960",0.400,"灭火器把手",2.840,0.690,0.500,2.859,0.608,0.398,"T1",
"2026-01-21 16:03:32.010",0.400,"灭火器把手",2.840,0.690,0.500,3.112,0.779,0.558,"T0",
"2026-01-21 16:03:32.061",0.400,"油箱顶部",2.860,0.420,0.250,2.854,0.608,0.394,"T1",
"2026-01-21 16:03:32.061",0.400,"灭火器把手",2.840,0.690,0.500,2.854,0.608,0.394,"T1",
"2026-01-21 16:03:32.110",0.400,"灭火器把手",2.840,0.690,0.500,3.118,0.774,0.573,"T0",
"2026-01-21 16:03:32.161",0.400,"油箱顶部",2.860,0.420,0.250,2.851,0.608,0.393,"T1",
"2026-01-21 16:03:32.161",0.400,"灭火器把手",2.840,0.690,0.500,2.851,0.608,0.393,"T1",
"2026-01-21 16:03:32.210",0.400,"灭火器把手",2.840,0.690,0.500,3.122,0.770,0.583,"T0",
"2026-01-21 16:03:32.259",0.400,"油箱顶部",2.860,0.420,0.250,2.850,0.607,0.388,"T1",
"2026-01-21 16:03:32.259",0.400,"灭火器把手",2.840,0.690,0.500,2.850,0.607,0.388,"T1",
"2026-01-21 16:03:32.309",0.400,"灭火器把手",2.840,0.690,0.500,3.127,0.767,0.592,"T0",
"2026-01-21 16:03:32.360",0.400,"油箱顶部",2.860,0.420,0.250,2.851,0.606,0.383,"T1",
"2026-01-21 16:03:32.360",0.400,"灭火器把手",2.840,0.690,0.500,2.851,0.606,0.383,"T1",
"2026-01-21 16:03:32.410",0.400,"灭火器把手",2.840,0.690,0.500,3.130,0.762,0.600,"T0",
"2026-01-21 16:03:32.460",0.400,"油箱顶部",2.860,0.420,0.250,2.851,0.603,0.378,"T1",
"2026-01-21 16:03:32.460",0.400,"灭火器把手",2.840,0.690,0.500,2.851,0.603,0.378,"T1",
"2026-01-21 16:03:32.510",0.400,"灭火器把手",2.840,0.690,0.500,3.130,0.760,0.609,"T0",
"2026-01-21 16:03:32.559",0.400,"油箱顶部",2.860,0.420,0.250,2.850,0.603,0.375,"T1",
"2026-01-21 16:03:32.559",0.400,"灭火器把手",2.840,0.690,0.500,2.850,0.603,0.375,"T1",
"2026-01-21 16:03:32.610",0.400,"灭火器把手",2.840,0.690,0.500,3.133,0.759,0.615,"T0",
"2026-01-21 16:03:32.660",0.400,"油箱顶部",2.860,0.420,0.250,2.848,0.602,0.372,"T1",
"2026-01-21 16:03:32.660",0.400,"灭火器把手",2.840,0.690,0.500,2.848,0.602,0.372,"T1",
"2026-01-21 16:03:32.709",0.400,"灭火器把手",2.840,0.690,0.500,3.133,0.758,0.617,"T0",
"2026-01-21 16:03:32.760",0.400,"油箱顶部",2.860,0.420,0.250,2.848,0.601,0.366,"T1",
"2026-01-21 16:03:32.760",0.400,"灭火器把手",2.840,0.690,0.500,2.848,0.601,0.366,"T1",
"2026-01-21 16:03:32.810",0.400,"灭火器把手",2.840,0.690,0.500,3.132,0.756,0.622,"T0",
"2026-01-21 16:03:32.860",0.400,"油箱顶部",2.860,0.420,0.250,2.848,0.601,0.364,"T1",
"2026-01-21 16:03:32.860",0.400,"灭火器把手",2.840,0.690,0.500,2.848,0.601,0.364,"T1",
"2026-01-21 16:03:32.911",0.400,"灭火器把手",2.840,0.690,0.500,3.132,0.755,0.625,"T0",
"2026-01-21 16:03:32.960",0.400,"油箱顶部",2.860,0.420,0.250,2.847,0.600,0.358,"T1",
"2026-01-21 16:03:32.960",0.400,"灭火器把手",2.840,0.690,0.500,2.847,0.600,0.358,"T1",
"2026-01-21 16:03:33.011",0.400,"灭火器把手",2.840,0.690,0.500,3.131,0.755,0.629,"T0",
"2026-01-21 16:03:33.059",0.400,"油箱顶部",2.860,0.420,0.250,2.848,0.599,0.354,"T1",
"2026-01-21 16:03:33.060",0.400,"灭火器把手",2.840,0.690,0.500,2.848,0.599,0.354,"T1",
"2026-01-21 16:03:33.110",0.400,"灭火器把手",2.840,0.690,0.500,3.132,0.751,0.630,"T0",
"2026-01-21 16:03:33.161",0.400,"油箱顶部",2.860,0.420,0.250,2.847,0.599,0.346,"T1",
"2026-01-21 16:03:33.161",0.400,"灭火器把手",2.840,0.690,0.500,2.847,0.599,0.346,"T1",
"2026-01-21 16:03:33.209",0.400,"灭火器把手",2.840,0.690,0.500,3.131,0.749,0.627,"T0",
"2026-01-21 16:03:33.260",0.400,"油箱顶部",2.860,0.420,0.250,2.846,0.599,0.342,"T1",
"2026-01-21 16:03:33.260",0.400,"灭火器把手",2.840,0.690,0.500,2.846,0.599,0.342,"T1",
"2026-01-21 16:03:33.311",0.400,"灭火器把手",2.840,0.690,0.500,3.132,0.747,0.627,"T0",
"2026-01-21 16:03:33.360",0.400,"油箱顶部",2.860,0.420,0.250,2.845,0.599,0.339,"T1",
"2026-01-21 16:03:33.360",0.400,"灭火器把手",2.840,0.690,0.500,2.845,0.599,0.339,"T1",
"2026-01-21 16:03:33.411",0.400,"灭火器把手",2.840,0.690,0.500,3.133,0.746,0.623,"T0",
"2026-01-21 16:03:33.460",0.400,"油箱顶部",2.860,0.420,0.250,2.841,0.597,0.340,"T1",
"2026-01-21 16:03:33.460",0.400,"灭火器把手",2.840,0.690,0.500,2.841,0.597,0.340,"T1",
"2026-01-21 16:03:33.510",0.400,"灭火器把手",2.840,0.690,0.500,3.131,0.745,0.621,"T0",
"2026-01-21 16:03:33.559",0.400,"油箱顶部",2.860,0.420,0.250,2.839,0.598,0.341,"T1",
"2026-01-21 16:03:33.560",0.400,"灭火器把手",2.840,0.690,0.500,2.839,0.598,0.341,"T1",
"2026-01-21 16:03:33.609",0.400,"灭火器把手",2.840,0.690,0.500,3.130,0.746,0.618,"T0",
"2026-01-21 16:03:33.659",0.400,"油箱顶部",2.860,0.420,0.250,2.839,0.599,0.346,"T1",
"2026-01-21 16:03:33.659",0.400,"灭火器把手",2.840,0.690,0.500,2.839,0.599,0.346,"T1",
"2026-01-21 16:03:33.711",0.400,"灭火器把手",2.840,0.690,0.500,3.125,0.751,0.618,"T0",
"2026-01-21 16:03:33.760",0.400,"油箱顶部",2.860,0.420,0.250,2.834,0.603,0.364,"T1",
"2026-01-21 16:03:33.760",0.400,"灭火器把手",2.840,0.690,0.500,2.834,0.603,0.364,"T1",
"2026-01-21 16:03:33.809",0.400,"灭火器把手",2.840,0.690,0.500,3.121,0.756,0.618,"T0",
"2026-01-21 16:03:33.861",0.400,"油箱顶部",2.860,0.420,0.250,2.818,0.614,0.400,"T1",
"2026-01-21 16:03:33.861",0.400,"灭火器把手",2.840,0.690,0.500,2.818,0.614,0.400,"T1",
"2026-01-21 16:03:33.910",0.400,"灭火器把手",2.840,0.690,0.500,3.124,0.762,0.609,"T0",
"2026-01-21 16:03:33.960",0.400,"油箱顶部",2.860,0.420,0.250,2.790,0.635,0.459,"T1",
"2026-01-21 16:03:33.960",0.400,"灭火器把手",2.840,0.690,0.500,2.790,0.635,0.459,"T1",
"2026-01-21 16:03:34.010",0.400,"灭火器把手",2.840,0.690,0.500,3.130,0.769,0.596,"T0",
"2026-01-21 16:03:34.060",0.400,"油箱顶部",2.860,0.420,0.250,2.745,0.667,0.541,"T1",
"2026-01-21 16:03:34.060",0.400,"灭火器把手",2.840,0.690,0.500,2.745,0.667,0.541,"T1",
"2026-01-21 16:03:34.109",0.400,"灭火器把手",2.840,0.690,0.500,3.144,0.776,0.577,"T0",
"2026-01-21 16:03:34.160",0.400,"灭火器把手",2.840,0.690,0.500,2.717,0.696,0.633,"T1",
"2026-01-21 16:03:34.210",0.400,"灭火器把手",2.840,0.690,0.500,3.163,0.781,0.562,"T0",
"2026-01-21 16:03:34.261",0.400,"灭火器把手",2.840,0.690,0.500,2.700,0.720,0.728,"T1",
"2026-01-21 16:03:34.309",0.400,"灭火器把手",2.840,0.690,0.500,3.171,0.780,0.556,"T0",
"2026-01-21 16:03:34.360",0.400,"灭火器把手",2.840,0.690,0.500,2.695,0.728,0.820,"T1",
"2026-01-21 16:03:34.410",0.400,"灭火器把手",2.840,0.690,0.500,3.170,0.780,0.580,"T0",
"2026-01-21 16:03:34.510",0.400,"灭火器把手",2.840,0.690,0.500,3.159,0.778,0.631,"T0",
"2026-01-21 16:03:34.609",0.400,"灭火器把手",2.840,0.690,0.500,3.126,0.772,0.705,"T0",
"2026-01-21 16:03:34.711",0.400,"灭火器把手",2.840,0.690,0.500,3.066,0.757,0.807,"T0",
"2026-01-21 16:03:39.260",0.400,"油箱顶部",2.860,0.420,0.250,2.621,0.257,0.513,"T1",
"2026-01-21 16:03:39.360",0.400,"油箱顶部",2.860,0.420,0.250,2.642,0.278,0.490,"T1",
"2026-01-21 16:03:39.460",0.400,"油箱顶部",2.860,0.420,0.250,2.669,0.288,0.471,"T1",
"2026-01-21 16:03:39.559",0.400,"油箱顶部",2.860,0.420,0.250,2.693,0.290,0.451,"T1",
"2026-01-21 16:03:39.659",0.400,"油箱顶部",2.860,0.420,0.250,2.707,0.292,0.479,"T1",
"2026-01-21 16:03:39.760",0.400,"油箱顶部",2.860,0.420,0.250,2.726,0.276,0.476,"T1",
"2026-01-21 16:03:39.860",0.400,"油箱顶部",2.860,0.420,0.250,2.746,0.262,0.475,"T1",
"2026-01-21 16:03:39.960",0.400,"油箱顶部",2.860,0.420,0.250,2.768,0.248,0.479,"T1",
"2026-01-21 16:03:40.059",0.400,"油箱顶部",2.860,0.420,0.250,2.788,0.243,0.483,"T1",
"2026-01-21 16:03:40.160",0.400,"油箱顶部",2.860,0.420,0.250,2.815,0.248,0.491,"T1",
"2026-01-21 16:03:40.260",0.400,"油箱顶部",2.860,0.420,0.250,2.829,0.260,0.499,"T1",
"2026-01-21 16:03:40.359",0.400,"油箱顶部",2.860,0.420,0.250,2.812,0.307,0.579,"T1",
"2026-01-21 16:03:40.359",0.400,"灭火器把手",2.840,0.690,0.500,2.812,0.307,0.579,"T1",
"2026-01-21 16:03:40.460",0.400,"油箱顶部",2.860,0.420,0.250,2.818,0.321,0.587,"T1",
"2026-01-21 16:03:40.460",0.400,"灭火器把手",2.840,0.690,0.500,2.818,0.321,0.587,"T1",
"2026-01-21 16:03:40.560",0.400,"油箱顶部",2.860,0.420,0.250,2.805,0.333,0.611,"T1",
"2026-01-21 16:03:40.560",0.400,"灭火器把手",2.840,0.690,0.500,2.805,0.333,0.611,"T1",
"2026-01-21 16:03:40.608",0.400,"油箱顶部",2.860,0.420,0.250,3.163,0.403,0.011,"T0",
"2026-01-21 16:03:40.660",0.400,"油箱顶部",2.860,0.420,0.250,2.784,0.339,0.627,"T1",
"2026-01-21 16:03:40.660",0.400,"灭火器把手",2.840,0.690,0.500,2.784,0.339,0.627,"T1",
"2026-01-21 16:03:40.710",0.400,"油箱顶部",2.860,0.420,0.250,3.137,0.407,0.055,"T0",
"2026-01-21 16:03:40.760",0.400,"灭火器把手",2.840,0.690,0.500,2.743,0.340,0.644,"T1",
"2026-01-21 16:03:40.810",0.400,"油箱顶部",2.860,0.420,0.250,3.107,0.409,0.107,"T0",
"2026-01-21 16:03:40.860",0.400,"灭火器把手",2.840,0.690,0.500,2.699,0.356,0.645,"T1",
"2026-01-21 16:03:40.910",0.400,"油箱顶部",2.860,0.420,0.250,3.075,0.401,0.176,"T0",
"2026-01-21 16:03:40.959",0.400,"油箱顶部",2.860,0.420,0.250,2.679,0.319,0.578,"T1",
"2026-01-21 16:03:41.010",0.400,"油箱顶部",2.860,0.420,0.250,3.036,0.388,0.259,"T0",
"2026-01-21 16:03:41.109",0.400,"油箱顶部",2.860,0.420,0.250,2.986,0.372,0.352,"T0",
"2026-01-21 16:03:41.109",0.400,"灭火器把手",2.840,0.690,0.500,2.986,0.372,0.352,"T0",
"2026-01-21 16:03:41.210",0.400,"油箱顶部",2.860,0.420,0.250,2.910,0.348,0.443,"T0",
"2026-01-21 16:03:41.210",0.400,"灭火器把手",2.840,0.690,0.500,2.910,0.348,0.443,"T0",
"2026-01-21 16:03:41.310",0.400,"油箱顶部",2.860,0.420,0.250,2.826,0.324,0.507,"T0",
"2026-01-21 16:03:41.310",0.400,"灭火器把手",2.840,0.690,0.500,2.826,0.324,0.507,"T0",
"2026-01-21 16:03:41.409",0.400,"油箱顶部",2.860,0.420,0.250,2.734,0.221,0.571,"T0",
"2026-01-21 16:03:50.210",0.400,"焊把钳下端",3.020,1.150,1.560,2.771,0.901,1.448,"T0",
"2026-01-21 16:03:50.308",0.400,"焊把钳下端",3.020,1.150,1.560,2.764,0.983,1.514,"T0",
"2026-01-21 16:03:50.410",0.400,"焊把钳下端",3.020,1.150,1.560,2.773,1.060,1.581,"T0",
"2026-01-21 16:03:50.509",0.400,"焊把钳下端",3.020,1.150,1.560,2.813,1.113,1.609,"T0",
"2026-01-21 16:03:50.609",0.400,"焊把钳下端",3.020,1.150,1.560,2.848,1.161,1.618,"T0",
"2026-01-21 16:03:50.711",0.400,"焊把钳下端",3.020,1.150,1.560,2.853,1.235,1.619,"T0",
"2026-01-21 16:03:50.711",0.400,"接地夹下端",3.020,1.530,1.610,2.853,1.235,1.619,"T0",
"2026-01-21 16:03:50.810",0.400,"焊把钳下端",3.020,1.150,1.560,2.820,1.341,1.618,"T0",
"2026-01-21 16:03:50.810",0.400,"接地夹下端",3.020,1.530,1.610,2.820,1.341,1.618,"T0",
"2026-01-21 16:03:50.910",0.400,"接地夹下端",3.020,1.530,1.610,2.765,1.455,1.607,"T0",
"2026-01-21 16:03:51.009",0.400,"接地夹下端",3.020,1.530,1.610,2.660,1.606,1.591,"T0",
"2026-01-21 16:04:02.911",0.400,"焊把钳下端",3.020,1.150,1.560,3.097,0.839,1.404,"T0",
"2026-01-21 16:04:03.009",0.400,"焊把钳下端",3.020,1.150,1.560,3.093,0.973,1.442,"T0",
"2026-01-21 16:04:03.108",0.400,"焊把钳下端",3.020,1.150,1.560,3.025,1.159,1.487,"T0",
"2026-01-21 16:04:03.108",0.400,"接地夹下端",3.020,1.530,1.610,3.025,1.159,1.487,"T0",
"2026-01-21 16:04:03.209",0.400,"焊把钳下端",3.020,1.150,1.560,2.888,1.395,1.518,"T0",
"2026-01-21 16:04:03.209",0.400,"接地夹下端",3.020,1.530,1.610,2.888,1.395,1.518,"T0",
"2026-01-21 16:04:03.309",0.400,"接地夹下端",3.020,1.530,1.610,2.704,1.657,1.520,"T0",
"2026-01-21 16:04:03.760",0.400,"焊机电源",1.450,2.100,0.390,1.258,2.375,0.548,"T1",
"2026-01-21 16:04:03.859",0.400,"焊机电源",1.450,2.100,0.390,1.348,2.260,0.704,"T1",
"2026-01-21 16:04:12.409",0.400,"焊机电源",1.450,2.100,0.390,1.139,2.346,0.399,"T0",
"2026-01-21 16:04:12.508",0.400,"焊机电源",1.450,2.100,0.390,1.220,2.268,0.605,"T0",
"2026-01-21 16:04:18.458",0.400,"接地夹下端",3.020,1.530,1.610,2.669,1.493,1.431,"T1",
"2026-01-21 16:04:18.558",0.400,"接地夹下端",3.020,1.530,1.610,2.789,1.523,1.409,"T1",
"2026-01-21 16:04:18.659",0.400,"接地夹下端",3.020,1.530,1.610,2.915,1.559,1.379,"T1",
"2026-01-21 16:04:18.759",0.400,"接地夹下端",3.020,1.530,1.610,3.016,1.601,1.333,"T1",
"2026-01-21 16:04:18.809",0.400,"接地夹下端",3.020,1.530,1.610,2.717,1.520,1.426,"T0",
"2026-01-21 16:04:18.858",0.400,"接地夹下端",3.020,1.530,1.610,3.107,1.628,1.286,"T1",
"2026-01-21 16:04:18.908",0.400,"接地夹下端",3.020,1.530,1.610,2.813,1.532,1.462,"T0",
"2026-01-21 16:04:19.009",0.400,"接地夹下端",3.020,1.530,1.610,2.909,1.538,1.489,"T0",
"2026-01-21 16:04:19.108",0.400,"焊把钳下端",3.020,1.150,1.560,3.006,1.538,1.503,"T0",
"2026-01-21 16:04:19.108",0.400,"接地夹下端",3.020,1.530,1.610,3.006,1.538,1.503,"T0",
"2026-01-21 16:04:19.209",0.400,"接地夹下端",3.020,1.530,1.610,3.147,1.526,1.493,"T0",
"2026-01-21 16:04:19.309",0.400,"接地夹下端",3.020,1.530,1.610,3.316,1.489,1.451,"T0",
"2026-01-21 16:04:29.209",0.400,"焊把钳下端",3.020,1.150,1.560,2.969,1.198,1.900,"T0",
"2026-01-21 16:04:29.308",0.400,"焊把钳下端",3.020,1.150,1.560,2.925,1.259,1.843,"T0",
"2026-01-21 16:04:29.308",0.400,"接地夹下端",3.020,1.530,1.610,2.925,1.259,1.843,"T0",
"2026-01-21 16:04:29.409",0.400,"焊把钳下端",3.020,1.150,1.560,2.838,1.334,1.794,"T0",
"2026-01-21 16:04:29.409",0.400,"接地夹下端",3.020,1.530,1.610,2.838,1.334,1.794,"T0",
"2026-01-21 16:04:29.509",0.400,"接地夹下端",3.020,1.530,1.610,2.748,1.397,1.746,"T0",
"2026-01-21 16:04:29.607",0.400,"接地夹下端",3.020,1.530,1.610,2.677,1.456,1.700,"T0",
"2026-01-21 16:04:34.108",0.400,"墙壁电源",2.440,2.570,0.970,2.636,2.409,1.049,"T0",
"2026-01-21 16:04:34.207",0.400,"墙壁电源",2.440,2.570,0.970,2.587,2.565,0.988,"T0",
"2026-01-21 16:04:34.308",0.400,"墙壁电源",2.440,2.570,0.970,2.509,2.768,0.803,"T0",
"2026-01-21 16:04:35.408",0.400,"墙壁电源",2.440,2.570,0.970,2.500,2.920,1.132,"T0",
"2026-01-21 16:04:35.508",0.400,"墙壁电源",2.440,2.570,0.970,2.527,2.840,1.180,"T0",
"2026-01-21 16:04:35.607",0.400,"墙壁电源",2.440,2.570,0.970,2.547,2.783,1.201,"T0",
"2026-01-21 16:04:35.708",0.400,"墙壁电源",2.440,2.570,0.970,2.556,2.744,1.203,"T0",
"2026-01-21 16:04:35.808",0.400,"墙壁电源",2.440,2.570,0.970,2.549,2.721,1.193,"T0",
"2026-01-21 16:04:35.908",0.400,"墙壁电源",2.440,2.570,0.970,2.531,2.709,1.177,"T0",
"2026-01-21 16:04:36.007",0.400,"墙壁电源",2.440,2.570,0.970,2.502,2.709,1.157,"T0",
"2026-01-21 16:04:36.108",0.400,"墙壁电源",2.440,2.570,0.970,2.461,2.720,1.127,"T0",
"2026-01-21 16:04:36.158",0.400,"墙壁电源",2.440,2.570,0.970,2.363,2.702,0.634,"T1",
"2026-01-21 16:04:36.208",0.400,"墙壁电源",2.440,2.570,0.970,2.415,2.734,1.094,"T0",
"2026-01-21 16:04:36.308",0.400,"墙壁电源",2.440,2.570,0.970,2.370,2.748,1.065,"T0",
"2026-01-21 16:04:36.357",0.400,"墙壁电源",2.440,2.570,0.970,2.303,2.644,0.654,"T1",
"2026-01-21 16:04:36.408",0.400,"墙壁电源",2.440,2.570,0.970,2.325,2.764,1.034,"T0",
"2026-01-21 16:04:36.457",0.400,"墙壁电源",2.440,2.570,0.970,2.331,2.623,0.684,"T1",
"2026-01-21 16:04:36.508",0.400,"墙壁电源",2.440,2.570,0.970,2.283,2.782,0.999,"T0",
"2026-01-21 16:04:36.557",0.400,"墙壁电源",2.440,2.570,0.970,2.360,2.604,0.711,"T1",
"2026-01-21 16:04:36.607",0.400,"墙壁电源",2.440,2.570,0.970,2.243,2.802,0.961,"T0",
"2026-01-21 16:04:36.657",0.400,"墙壁电源",2.440,2.570,0.970,2.387,2.588,0.725,"T1",
"2026-01-21 16:04:36.708",0.400,"墙壁电源",2.440,2.570,0.970,2.213,2.816,0.927,"T0",
"2026-01-21 16:04:36.758",0.400,"墙壁电源",2.440,2.570,0.970,2.410,2.576,0.725,"T1",
"2026-01-21 16:04:36.807",0.400,"墙壁电源",2.440,2.570,0.970,2.186,2.830,0.892,"T0",
"2026-01-21 16:04:36.856",0.400,"墙壁电源",2.440,2.570,0.970,2.433,2.566,0.716,"T1",
"2026-01-21 16:04:36.957",0.400,"墙壁电源",2.440,2.570,0.970,2.454,2.554,0.714,"T1",
"2026-01-21 16:04:37.058",0.400,"墙壁电源",2.440,2.570,0.970,2.474,2.541,0.718,"T1",
"2026-01-21 16:04:37.158",0.400,"墙壁电源",2.440,2.570,0.970,2.491,2.528,0.720,"T1",
"2026-01-21 16:04:37.257",0.400,"墙壁电源",2.440,2.570,0.970,2.507,2.515,0.727,"T1",
"2026-01-21 16:04:37.357",0.400,"墙壁电源",2.440,2.570,0.970,2.521,2.504,0.734,"T1",
"2026-01-21 16:04:37.458",0.400,"墙壁电源",2.440,2.570,0.970,2.534,2.493,0.744,"T1",
"2026-01-21 16:04:37.557",0.400,"墙壁电源",2.440,2.570,0.970,2.547,2.483,0.755,"T1",
"2026-01-21 16:04:37.656",0.400,"墙壁电源",2.440,2.570,0.970,2.558,2.472,0.769,"T1",
"2026-01-21 16:04:37.758",0.400,"墙壁电源",2.440,2.570,0.970,2.572,2.461,0.783,"T1",
"2026-01-21 16:04:37.858",0.400,"墙壁电源",2.440,2.570,0.970,2.580,2.453,0.796,"T1",
"2026-01-21 16:04:37.957",0.400,"墙壁电源",2.440,2.570,0.970,2.588,2.445,0.810,"T1",
"2026-01-21 16:04:38.057",0.400,"墙壁电源",2.440,2.570,0.970,2.597,2.438,0.821,"T1",
"2026-01-21 16:04:38.158",0.400,"墙壁电源",2.440,2.570,0.970,2.605,2.431,0.828,"T1",
"2026-01-21 16:04:38.257",0.400,"墙壁电源",2.440,2.570,0.970,2.614,2.428,0.830,"T1",
"2026-01-21 16:04:38.357",0.400,"墙壁电源",2.440,2.570,0.970,2.621,2.426,0.829,"T1",
"2026-01-21 16:04:38.457",0.400,"墙壁电源",2.440,2.570,0.970,2.633,2.422,0.831,"T1",
"2026-01-21 16:04:38.558",0.400,"墙壁电源",2.440,2.570,0.970,2.644,2.419,0.831,"T1",
"2026-01-21 16:04:38.656",0.400,"墙壁电源",2.440,2.570,0.970,2.634,2.440,0.826,"T1",
"2026-01-21 16:04:38.708",0.400,"墙壁电源",2.440,2.570,0.970,2.114,2.649,1.122,"T0",
"2026-01-21 16:04:38.757",0.400,"墙壁电源",2.440,2.570,0.970,2.606,2.480,0.812,"T1",
"2026-01-21 16:04:38.808",0.400,"墙壁电源",2.440,2.570,0.970,2.095,2.678,1.081,"T0",
"2026-01-21 16:04:38.857",0.400,"墙壁电源",2.440,2.570,0.970,2.579,2.515,0.803,"T1",
"2026-01-21 16:04:38.958",0.400,"墙壁电源",2.440,2.570,0.970,2.550,2.549,0.796,"T1",
"2026-01-21 16:04:39.058",0.400,"墙壁电源",2.440,2.570,0.970,2.518,2.583,0.784,"T1",
"2026-01-21 16:04:39.157",0.400,"墙壁电源",2.440,2.570,0.970,2.486,2.615,0.772,"T1",
"2026-01-21 16:04:39.258",0.400,"墙壁电源",2.440,2.570,0.970,2.477,2.618,0.767,"T1",
"2026-01-21 16:04:39.357",0.400,"墙壁电源",2.440,2.570,0.970,2.488,2.599,0.773,"T1",
"2026-01-21 16:04:39.457",0.400,"墙壁电源",2.440,2.570,0.970,2.499,2.583,0.775,"T1",
"2026-01-21 16:04:39.558",0.400,"墙壁电源",2.440,2.570,0.970,2.517,2.566,0.788,"T1",
"2026-01-21 16:04:39.658",0.400,"墙壁电源",2.440,2.570,0.970,2.553,2.549,0.815,"T1",
"2026-01-21 16:04:39.756",0.400,"墙壁电源",2.440,2.570,0.970,2.589,2.535,0.840,"T1",
"2026-01-21 16:04:39.857",0.400,"墙壁电源",2.440,2.570,0.970,2.617,2.524,0.860,"T1",
"2026-01-21 16:04:39.958",0.400,"墙壁电源",2.440,2.570,0.970,2.637,2.516,0.873,"T1",
"2026-01-21 16:04:40.058",0.400,"墙壁电源",2.440,2.570,0.970,2.656,2.506,0.882,"T1",
"2026-01-21 16:04:40.157",0.400,"墙壁电源",2.440,2.570,0.970,2.680,2.495,0.882,"T1",
"2026-01-21 16:04:40.257",0.400,"墙壁电源",2.440,2.570,0.970,2.680,2.477,0.876,"T1",
"2026-01-21 16:04:40.357",0.400,"墙壁电源",2.440,2.570,0.970,2.675,2.455,0.881,"T1",
"2026-01-21 16:04:40.457",0.400,"墙壁电源",2.440,2.570,0.970,2.677,2.422,0.905,"T1",
"2026-01-21 16:04:40.556",0.400,"墙壁电源",2.440,2.570,0.970,2.672,2.385,0.937,"T1",
"2026-01-21 16:04:40.656",0.400,"墙壁电源",2.440,2.570,0.970,2.658,2.345,0.972,"T1",
"2026-01-21 16:04:40.758",0.400,"墙壁电源",2.440,2.570,0.970,2.627,2.298,1.010,"T1",
"2026-01-21 16:04:40.856",0.400,"墙壁电源",2.440,2.570,0.970,2.597,2.252,1.044,"T1",
"2026-01-21 16:04:41.208",0.400,"墙壁电源",2.440,2.570,0.970,2.427,2.929,0.822,"T0",
"2026-01-21 16:04:46.407",0.400,"焊机电源",1.450,2.100,0.390,1.359,2.474,0.493,"T0",
"2026-01-21 16:04:47.208",0.400,"焊机电源",1.450,2.100,0.390,1.452,2.356,0.520,"T0",
"2026-01-21 16:04:47.307",0.400,"焊机电源",1.450,2.100,0.390,1.456,2.352,0.265,"T0",
"2026-01-21 16:04:49.707",0.400,"焊机电源",1.450,2.100,0.390,1.490,2.410,0.232,"T0",
"2026-01-21 16:04:49.807",0.400,"焊机电源",1.450,2.100,0.390,1.515,2.426,0.258,"T0",
"2026-01-21 16:04:49.909",0.400,"焊机电源",1.450,2.100,0.390,1.540,2.455,0.543,"T0",
"2026-01-21 16:04:53.308",0.400,"焊机电源",1.450,2.100,0.390,1.583,2.348,0.596,"T0",
"2026-01-21 16:04:53.407",0.400,"焊机电源",1.450,2.100,0.390,1.490,2.395,0.483,"T0",
"2026-01-21 16:04:53.507",0.400,"焊机电源",1.450,2.100,0.390,1.385,2.460,0.370,"T0",
"2026-01-21 16:04:54.507",0.400,"焊机电源",1.450,2.100,0.390,1.137,2.264,0.390,"T0",
"2026-01-21 16:04:54.606",0.400,"焊机电源",1.450,2.100,0.390,1.181,2.162,0.532,"T0",
"2026-01-21 16:04:54.707",0.400,"焊机电源",1.450,2.100,0.390,1.227,2.061,0.687,"T0",
"2026-01-21 16:04:54.856",0.400,"电压电流旋钮",1.560,1.500,0.370,1.617,1.369,0.741,"T1",
"2026-01-21 16:04:55.607",0.400,"焊机电源",1.450,2.100,0.390,1.107,2.067,0.547,"T0",
"2026-01-21 16:04:58.755",0.400,"电压电流旋钮",1.560,1.500,0.370,1.352,1.300,0.582,"T1",
"2026-01-21 16:04:58.857",0.400,"电压电流旋钮",1.560,1.500,0.370,1.356,1.333,0.542,"T1",
"2026-01-21 16:04:58.957",0.400,"电压电流旋钮",1.560,1.500,0.370,1.340,1.382,0.471,"T1",
"2026-01-21 16:04:59.056",0.400,"电压电流旋钮",1.560,1.500,0.370,1.333,1.411,0.438,"T1",
"2026-01-21 16:04:59.157",0.400,"电压电流旋钮",1.560,1.500,0.370,1.335,1.428,0.413,"T1",
"2026-01-21 16:04:59.257",0.400,"电压电流旋钮",1.560,1.500,0.370,1.212,1.589,0.493,"T1",
"2026-01-21 16:04:59.356",0.400,"电压电流旋钮",1.560,1.500,0.370,1.213,1.605,0.457,"T1",
"2026-01-21 16:04:59.456",0.400,"电压电流旋钮",1.560,1.500,0.370,1.230,1.604,0.431,"T1",
"2026-01-21 16:04:59.557",0.400,"电压电流旋钮",1.560,1.500,0.370,1.267,1.575,0.453,"T1",
"2026-01-21 16:04:59.657",0.400,"电压电流旋钮",1.560,1.500,0.370,1.293,1.565,0.456,"T1",
"2026-01-21 16:04:59.757",0.400,"电压电流旋钮",1.560,1.500,0.370,1.323,1.542,0.494,"T1",
"2026-01-21 16:04:59.856",0.400,"电压电流旋钮",1.560,1.500,0.370,1.358,1.470,0.610,"T1",
"2026-01-21 16:04:59.957",0.400,"电压电流旋钮",1.560,1.500,0.370,1.410,1.429,0.697,"T1",
"2026-01-21 16:05:01.557",0.400,"焊把钳下端",3.020,1.150,1.560,2.835,0.961,1.614,"T1",
"2026-01-21 16:05:01.656",0.400,"焊把钳下端",3.020,1.150,1.560,2.916,1.085,1.574,"T1",
"2026-01-21 16:05:01.756",0.400,"焊把钳下端",3.020,1.150,1.560,2.985,1.206,1.526,"T1",
"2026-01-21 16:05:01.756",0.400,"接地夹下端",3.020,1.530,1.610,2.985,1.206,1.526,"T1",
"2026-01-21 16:05:01.808",0.400,"接地夹下端",3.020,1.530,1.610,2.672,1.435,1.708,"T0",
"2026-01-21 16:05:01.857",0.400,"焊把钳下端",3.020,1.150,1.560,3.055,1.320,1.478,"T1",
"2026-01-21 16:05:01.857",0.400,"接地夹下端",3.020,1.530,1.610,3.055,1.320,1.478,"T1",
"2026-01-21 16:05:01.905",0.400,"焊把钳下端",3.020,1.150,1.560,2.877,1.402,1.692,"T0",
"2026-01-21 16:05:01.905",0.400,"接地夹下端",3.020,1.530,1.610,2.877,1.402,1.692,"T0",
"2026-01-21 16:05:01.958",0.400,"焊把钳下端",3.020,1.150,1.560,3.102,1.412,1.437,"T1",
"2026-01-21 16:05:01.958",0.400,"接地夹下端",3.020,1.530,1.610,3.102,1.412,1.437,"T1",
"2026-01-21 16:05:02.006",0.400,"焊把钳下端",3.020,1.150,1.560,3.071,1.379,1.662,"T0",
"2026-01-21 16:05:02.006",0.400,"接地夹下端",3.020,1.530,1.610,3.071,1.379,1.662,"T0",
"2026-01-21 16:05:02.057",0.400,"接地夹下端",3.020,1.530,1.610,3.191,1.471,1.391,"T1",
"2026-01-21 16:05:02.106",0.400,"焊把钳下端",3.020,1.150,1.560,3.257,1.371,1.624,"T0",
"2026-01-21 16:05:02.106",0.400,"接地夹下端",3.020,1.530,1.610,3.257,1.371,1.624,"T0",
"2026-01-21 16:05:02.157",0.400,"接地夹下端",3.020,1.530,1.610,3.280,1.519,1.347,"T1",
"2026-01-21 16:05:04.306",0.400,"焊把钳下端",3.020,1.150,1.560,3.290,1.280,1.814,"T0",
"2026-01-21 16:05:04.406",0.400,"焊把钳下端",3.020,1.150,1.560,3.236,1.280,1.820,"T0",
"2026-01-21 16:05:04.406",0.400,"接地夹下端",3.020,1.530,1.610,3.236,1.280,1.820,"T0",
"2026-01-21 16:05:04.507",0.400,"焊把钳下端",3.020,1.150,1.560,3.153,1.279,1.829,"T0",
"2026-01-21 16:05:04.507",0.400,"接地夹下端",3.020,1.530,1.610,3.153,1.279,1.829,"T0",
"2026-01-21 16:05:04.606",0.400,"焊把钳下端",3.020,1.150,1.560,3.088,1.279,1.831,"T0",
"2026-01-21 16:05:04.606",0.400,"接地夹下端",3.020,1.530,1.610,3.088,1.279,1.831,"T0",
"2026-01-21 16:05:04.706",0.400,"焊把钳下端",3.020,1.150,1.560,3.042,1.280,1.829,"T0",
"2026-01-21 16:05:04.706",0.400,"接地夹下端",3.020,1.530,1.610,3.042,1.280,1.829,"T0",
"2026-01-21 16:05:04.807",0.400,"焊把钳下端",3.020,1.150,1.560,3.005,1.280,1.829,"T0",
"2026-01-21 16:05:04.807",0.400,"接地夹下端",3.020,1.530,1.610,3.005,1.280,1.829,"T0",
"2026-01-21 16:05:04.907",0.400,"焊把钳下端",3.020,1.150,1.560,2.975,1.281,1.826,"T0",
"2026-01-21 16:05:04.907",0.400,"接地夹下端",3.020,1.530,1.610,2.975,1.281,1.826,"T0",
"2026-01-21 16:05:05.005",0.400,"焊把钳下端",3.020,1.150,1.560,2.974,1.283,1.823,"T0",
"2026-01-21 16:05:05.005",0.400,"接地夹下端",3.020,1.530,1.610,2.974,1.283,1.823,"T0",
"2026-01-21 16:05:05.107",0.400,"焊把钳下端",3.020,1.150,1.560,2.943,1.325,1.839,"T0",
"2026-01-21 16:05:05.107",0.400,"接地夹下端",3.020,1.530,1.610,2.943,1.325,1.839,"T0",
"2026-01-21 16:05:05.207",0.400,"焊把钳下端",3.020,1.150,1.560,2.979,1.330,1.834,"T0",
"2026-01-21 16:05:05.207",0.400,"接地夹下端",3.020,1.530,1.610,2.979,1.330,1.834,"T0",
"2026-01-21 16:05:05.307",0.400,"焊把钳下端",3.020,1.150,1.560,3.040,1.336,1.827,"T0",
"2026-01-21 16:05:05.307",0.400,"接地夹下端",3.020,1.530,1.610,3.040,1.336,1.827,"T0",
"2026-01-21 16:05:05.407",0.400,"焊把钳下端",3.020,1.150,1.560,3.093,1.345,1.817,"T0",
"2026-01-21 16:05:05.407",0.400,"接地夹下端",3.020,1.530,1.610,3.093,1.345,1.817,"T0",
"2026-01-21 16:05:05.505",0.400,"焊把钳下端",3.020,1.150,1.560,3.159,1.352,1.807,"T0",
"2026-01-21 16:05:05.505",0.400,"接地夹下端",3.020,1.530,1.610,3.159,1.352,1.807,"T0",
"2026-01-21 16:05:05.607",0.400,"焊把钳下端",3.020,1.150,1.560,3.210,1.359,1.795,"T0",
"2026-01-21 16:05:05.607",0.400,"接地夹下端",3.020,1.530,1.610,3.210,1.359,1.795,"T0",
"2026-01-21 16:05:05.707",0.400,"接地夹下端",3.020,1.530,1.610,3.319,1.329,1.759,"T0",
"2026-01-21 16:05:07.506",0.400,"焊把钳下端",3.020,1.150,1.560,3.202,1.183,1.821,"T0",
"2026-01-21 16:05:07.605",0.400,"焊把钳下端",3.020,1.150,1.560,3.054,1.193,1.842,"T0",
"2026-01-21 16:05:07.656",0.400,"焊把钳下端",3.020,1.150,1.560,3.378,1.323,1.582,"T1",
"2026-01-21 16:05:07.706",0.400,"焊把钳下端",3.020,1.150,1.560,2.905,1.240,1.855,"T0",
"2026-01-21 16:05:07.706",0.400,"接地夹下端",3.020,1.530,1.610,2.905,1.240,1.855,"T0",
"2026-01-21 16:05:07.756",0.400,"焊把钳下端",3.020,1.150,1.560,3.232,1.209,1.681,"T1",
"2026-01-21 16:05:07.756",0.400,"接地夹下端",3.020,1.530,1.610,3.232,1.209,1.681,"T1",
"2026-01-21 16:05:07.857",0.400,"焊把钳下端",3.020,1.150,1.560,3.128,1.127,1.744,"T1",
"2026-01-21 16:05:07.957",0.400,"焊把钳下端",3.020,1.150,1.560,3.074,1.061,1.752,"T1",
"2026-01-21 16:05:08.056",0.400,"焊把钳下端",3.020,1.150,1.560,2.983,1.057,1.749,"T1",
"2026-01-21 16:05:08.157",0.400,"焊把钳下端",3.020,1.150,1.560,2.915,1.080,1.726,"T1",
"2026-01-21 16:05:08.257",0.400,"焊把钳下端",3.020,1.150,1.560,2.863,1.116,1.693,"T1",
"2026-01-21 16:05:08.356",0.400,"焊把钳下端",3.020,1.150,1.560,2.795,1.138,1.663,"T1",
"2026-01-21 16:05:08.456",0.400,"焊把钳下端",3.020,1.150,1.560,2.712,1.151,1.635,"T1",
"2026-01-21 16:05:12.156",0.400,"焊把钳下端",3.020,1.150,1.560,3.124,0.903,1.273,"T1",
"2026-01-21 16:05:16.056",0.400,"待焊钢板",0.810,0.460,0.000,0.876,0.145,0.086,"T1",
"2026-01-21 16:05:16.156",0.400,"待焊钢板",0.810,0.460,0.000,0.872,0.154,-0.133,"T1",
"2026-01-21 16:05:16.756",0.400,"待焊钢板",0.810,0.460,0.000,0.881,0.212,-0.299,"T1",
"2026-01-21 16:05:16.856",0.400,"待焊钢板",0.810,0.460,0.000,0.885,0.216,-0.250,"T1",
"2026-01-21 16:05:16.957",0.400,"待焊钢板",0.810,0.460,0.000,0.888,0.219,-0.189,"T1",
"2026-01-21 16:05:17.057",0.400,"待焊钢板",0.810,0.460,0.000,0.891,0.220,-0.135,"T1",
"2026-01-21 16:05:17.156",0.400,"待焊钢板",0.810,0.460,0.000,0.890,0.228,-0.089,"T1",
"2026-01-21 16:05:17.256",0.400,"待焊钢板",0.810,0.460,0.000,0.885,0.262,-0.053,"T1",
"2026-01-21 16:05:17.355",0.400,"待焊钢板",0.810,0.460,0.000,0.883,0.267,-0.019,"T1",
"2026-01-21 16:05:17.456",0.400,"待焊钢板",0.810,0.460,0.000,0.881,0.273,-0.000,"T1",
"2026-01-21 16:05:17.556",0.400,"待焊钢板",0.810,0.460,0.000,0.880,0.275,-0.000,"T1",
"2026-01-21 16:05:17.656",0.400,"待焊钢板",0.810,0.460,0.000,0.879,0.279,-0.000,"T1",
"2026-01-21 16:05:17.756",0.400,"待焊钢板",0.810,0.460,0.000,0.880,0.280,-0.000,"T1",
"2026-01-21 16:05:17.856",0.400,"待焊钢板",0.810,0.460,0.000,0.885,0.252,-0.000,"T1",
"2026-01-21 16:05:17.956",0.400,"待焊钢板",0.810,0.460,0.000,0.885,0.254,-0.000,"T1",
"2026-01-21 16:05:18.056",0.400,"待焊钢板",0.810,0.460,0.000,0.885,0.252,-0.000,"T1",
"2026-01-21 16:05:18.156",0.400,"待焊钢板",0.810,0.460,0.000,0.883,0.253,-0.000,"T1",
"2026-01-21 16:05:18.256",0.400,"待焊钢板",0.810,0.460,0.000,0.882,0.253,-0.000,"T1",
"2026-01-21 16:05:18.356",0.400,"待焊钢板",0.810,0.460,0.000,0.880,0.255,-0.000,"T1",
"2026-01-21 16:05:18.456",0.400,"待焊钢板",0.810,0.460,0.000,0.879,0.254,-0.000,"T1",
"2026-01-21 16:05:18.557",0.400,"待焊钢板",0.810,0.460,0.000,0.879,0.252,-0.000,"T1",
"2026-01-21 16:05:18.655",0.400,"待焊钢板",0.810,0.460,0.000,0.880,0.250,-0.000,"T1",
"2026-01-21 16:05:18.758",0.400,"待焊钢板",0.810,0.460,0.000,0.879,0.244,-0.000,"T1",
"2026-01-21 16:05:18.855",0.400,"待焊钢板",0.810,0.460,0.000,0.878,0.235,-0.000,"T1",
"2026-01-21 16:05:18.957",0.400,"待焊钢板",0.810,0.460,0.000,0.871,0.189,-0.032,"T1",
"2026-01-21 16:05:19.059",0.400,"待焊钢板",0.810,0.460,0.000,0.857,0.138,-0.083,"T1",
"2026-01-21 16:05:19.156",0.400,"待焊钢板",0.810,0.460,0.000,0.841,0.097,-0.159,"T1",
"2026-01-21 16:05:24.755",0.400,"锤子",0.240,0.170,0.000,-0.002,0.158,-0.128,"T1",
"2026-01-21 16:05:24.856",0.400,"锤子",0.240,0.170,0.000,0.043,0.223,0.038,"T1",
"2026-01-21 16:05:24.956",0.400,"锤子",0.240,0.170,0.000,0.075,0.293,-0.001,"T1",
"2026-01-21 16:05:25.058",0.400,"锤子",0.240,0.170,0.000,0.098,0.365,0.207,"T1",
"2026-01-21 16:05:25.407",0.400,"待焊钢板",0.810,0.460,0.000,0.803,0.724,0.235,"T0",
"2026-01-21 16:05:25.807",0.400,"面罩把手",0.240,0.830,0.000,0.500,0.939,0.068,"T0",
"2026-01-21 16:05:25.907",0.400,"面罩把手",0.240,0.830,0.000,0.385,1.031,-0.051,"T0",
"2026-01-21 16:05:26.006",0.400,"面罩把手",0.240,0.830,0.000,0.282,1.119,0.069,"T0",
"2026-01-21 16:05:27.156",0.400,"锤子",0.240,0.170,0.000,0.430,0.358,0.223,"T1",
"2026-01-21 16:05:27.255",0.400,"待焊钢板",0.810,0.460,0.000,0.446,0.303,0.021,"T1",
"2026-01-21 16:05:27.255",0.400,"锤子",0.240,0.170,0.000,0.446,0.303,0.021,"T1",
"2026-01-21 16:05:27.357",0.400,"锤子",0.240,0.170,0.000,0.467,0.245,-0.163,"T1",
"2026-01-21 16:05:27.455",0.400,"锤子",0.240,0.170,0.000,0.437,0.197,-0.162,"T1",
"2026-01-21 16:05:27.556",0.400,"锤子",0.240,0.170,0.000,0.460,0.085,-0.296,"T1",
"2026-01-21 16:05:27.656",0.400,"锤子",0.240,0.170,0.000,0.425,0.038,-0.117,"T1",
"2026-01-21 16:05:27.755",0.400,"锤子",0.240,0.170,0.000,0.428,-0.038,-0.016,"T1",
"2026-01-21 16:05:27.857",0.400,"锤子",0.240,0.170,0.000,0.421,-0.117,0.073,"T1",
"2026-01-21 16:05:34.354",0.400,"待焊钢板",0.810,0.460,0.000,0.722,0.402,0.375,"T1",
"2026-01-21 16:05:34.455",0.400,"待焊钢板",0.810,0.460,0.000,0.791,0.378,0.174,"T1",
"2026-01-21 16:05:34.556",0.400,"待焊钢板",0.810,0.460,0.000,0.867,0.346,0.191,"T1",
"2026-01-21 16:05:34.656",0.400,"待焊钢板",0.810,0.460,0.000,0.926,0.313,0.207,"T1",
"2026-01-21 16:05:34.755",0.400,"待焊钢板",0.810,0.460,0.000,0.969,0.283,0.234,"T1",
"2026-01-21 16:05:34.855",0.400,"待焊钢板",0.810,0.460,0.000,0.999,0.274,0.269,"T1",
"2026-01-21 16:05:37.605",0.400,"焊把钳下端",3.020,1.150,1.560,3.081,0.988,1.237,"T0",
"2026-01-21 16:05:37.706",0.400,"焊把钳下端",3.020,1.150,1.560,3.036,1.076,1.252,"T0",
"2026-01-21 16:05:37.805",0.400,"焊把钳下端",3.020,1.150,1.560,2.984,1.196,1.246,"T0",
"2026-01-21 16:05:37.905",0.400,"焊把钳下端",3.020,1.150,1.560,2.893,1.345,1.256,"T0",
"2026-01-21 16:05:48.903",0.400,"墙壁电源",2.440,2.570,0.970,2.139,2.328,0.882,"T0",
"2026-01-21 16:05:49.005",0.400,"墙壁电源",2.440,2.570,0.970,2.226,2.286,0.887,"T0",
"2026-01-21 16:05:49.104",0.400,"墙壁电源",2.440,2.570,0.970,2.313,2.258,0.892,"T0",
"2026-01-21 16:05:49.204",0.400,"墙壁电源",2.440,2.570,0.970,2.319,2.335,0.873,"T0",
"2026-01-21 16:05:49.305",0.400,"墙壁电源",2.440,2.570,0.970,2.389,2.347,0.872,"T0",
"2026-01-21 16:05:49.403",0.400,"墙壁电源",2.440,2.570,0.970,2.454,2.376,0.870,"T0",
"2026-01-21 16:05:49.503",0.400,"墙壁电源",2.440,2.570,0.970,2.490,2.431,0.856,"T0",
"2026-01-21 16:05:49.604",0.400,"墙壁电源",2.440,2.570,0.970,2.495,2.507,0.823,"T0",
"2026-01-21 16:05:49.704",0.400,"墙壁电源",2.440,2.570,0.970,2.481,2.590,0.786,"T0",
"2026-01-21 16:05:49.805",0.400,"墙壁电源",2.440,2.570,0.970,2.449,2.680,0.728,"T0",
"2026-01-21 16:05:49.905",0.400,"墙壁电源",2.440,2.570,0.970,2.428,2.743,0.688,"T0",
"2026-01-21 16:05:50.004",0.400,"墙壁电源",2.440,2.570,0.970,2.397,2.800,0.650,"T0",
"2026-01-21 16:05:51.004",0.400,"墙壁电源",2.440,2.570,0.970,2.447,2.848,0.745,"T0",
"2026-01-21 16:05:51.105",0.400,"墙壁电源",2.440,2.570,0.970,2.482,2.832,0.788,"T0",
"2026-01-21 16:05:51.205",0.400,"墙壁电源",2.440,2.570,0.970,2.511,2.820,0.822,"T0",
"2026-01-21 16:05:51.304",0.400,"墙壁电源",2.440,2.570,0.970,2.533,2.810,0.845,"T0",
"2026-01-21 16:05:51.404",0.400,"墙壁电源",2.440,2.570,0.970,2.551,2.802,0.864,"T0",
"2026-01-21 16:05:51.504",0.400,"墙壁电源",2.440,2.570,0.970,2.561,2.800,0.873,"T0",
"2026-01-21 16:05:51.605",0.400,"墙壁电源",2.440,2.570,0.970,2.567,2.800,0.876,"T0",
"2026-01-21 16:05:51.706",0.400,"墙壁电源",2.440,2.570,0.970,2.572,2.802,0.876,"T0",
"2026-01-21 16:05:51.804",0.400,"墙壁电源",2.440,2.570,0.970,2.575,2.806,0.872,"T0",
"2026-01-21 16:05:51.905",0.400,"墙壁电源",2.440,2.570,0.970,2.583,2.805,0.873,"T0",
"2026-01-21 16:05:52.003",0.400,"墙壁电源",2.440,2.570,0.970,2.582,2.811,0.863,"T0",
"2026-01-21 16:05:52.105",0.400,"墙壁电源",2.440,2.570,0.970,2.578,2.822,0.855,"T0",
"2026-01-21 16:05:52.205",0.400,"墙壁电源",2.440,2.570,0.970,2.570,2.833,0.849,"T0",
"2026-01-21 16:05:52.305",0.400,"墙壁电源",2.440,2.570,0.970,2.558,2.844,0.841,"T0",
"2026-01-21 16:05:52.405",0.400,"墙壁电源",2.440,2.570,0.970,2.542,2.858,0.830,"T0",
"2026-01-21 16:05:52.504",0.400,"墙壁电源",2.440,2.570,0.970,2.520,2.879,0.811,"T0",
"2026-01-21 16:05:52.604",0.400,"墙壁电源",2.440,2.570,0.970,2.501,2.898,0.796,"T0",
"2026-01-21 16:05:52.655",0.400,"墙壁电源",2.440,2.570,0.970,2.147,2.350,0.856,"T1",
"2026-01-21 16:05:52.705",0.400,"墙壁电源",2.440,2.570,0.970,2.485,2.910,0.784,"T0",
"2026-01-21 16:05:52.755",0.400,"墙壁电源",2.440,2.570,0.970,2.198,2.294,0.896,"T1",
"2026-01-21 16:05:52.854",0.400,"墙壁电源",2.440,2.570,0.970,2.241,2.246,0.924,"T1",
"2026-01-21 16:05:55.405",0.400,"墙壁电源",2.440,2.570,0.970,2.408,2.760,0.735,"T0",
"2026-01-21 16:05:55.504",0.400,"墙壁电源",2.440,2.570,0.970,2.460,2.674,0.861,"T0",
"2026-01-21 16:05:55.605",0.400,"墙壁电源",2.440,2.570,0.970,2.488,2.588,0.952,"T0",
"2026-01-21 16:05:55.705",0.400,"墙壁电源",2.440,2.570,0.970,2.498,2.508,1.019,"T0",
"2026-01-21 16:05:55.804",0.400,"墙壁电源",2.440,2.570,0.970,2.488,2.434,1.066,"T0",
"2026-01-21 16:05:55.904",0.400,"墙壁电源",2.440,2.570,0.970,2.469,2.366,1.105,"T0",
"2026-01-21 16:05:56.004",0.400,"墙壁电源",2.440,2.570,0.970,2.454,2.304,1.142,"T0",
"2026-01-21 16:05:56.105",0.400,"墙壁电源",2.440,2.570,0.970,2.448,2.247,1.184,"T0",
"2026-01-21 16:05:58.705",0.400,"接地夹下端",3.020,1.530,1.610,2.634,1.482,1.660,"T0",
"2026-01-21 16:05:58.804",0.400,"接地夹下端",3.020,1.530,1.610,2.692,1.457,1.671,"T0",
"2026-01-21 16:05:58.904",0.400,"接地夹下端",3.020,1.530,1.610,2.758,1.440,1.680,"T0",
"2026-01-21 16:05:59.005",0.400,"焊把钳下端",3.020,1.150,1.560,2.812,1.438,1.685,"T0",
"2026-01-21 16:05:59.005",0.400,"接地夹下端",3.020,1.530,1.610,2.812,1.438,1.685,"T0",
"2026-01-21 16:05:59.104",0.400,"焊把钳下端",3.020,1.150,1.560,2.851,1.436,1.700,"T0",
"2026-01-21 16:05:59.104",0.400,"接地夹下端",3.020,1.530,1.610,2.851,1.436,1.700,"T0",
"2026-01-21 16:05:59.205",0.400,"焊把钳下端",3.020,1.150,1.560,2.881,1.433,1.719,"T0",
"2026-01-21 16:05:59.205",0.400,"接地夹下端",3.020,1.530,1.610,2.881,1.433,1.719,"T0",
"2026-01-21 16:05:59.304",0.400,"焊把钳下端",3.020,1.150,1.560,2.910,1.428,1.741,"T0",
"2026-01-21 16:05:59.304",0.400,"接地夹下端",3.020,1.530,1.610,2.910,1.428,1.741,"T0",
"2026-01-21 16:05:59.404",0.400,"焊把钳下端",3.020,1.150,1.560,2.932,1.424,1.768,"T0",
"2026-01-21 16:05:59.404",0.400,"接地夹下端",3.020,1.530,1.610,2.932,1.424,1.768,"T0",
"2026-01-21 16:05:59.605",0.400,"焊把钳下端",3.020,1.150,1.560,2.942,1.418,1.794,"T0",
"2026-01-21 16:05:59.605",0.400,"接地夹下端",3.020,1.530,1.610,2.942,1.418,1.794,"T0",
"2026-01-21 16:05:59.704",0.400,"焊把钳下端",3.020,1.150,1.560,2.951,1.415,1.820,"T0",
"2026-01-21 16:05:59.704",0.400,"接地夹下端",3.020,1.530,1.610,2.951,1.415,1.820,"T0",
"2026-01-21 16:05:59.804",0.400,"焊把钳下端",3.020,1.150,1.560,2.960,1.412,1.846,"T0",
"2026-01-21 16:05:59.804",0.400,"接地夹下端",3.020,1.530,1.610,2.960,1.412,1.846,"T0",
"2026-01-21 16:05:59.904",0.400,"接地夹下端",3.020,1.530,1.610,2.975,1.411,1.870,"T0",
"2026-01-21 16:06:00.004",0.400,"接地夹下端",3.020,1.530,1.610,2.989,1.411,1.891,"T0",
"2026-01-21 16:06:00.105",0.400,"接地夹下端",3.020,1.530,1.610,3.004,1.412,1.908,"T0",
"2026-01-21 16:06:00.205",0.400,"接地夹下端",3.020,1.530,1.610,3.017,1.414,1.919,"T0",
"2026-01-21 16:06:00.306",0.400,"接地夹下端",3.020,1.530,1.610,3.028,1.413,1.926,"T0",
"2026-01-21 16:06:00.403",0.400,"接地夹下端",3.020,1.530,1.610,3.043,1.410,1.928,"T0",
"2026-01-21 16:06:00.504",0.400,"接地夹下端",3.020,1.530,1.610,3.056,1.405,1.927,"T0",
"2026-01-21 16:06:00.603",0.400,"接地夹下端",3.020,1.530,1.610,3.071,1.402,1.922,"T0",
"2026-01-21 16:06:00.704",0.400,"接地夹下端",3.020,1.530,1.610,3.084,1.400,1.917,"T0",
"2026-01-21 16:06:00.804",0.400,"接地夹下端",3.020,1.530,1.610,3.096,1.399,1.912,"T0",
"2026-01-21 16:06:00.904",0.400,"接地夹下端",3.020,1.530,1.610,3.109,1.397,1.906,"T0",
"2026-01-21 16:06:01.005",0.400,"接地夹下端",3.020,1.530,1.610,3.121,1.395,1.901,"T0",
"2026-01-21 16:06:01.103",0.400,"接地夹下端",3.020,1.530,1.610,3.135,1.393,1.897,"T0",
"2026-01-21 16:06:01.205",0.400,"接地夹下端",3.020,1.530,1.610,3.142,1.392,1.894,"T0",
"2026-01-21 16:06:01.304",0.400,"接地夹下端",3.020,1.530,1.610,3.149,1.387,1.884,"T0",
"2026-01-21 16:06:01.405",0.400,"接地夹下端",3.020,1.530,1.610,3.152,1.381,1.870,"T0",
"2026-01-21 16:06:01.503",0.400,"接地夹下端",3.020,1.530,1.610,3.147,1.391,1.865,"T0",
"2026-01-21 16:06:01.605",0.400,"接地夹下端",3.020,1.530,1.610,3.136,1.413,1.865,"T0",
"2026-01-21 16:06:01.704",0.400,"接地夹下端",3.020,1.530,1.610,3.158,1.429,1.854,"T0",
"2026-01-21 16:06:01.805",0.400,"接地夹下端",3.020,1.530,1.610,3.199,1.442,1.837,"T0",
"2026-01-21 16:06:01.904",0.400,"接地夹下端",3.020,1.530,1.610,3.259,1.456,1.815,"T0",
"2026-01-21 16:06:02.004",0.400,"接地夹下端",3.020,1.530,1.610,3.331,1.471,1.790,"T0",
"2026-01-21 16:06:04.403",0.400,"接地夹下端",3.020,1.530,1.610,3.366,1.424,1.592,"T0",
"2026-01-21 16:06:04.504",0.400,"焊把钳下端",3.020,1.150,1.560,3.292,1.413,1.594,"T0",
"2026-01-21 16:06:04.505",0.400,"接地夹下端",3.020,1.530,1.610,3.292,1.413,1.594,"T0",
"2026-01-21 16:06:04.604",0.400,"焊把钳下端",3.020,1.150,1.560,3.233,1.405,1.588,"T0",
"2026-01-21 16:06:04.604",0.400,"接地夹下端",3.020,1.530,1.610,3.233,1.405,1.588,"T0",
"2026-01-21 16:06:04.705",0.400,"焊把钳下端",3.020,1.150,1.560,3.187,1.395,1.577,"T0",
"2026-01-21 16:06:04.705",0.400,"接地夹下端",3.020,1.530,1.610,3.187,1.395,1.577,"T0",
"2026-01-21 16:06:04.805",0.400,"焊把钳下端",3.020,1.150,1.560,3.126,1.383,1.569,"T0",
"2026-01-21 16:06:04.805",0.400,"接地夹下端",3.020,1.530,1.610,3.126,1.383,1.569,"T0",
"2026-01-21 16:06:04.904",0.400,"焊把钳下端",3.020,1.150,1.560,3.079,1.376,1.561,"T0",
"2026-01-21 16:06:04.904",0.400,"接地夹下端",3.020,1.530,1.610,3.079,1.376,1.561,"T0",
"2026-01-21 16:06:05.004",0.400,"焊把钳下端",3.020,1.150,1.560,3.090,1.371,1.551,"T0",
"2026-01-21 16:06:05.004",0.400,"接地夹下端",3.020,1.530,1.610,3.090,1.371,1.551,"T0",
"2026-01-21 16:06:05.104",0.400,"焊把钳下端",3.020,1.150,1.560,3.146,1.369,1.533,"T0",
"2026-01-21 16:06:05.104",0.400,"接地夹下端",3.020,1.530,1.610,3.146,1.369,1.533,"T0",
"2026-01-21 16:06:05.204",0.400,"焊把钳下端",3.020,1.150,1.560,3.213,1.366,1.515,"T0",
"2026-01-21 16:06:05.204",0.400,"接地夹下端",3.020,1.530,1.610,3.213,1.366,1.515,"T0",
"2026-01-21 16:06:05.305",0.400,"焊把钳下端",3.020,1.150,1.560,3.305,1.371,1.492,"T0",
"2026-01-21 16:06:05.305",0.400,"接地夹下端",3.020,1.530,1.610,3.305,1.371,1.492,"T0",
"2026-01-21 16:06:06.104",0.400,"焊把钳下端",3.020,1.150,1.560,3.276,1.384,1.515,"T0",
"2026-01-21 16:06:06.104",0.400,"接地夹下端",3.020,1.530,1.610,3.276,1.384,1.515,"T0",
"2026-01-21 16:06:06.203",0.400,"焊把钳下端",3.020,1.150,1.560,3.068,1.406,1.552,"T0",
"2026-01-21 16:06:06.203",0.400,"接地夹下端",3.020,1.530,1.610,3.068,1.406,1.552,"T0",
"2026-01-21 16:06:06.304",0.400,"焊把钳下端",3.020,1.150,1.560,2.854,1.419,1.578,"T0",
"2026-01-21 16:06:06.304",0.400,"接地夹下端",3.020,1.530,1.610,2.854,1.419,1.578,"T0",
"2026-01-21 16:06:06.405",0.400,"接地夹下端",3.020,1.530,1.610,2.652,1.430,1.588,"T0",
"2026-01-21 16:06:10.155",0.400,"锤子",0.240,0.170,0.000,0.069,-0.144,0.046,"T1",
"2026-01-21 16:06:10.254",0.400,"锤子",0.240,0.170,0.000,0.039,-0.104,0.046,"T1",
"2026-01-21 16:06:10.355",0.400,"锤子",0.240,0.170,0.000,0.047,-0.081,0.000,"T1",
"2026-01-21 16:06:10.454",0.400,"锤子",0.240,0.170,0.000,0.029,-0.052,0.000,"T1",
"2026-01-21 16:06:10.553",0.400,"锤子",0.240,0.170,0.000,0.019,-0.026,-0.000,"T1",
"2026-01-21 16:06:10.655",0.400,"锤子",0.240,0.170,0.000,0.012,-0.008,-0.000,"T1",
"2026-01-21 16:06:10.755",0.400,"锤子",0.240,0.170,0.000,0.011,0.005,0.000,"T1",
"2026-01-21 16:06:10.856",0.400,"锤子",0.240,0.170,0.000,0.010,0.016,0.000,"T1",
"2026-01-21 16:06:10.953",0.400,"锤子",0.240,0.170,0.000,0.012,0.023,0.000,"T1",
"2026-01-21 16:06:11.055",0.400,"锤子",0.240,0.170,0.000,0.014,0.029,0.000,"T1",
"2026-01-21 16:06:11.154",0.400,"锤子",0.240,0.170,0.000,0.018,0.033,0.000,"T1",
"2026-01-21 16:06:11.254",0.400,"锤子",0.240,0.170,0.000,0.019,0.036,0.000,"T1",
"2026-01-21 16:06:11.355",0.400,"锤子",0.240,0.170,0.000,0.018,0.040,0.000,"T1",
"2026-01-21 16:06:11.454",0.400,"锤子",0.240,0.170,0.000,0.006,0.041,-0.000,"T1",
"2026-01-21 16:06:11.554",0.400,"锤子",0.240,0.170,0.000,-0.011,0.044,0.000,"T1",
"2026-01-21 16:06:11.655",0.400,"锤子",0.240,0.170,0.000,-0.036,0.052,-0.000,"T1",
"2026-01-21 16:06:11.753",0.400,"锤子",0.240,0.170,0.000,-0.040,0.002,0.081,"T1",
"2026-01-21 16:06:11.855",0.400,"锤子",0.240,0.170,0.000,-0.048,-0.029,0.154,"T1",
"2026-01-21 16:06:13.503",0.400,"待焊钢板",0.810,0.460,0.000,1.014,0.180,0.192,"T0",
"2026-01-21 16:06:13.703",0.400,"待焊钢板",0.810,0.460,0.000,1.028,0.166,0.023,"T0",
"2026-01-21 16:06:13.805",0.400,"待焊钢板",0.810,0.460,0.000,1.026,0.165,0.010,"T0",
"2026-01-21 16:06:13.905",0.400,"待焊钢板",0.810,0.460,0.000,1.024,0.163,-0.000,"T0",
"2026-01-21 16:06:15.203",0.400,"待焊钢板",0.810,0.460,0.000,0.997,0.172,0.172,"T0",
"2026-01-21 16:06:15.304",0.400,"待焊钢板",0.810,0.460,0.000,0.991,0.192,-0.008,"T0",
"2026-01-21 16:06:15.505",0.400,"待焊钢板",0.810,0.460,0.000,0.984,0.214,-0.186,"T0",
"2026-01-21 16:06:16.103",0.400,"待焊钢板",0.810,0.460,0.000,1.011,0.256,-0.071,"T0",
"2026-01-21 16:06:16.204",0.400,"待焊钢板",0.810,0.460,0.000,1.042,0.262,0.194,"T0",
